ISO-10303-21;
HEADER;
/* Generated by software containing ST-Developer
 * from STEP Tools, Inc. (www.steptools.com) 
 */

FILE_DESCRIPTION(
/* description */ (''),
/* implementation_level */ '2;1');

FILE_NAME(
/* name */ 'support.step',
/* time_stamp */ '2026-02-13T18:56:18+04:00',
/* author */ (''),
/* organization */ (''),
/* preprocessor_version */ 'ST-DEVELOPER v20.1',
/* originating_system */ 'Autodesk Translation Framework v14.24.0.0',
/* authorisation */ '');

FILE_SCHEMA (('AUTOMOTIVE_DESIGN { 1 0 10303 214 3 1 1 }'));
ENDSEC;

DATA;
#10=MECHANICAL_DESIGN_GEOMETRIC_PRESENTATION_REPRESENTATION('',(#17,#18,
#19,#20),#5745);
#11=SHAPE_REPRESENTATION_RELATIONSHIP('SRR','None',#5752,#12);
#12=ADVANCED_BREP_SHAPE_REPRESENTATION('',(#21,#22,#23,#24),#5744);
#13=ELLIPSE('',#2729,5.65685424949238,4.);
#14=ELLIPSE('',#2730,5.65685424949238,4.);
#15=ELLIPSE('',#2733,5.65685424949238,4.);
#16=ELLIPSE('',#2734,5.65685424949238,4.);
#17=STYLED_ITEM('',(#5761),#21);
#18=STYLED_ITEM('',(#5761),#22);
#19=STYLED_ITEM('',(#5761),#23);
#20=STYLED_ITEM('',(#5761),#24);
#21=MANIFOLD_SOLID_BREP('raccord boulon (1)',#2470);
#22=MANIFOLD_SOLID_BREP('Corps41',#2471);
#23=MANIFOLD_SOLID_BREP('Corps43',#2472);
#24=MANIFOLD_SOLID_BREP('Corps44',#2473);
#25=PLANE('',#2553);
#26=PLANE('',#2556);
#27=PLANE('',#2565);
#28=PLANE('',#2568);
#29=PLANE('',#2574);
#30=PLANE('',#2578);
#31=PLANE('',#2579);
#32=PLANE('',#2582);
#33=PLANE('',#2586);
#34=PLANE('',#2590);
#35=PLANE('',#2594);
#36=PLANE('',#2598);
#37=PLANE('',#2602);
#38=PLANE('',#2606);
#39=PLANE('',#2607);
#40=PLANE('',#2613);
#41=PLANE('',#2614);
#42=PLANE('',#2617);
#43=PLANE('',#2619);
#44=PLANE('',#2621);
#45=PLANE('',#2626);
#46=PLANE('',#2631);
#47=PLANE('',#2636);
#48=PLANE('',#2644);
#49=PLANE('',#2648);
#50=PLANE('',#2649);
#51=PLANE('',#2650);
#52=PLANE('',#2657);
#53=PLANE('',#2658);
#54=PLANE('',#2659);
#55=PLANE('',#2660);
#56=PLANE('',#2661);
#57=PLANE('',#2670);
#58=PLANE('',#2674);
#59=PLANE('',#2675);
#60=PLANE('',#2676);
#61=PLANE('',#2680);
#62=PLANE('',#2681);
#63=PLANE('',#2683);
#64=PLANE('',#2684);
#65=PLANE('',#2685);
#66=PLANE('',#2686);
#67=PLANE('',#2687);
#68=PLANE('',#2688);
#69=PLANE('',#2691);
#70=PLANE('',#2694);
#71=PLANE('',#2697);
#72=PLANE('',#2700);
#73=PLANE('',#2701);
#74=PLANE('',#2702);
#75=PLANE('',#2703);
#76=PLANE('',#2704);
#77=PLANE('',#2707);
#78=PLANE('',#2712);
#79=PLANE('',#2713);
#80=PLANE('',#2714);
#81=PLANE('',#2717);
#82=PLANE('',#2718);
#83=PLANE('',#2719);
#84=PLANE('',#2720);
#85=PLANE('',#2721);
#86=PLANE('',#2722);
#87=PLANE('',#2723);
#88=PLANE('',#2724);
#89=PLANE('',#2725);
#90=PLANE('',#2726);
#91=PLANE('',#2740);
#92=PLANE('',#2745);
#93=PLANE('',#2746);
#94=FACE_BOUND('',#715,.T.);
#95=FACE_BOUND('',#716,.T.);
#96=FACE_BOUND('',#724,.T.);
#97=FACE_BOUND('',#731,.T.);
#98=FACE_BOUND('',#735,.T.);
#99=FACE_BOUND('',#739,.T.);
#100=FACE_BOUND('',#741,.T.);
#101=FACE_BOUND('',#760,.T.);
#102=FACE_BOUND('',#761,.T.);
#103=FACE_BOUND('',#762,.T.);
#104=FACE_BOUND('',#763,.T.);
#105=FACE_BOUND('',#784,.T.);
#106=FACE_BOUND('',#786,.T.);
#107=FACE_BOUND('',#790,.T.);
#108=FACE_BOUND('',#791,.T.);
#109=FACE_BOUND('',#792,.T.);
#110=FACE_BOUND('',#793,.T.);
#111=FACE_BOUND('',#794,.T.);
#112=FACE_BOUND('',#795,.T.);
#113=FACE_BOUND('',#802,.T.);
#114=FACE_BOUND('',#822,.T.);
#115=FACE_BOUND('',#823,.T.);
#116=FACE_BOUND('',#824,.T.);
#117=FACE_BOUND('',#832,.T.);
#118=FACE_BOUND('',#833,.T.);
#119=FACE_BOUND('',#838,.T.);
#120=FACE_BOUND('',#841,.T.);
#121=FACE_BOUND('',#843,.T.);
#122=FACE_BOUND('',#844,.T.);
#123=FACE_BOUND('',#856,.T.);
#124=TOROIDAL_SURFACE('',#2530,72.5,2.5);
#125=TOROIDAL_SURFACE('',#2535,72.5,2.5);
#126=TOROIDAL_SURFACE('',#2545,77.5,2.5);
#127=TOROIDAL_SURFACE('',#2547,77.5,2.5);
#128=TOROIDAL_SURFACE('',#2557,77.5,2.5);
#129=TOROIDAL_SURFACE('',#2559,77.5,2.5);
#130=LINE('',#4731,#314);
#131=LINE('',#4736,#315);
#132=LINE('',#4738,#316);
#133=LINE('',#4743,#317);
#134=LINE('',#4747,#318);
#135=LINE('',#4944,#319);
#136=LINE('',#4949,#320);
#137=LINE('',#4951,#321);
#138=LINE('',#4956,#322);
#139=LINE('',#4997,#323);
#140=LINE('',#5000,#324);
#141=LINE('',#5005,#325);
#142=LINE('',#5008,#326);
#143=LINE('',#5100,#327);
#144=LINE('',#5123,#328);
#145=LINE('',#5127,#329);
#146=LINE('',#5130,#330);
#147=LINE('',#5133,#331);
#148=LINE('',#5138,#332);
#149=LINE('',#5139,#333);
#150=LINE('',#5211,#334);
#151=LINE('',#5235,#335);
#152=LINE('',#5239,#336);
#153=LINE('',#5242,#337);
#154=LINE('',#5245,#338);
#155=LINE('',#5250,#339);
#156=LINE('',#5251,#340);
#157=LINE('',#5256,#341);
#158=LINE('',#5262,#342);
#159=LINE('',#5267,#343);
#160=LINE('',#5271,#344);
#161=LINE('',#5277,#345);
#162=LINE('',#5279,#346);
#163=LINE('',#5281,#347);
#164=LINE('',#5287,#348);
#165=LINE('',#5294,#349);
#166=LINE('',#5301,#350);
#167=LINE('',#5308,#351);
#168=LINE('',#5316,#352);
#169=LINE('',#5319,#353);
#170=LINE('',#5322,#354);
#171=LINE('',#5324,#355);
#172=LINE('',#5325,#356);
#173=LINE('',#5328,#357);
#174=LINE('',#5332,#358);
#175=LINE('',#5336,#359);
#176=LINE('',#5340,#360);
#177=LINE('',#5344,#361);
#178=LINE('',#5345,#362);
#179=LINE('',#5348,#363);
#180=LINE('',#5352,#364);
#181=LINE('',#5355,#365);
#182=LINE('',#5357,#366);
#183=LINE('',#5359,#367);
#184=LINE('',#5364,#368);
#185=LINE('',#5368,#369);
#186=LINE('',#5372,#370);
#187=LINE('',#5376,#371);
#188=LINE('',#5380,#372);
#189=LINE('',#5382,#373);
#190=LINE('',#5383,#374);
#191=LINE('',#5386,#375);
#192=LINE('',#5390,#376);
#193=LINE('',#5394,#377);
#194=LINE('',#5398,#378);
#195=LINE('',#5399,#379);
#196=LINE('',#5402,#380);
#197=LINE('',#5406,#381);
#198=LINE('',#5410,#382);
#199=LINE('',#5414,#383);
#200=LINE('',#5415,#384);
#201=LINE('',#5421,#385);
#202=LINE('',#5424,#386);
#203=LINE('',#5427,#387);
#204=LINE('',#5431,#388);
#205=LINE('',#5435,#389);
#206=LINE('',#5439,#390);
#207=LINE('',#5441,#391);
#208=LINE('',#5442,#392);
#209=LINE('',#5448,#393);
#210=LINE('',#5450,#394);
#211=LINE('',#5451,#395);
#212=LINE('',#5455,#396);
#213=LINE('',#5457,#397);
#214=LINE('',#5459,#398);
#215=LINE('',#5460,#399);
#216=LINE('',#5464,#400);
#217=LINE('',#5466,#401);
#218=LINE('',#5468,#402);
#219=LINE('',#5469,#403);
#220=LINE('',#5474,#404);
#221=LINE('',#5480,#405);
#222=LINE('',#5485,#406);
#223=LINE('',#5486,#407);
#224=LINE('',#5487,#408);
#225=LINE('',#5491,#409);
#226=LINE('',#5493,#410);
#227=LINE('',#5494,#411);
#228=LINE('',#5496,#412);
#229=LINE('',#5497,#413);
#230=LINE('',#5499,#414);
#231=LINE('',#5501,#415);
#232=LINE('',#5503,#416);
#233=LINE('',#5504,#417);
#234=LINE('',#5520,#418);
#235=LINE('',#5523,#419);
#236=LINE('',#5526,#420);
#237=LINE('',#5528,#421);
#238=LINE('',#5529,#422);
#239=LINE('',#5535,#423);
#240=LINE('',#5537,#424);
#241=LINE('',#5538,#425);
#242=LINE('',#5540,#426);
#243=LINE('',#5546,#427);
#244=LINE('',#5549,#428);
#245=LINE('',#5552,#429);
#246=LINE('',#5553,#430);
#247=LINE('',#5556,#431);
#248=LINE('',#5557,#432);
#249=LINE('',#5560,#433);
#250=LINE('',#5565,#434);
#251=LINE('',#5567,#435);
#252=LINE('',#5569,#436);
#253=LINE('',#5570,#437);
#254=LINE('',#5574,#438);
#255=LINE('',#5575,#439);
#256=LINE('',#5576,#440);
#257=LINE('',#5579,#441);
#258=LINE('',#5580,#442);
#259=LINE('',#5583,#443);
#260=LINE('',#5584,#444);
#261=LINE('',#5586,#445);
#262=LINE('',#5591,#446);
#263=LINE('',#5596,#447);
#264=LINE('',#5601,#448);
#265=LINE('',#5606,#449);
#266=LINE('',#5610,#450);
#267=LINE('',#5612,#451);
#268=LINE('',#5614,#452);
#269=LINE('',#5615,#453);
#270=LINE('',#5619,#454);
#271=LINE('',#5621,#455);
#272=LINE('',#5623,#456);
#273=LINE('',#5624,#457);
#274=LINE('',#5626,#458);
#275=LINE('',#5627,#459);
#276=LINE('',#5629,#460);
#277=LINE('',#5631,#461);
#278=LINE('',#5635,#462);
#279=LINE('',#5639,#463);
#280=LINE('',#5640,#464);
#281=LINE('',#5641,#465);
#282=LINE('',#5645,#466);
#283=LINE('',#5649,#467);
#284=LINE('',#5651,#468);
#285=LINE('',#5654,#469);
#286=LINE('',#5655,#470);
#287=LINE('',#5658,#471);
#288=LINE('',#5659,#472);
#289=LINE('',#5665,#473);
#290=LINE('',#5666,#474);
#291=LINE('',#5667,#475);
#292=LINE('',#5670,#476);
#293=LINE('',#5671,#477);
#294=LINE('',#5674,#478);
#295=LINE('',#5675,#479);
#296=LINE('',#5677,#480);
#297=LINE('',#5682,#481);
#298=LINE('',#5684,#482);
#299=LINE('',#5686,#483);
#300=LINE('',#5687,#484);
#301=LINE('',#5691,#485);
#302=LINE('',#5693,#486);
#303=LINE('',#5695,#487);
#304=LINE('',#5696,#488);
#305=LINE('',#5698,#489);
#306=LINE('',#5699,#490);
#307=LINE('',#5701,#491);
#308=LINE('',#5702,#492);
#309=LINE('',#5709,#493);
#310=LINE('',#5713,#494);
#311=LINE('',#5717,#495);
#312=LINE('',#5724,#496);
#313=LINE('',#5737,#497);
#314=VECTOR('',#2775,10.);
#315=VECTOR('',#2780,10.);
#316=VECTOR('',#2781,10.);
#317=VECTOR('',#2786,10.);
#318=VECTOR('',#2791,1.49999999999999);
#319=VECTOR('',#2794,10.);
#320=VECTOR('',#2799,10.);
#321=VECTOR('',#2800,10.);
#322=VECTOR('',#2805,10.);
#323=VECTOR('',#2864,10.);
#324=VECTOR('',#2867,10.);
#325=VECTOR('',#2870,10.);
#326=VECTOR('',#2873,10.);
#327=VECTOR('',#2888,10.);
#328=VECTOR('',#2891,10.);
#329=VECTOR('',#2896,10.);
#330=VECTOR('',#2899,10.);
#331=VECTOR('',#2902,10.);
#332=VECTOR('',#2907,10.);
#333=VECTOR('',#2908,10.);
#334=VECTOR('',#2919,10.);
#335=VECTOR('',#2922,10.);
#336=VECTOR('',#2927,10.);
#337=VECTOR('',#2930,10.);
#338=VECTOR('',#2933,10.);
#339=VECTOR('',#2938,10.);
#340=VECTOR('',#2939,10.);
#341=VECTOR('',#2944,1.49999999999999);
#342=VECTOR('',#2953,10.);
#343=VECTOR('',#2960,10.);
#344=VECTOR('',#2965,10.);
#345=VECTOR('',#2974,3.);
#346=VECTOR('',#2977,3.);
#347=VECTOR('',#2980,10.);
#348=VECTOR('',#2987,2.99999999999997);
#349=VECTOR('',#2996,3.00000000000001);
#350=VECTOR('',#3005,2.99999999999997);
#351=VECTOR('',#3014,3.00000000000004);
#352=VECTOR('',#3023,10.);
#353=VECTOR('',#3026,10.);
#354=VECTOR('',#3029,10.);
#355=VECTOR('',#3030,10.);
#356=VECTOR('',#3031,10.);
#357=VECTOR('',#3034,10.);
#358=VECTOR('',#3037,10.);
#359=VECTOR('',#3040,10.);
#360=VECTOR('',#3045,10.);
#361=VECTOR('',#3050,10.);
#362=VECTOR('',#3051,10.);
#363=VECTOR('',#3054,10.);
#364=VECTOR('',#3057,10.);
#365=VECTOR('',#3062,10.);
#366=VECTOR('',#3065,10.);
#367=VECTOR('',#3068,10.);
#368=VECTOR('',#3073,10.);
#369=VECTOR('',#3076,10.);
#370=VECTOR('',#3079,10.);
#371=VECTOR('',#3082,10.);
#372=VECTOR('',#3087,10.);
#373=VECTOR('',#3088,10.);
#374=VECTOR('',#3089,10.);
#375=VECTOR('',#3092,10.);
#376=VECTOR('',#3095,10.);
#377=VECTOR('',#3098,10.);
#378=VECTOR('',#3103,10.);
#379=VECTOR('',#3104,10.);
#380=VECTOR('',#3107,10.);
#381=VECTOR('',#3110,10.);
#382=VECTOR('',#3113,10.);
#383=VECTOR('',#3118,10.);
#384=VECTOR('',#3119,10.);
#385=VECTOR('',#3124,10.);
#386=VECTOR('',#3127,10.);
#387=VECTOR('',#3130,10.);
#388=VECTOR('',#3133,10.);
#389=VECTOR('',#3136,10.);
#390=VECTOR('',#3141,10.);
#391=VECTOR('',#3142,10.);
#392=VECTOR('',#3143,10.);
#393=VECTOR('',#3150,10.);
#394=VECTOR('',#3153,10.);
#395=VECTOR('',#3154,10.);
#396=VECTOR('',#3157,10.);
#397=VECTOR('',#3158,10.);
#398=VECTOR('',#3159,10.);
#399=VECTOR('',#3160,10.);
#400=VECTOR('',#3163,10.);
#401=VECTOR('',#3164,10.);
#402=VECTOR('',#3165,10.);
#403=VECTOR('',#3166,10.);
#404=VECTOR('',#3171,3.);
#405=VECTOR('',#3178,3.);
#406=VECTOR('',#3183,10.);
#407=VECTOR('',#3184,10.);
#408=VECTOR('',#3185,10.);
#409=VECTOR('',#3188,10.);
#410=VECTOR('',#3189,10.);
#411=VECTOR('',#3190,10.);
#412=VECTOR('',#3191,10.);
#413=VECTOR('',#3192,10.);
#414=VECTOR('',#3195,10.);
#415=VECTOR('',#3198,10.);
#416=VECTOR('',#3201,10.);
#417=VECTOR('',#3202,10.);
#418=VECTOR('',#3217,10.);
#419=VECTOR('',#3220,10.);
#420=VECTOR('',#3223,10.);
#421=VECTOR('',#3224,10.);
#422=VECTOR('',#3225,10.);
#423=VECTOR('',#3232,10.);
#424=VECTOR('',#3235,10.);
#425=VECTOR('',#3236,10.);
#426=VECTOR('',#3239,10.);
#427=VECTOR('',#3244,10.);
#428=VECTOR('',#3247,10.);
#429=VECTOR('',#3250,10.);
#430=VECTOR('',#3251,10.);
#431=VECTOR('',#3254,10.);
#432=VECTOR('',#3255,10.);
#433=VECTOR('',#3258,10.);
#434=VECTOR('',#3263,10.);
#435=VECTOR('',#3264,10.);
#436=VECTOR('',#3265,10.);
#437=VECTOR('',#3266,10.);
#438=VECTOR('',#3269,10.);
#439=VECTOR('',#3270,10.);
#440=VECTOR('',#3271,10.);
#441=VECTOR('',#3274,10.);
#442=VECTOR('',#3275,10.);
#443=VECTOR('',#3278,10.);
#444=VECTOR('',#3279,10.);
#445=VECTOR('',#3282,10.);
#446=VECTOR('',#3289,3.09999999999999);
#447=VECTOR('',#3296,3.10000000000002);
#448=VECTOR('',#3303,3.10000000000002);
#449=VECTOR('',#3310,3.09999999999999);
#450=VECTOR('',#3313,10.);
#451=VECTOR('',#3314,10.);
#452=VECTOR('',#3315,10.);
#453=VECTOR('',#3316,10.);
#454=VECTOR('',#3319,10.);
#455=VECTOR('',#3320,10.);
#456=VECTOR('',#3321,10.);
#457=VECTOR('',#3322,10.);
#458=VECTOR('',#3325,10.);
#459=VECTOR('',#3326,10.);
#460=VECTOR('',#3329,10.);
#461=VECTOR('',#3332,10.);
#462=VECTOR('',#3337,2.5);
#463=VECTOR('',#3340,10.);
#464=VECTOR('',#3341,10.);
#465=VECTOR('',#3342,10.);
#466=VECTOR('',#3347,10.);
#467=VECTOR('',#3352,10.);
#468=VECTOR('',#3355,10.);
#469=VECTOR('',#3358,10.);
#470=VECTOR('',#3359,10.);
#471=VECTOR('',#3362,10.);
#472=VECTOR('',#3363,10.);
#473=VECTOR('',#3370,10.);
#474=VECTOR('',#3371,10.);
#475=VECTOR('',#3372,10.);
#476=VECTOR('',#3375,10.);
#477=VECTOR('',#3376,10.);
#478=VECTOR('',#3379,10.);
#479=VECTOR('',#3380,10.);
#480=VECTOR('',#3383,10.);
#481=VECTOR('',#3388,10.);
#482=VECTOR('',#3389,10.);
#483=VECTOR('',#3390,10.);
#484=VECTOR('',#3391,10.);
#485=VECTOR('',#3394,10.);
#486=VECTOR('',#3395,10.);
#487=VECTOR('',#3396,10.);
#488=VECTOR('',#3397,10.);
#489=VECTOR('',#3400,10.);
#490=VECTOR('',#3401,10.);
#491=VECTOR('',#3404,10.);
#492=VECTOR('',#3405,10.);
#493=VECTOR('',#3412,4.);
#494=VECTOR('',#3415,10.);
#495=VECTOR('',#3418,4.);
#496=VECTOR('',#3425,10.);
#497=VECTOR('',#3444,4.);
#498=CYLINDRICAL_SURFACE('',#2499,2.5);
#499=CYLINDRICAL_SURFACE('',#2504,1.49999999999999);
#500=CYLINDRICAL_SURFACE('',#2506,2.5);
#501=CYLINDRICAL_SURFACE('',#2511,1.5);
#502=CYLINDRICAL_SURFACE('',#2538,75.);
#503=CYLINDRICAL_SURFACE('',#2544,70.);
#504=CYLINDRICAL_SURFACE('',#2549,2.5);
#505=CYLINDRICAL_SURFACE('',#2550,2.5);
#506=CYLINDRICAL_SURFACE('',#2561,2.5);
#507=CYLINDRICAL_SURFACE('',#2562,2.5);
#508=CYLINDRICAL_SURFACE('',#2569,1.49999999999999);
#509=CYLINDRICAL_SURFACE('',#2577,5.);
#510=CYLINDRICAL_SURFACE('',#2583,3.);
#511=CYLINDRICAL_SURFACE('',#2584,3.);
#512=CYLINDRICAL_SURFACE('',#2585,5.);
#513=CYLINDRICAL_SURFACE('',#2587,2.99999999999997);
#514=CYLINDRICAL_SURFACE('',#2591,3.00000000000001);
#515=CYLINDRICAL_SURFACE('',#2595,2.99999999999997);
#516=CYLINDRICAL_SURFACE('',#2599,3.00000000000004);
#517=CYLINDRICAL_SURFACE('',#2603,30.);
#518=CYLINDRICAL_SURFACE('',#2611,30.0000000000001);
#519=CYLINDRICAL_SURFACE('',#2618,30.);
#520=CYLINDRICAL_SURFACE('',#2620,30.);
#521=CYLINDRICAL_SURFACE('',#2627,30.);
#522=CYLINDRICAL_SURFACE('',#2632,28.);
#523=CYLINDRICAL_SURFACE('',#2637,28.);
#524=CYLINDRICAL_SURFACE('',#2640,28.);
#525=CYLINDRICAL_SURFACE('',#2645,28.);
#526=CYLINDRICAL_SURFACE('',#2651,3.);
#527=CYLINDRICAL_SURFACE('',#2654,3.);
#528=CYLINDRICAL_SURFACE('',#2667,2.10000002980232);
#529=CYLINDRICAL_SURFACE('',#2671,2.10000002980232);
#530=CYLINDRICAL_SURFACE('',#2690,3.09999999999999);
#531=CYLINDRICAL_SURFACE('',#2693,3.10000000000002);
#532=CYLINDRICAL_SURFACE('',#2696,3.10000000000002);
#533=CYLINDRICAL_SURFACE('',#2699,3.09999999999999);
#534=CYLINDRICAL_SURFACE('',#2705,4.5);
#535=CYLINDRICAL_SURFACE('',#2708,30.);
#536=CYLINDRICAL_SURFACE('',#2710,30.0000000000001);
#537=CYLINDRICAL_SURFACE('',#2715,30.);
#538=CYLINDRICAL_SURFACE('',#2727,4.);
#539=CYLINDRICAL_SURFACE('',#2742,4.);
#540=SPHERICAL_SURFACE('',#2491,2.5);
#541=SPHERICAL_SURFACE('',#2494,2.5);
#542=SPHERICAL_SURFACE('',#2512,2.5);
#543=SPHERICAL_SURFACE('',#2515,2.5);
#544=SPHERICAL_SURFACE('',#2518,2.5);
#545=SPHERICAL_SURFACE('',#2521,2.5);
#546=SPHERICAL_SURFACE('',#2523,2.5);
#547=SPHERICAL_SURFACE('',#2526,2.5);
#548=SPHERICAL_SURFACE('',#2528,2.49999999999998);
#549=SPHERICAL_SURFACE('',#2533,2.5);
#550=SPHERICAL_SURFACE('',#2736,4.);
#551=SPHERICAL_SURFACE('',#2738,4.);
#552=FACE_OUTER_BOUND('',#690,.T.);
#553=FACE_OUTER_BOUND('',#691,.T.);
#554=FACE_OUTER_BOUND('',#692,.T.);
#555=FACE_OUTER_BOUND('',#693,.T.);
#556=FACE_OUTER_BOUND('',#694,.T.);
#557=FACE_OUTER_BOUND('',#695,.T.);
#558=FACE_OUTER_BOUND('',#696,.T.);
#559=FACE_OUTER_BOUND('',#697,.T.);
#560=FACE_OUTER_BOUND('',#698,.T.);
#561=FACE_OUTER_BOUND('',#699,.T.);
#562=FACE_OUTER_BOUND('',#700,.T.);
#563=FACE_OUTER_BOUND('',#701,.T.);
#564=FACE_OUTER_BOUND('',#702,.T.);
#565=FACE_OUTER_BOUND('',#703,.T.);
#566=FACE_OUTER_BOUND('',#704,.T.);
#567=FACE_OUTER_BOUND('',#705,.T.);
#568=FACE_OUTER_BOUND('',#706,.T.);
#569=FACE_OUTER_BOUND('',#707,.T.);
#570=FACE_OUTER_BOUND('',#708,.T.);
#571=FACE_OUTER_BOUND('',#709,.T.);
#572=FACE_OUTER_BOUND('',#710,.T.);
#573=FACE_OUTER_BOUND('',#711,.T.);
#574=FACE_OUTER_BOUND('',#712,.T.);
#575=FACE_OUTER_BOUND('',#713,.T.);
#576=FACE_OUTER_BOUND('',#714,.T.);
#577=FACE_OUTER_BOUND('',#717,.T.);
#578=FACE_OUTER_BOUND('',#718,.T.);
#579=FACE_OUTER_BOUND('',#719,.T.);
#580=FACE_OUTER_BOUND('',#720,.T.);
#581=FACE_OUTER_BOUND('',#721,.T.);
#582=FACE_OUTER_BOUND('',#722,.T.);
#583=FACE_OUTER_BOUND('',#723,.T.);
#584=FACE_OUTER_BOUND('',#725,.T.);
#585=FACE_OUTER_BOUND('',#726,.T.);
#586=FACE_OUTER_BOUND('',#727,.T.);
#587=FACE_OUTER_BOUND('',#728,.T.);
#588=FACE_OUTER_BOUND('',#729,.T.);
#589=FACE_OUTER_BOUND('',#730,.T.);
#590=FACE_OUTER_BOUND('',#732,.T.);
#591=FACE_OUTER_BOUND('',#733,.T.);
#592=FACE_OUTER_BOUND('',#734,.T.);
#593=FACE_OUTER_BOUND('',#736,.T.);
#594=FACE_OUTER_BOUND('',#737,.T.);
#595=FACE_OUTER_BOUND('',#738,.T.);
#596=FACE_OUTER_BOUND('',#740,.T.);
#597=FACE_OUTER_BOUND('',#742,.T.);
#598=FACE_OUTER_BOUND('',#743,.T.);
#599=FACE_OUTER_BOUND('',#744,.T.);
#600=FACE_OUTER_BOUND('',#745,.T.);
#601=FACE_OUTER_BOUND('',#746,.T.);
#602=FACE_OUTER_BOUND('',#747,.T.);
#603=FACE_OUTER_BOUND('',#748,.T.);
#604=FACE_OUTER_BOUND('',#749,.T.);
#605=FACE_OUTER_BOUND('',#750,.T.);
#606=FACE_OUTER_BOUND('',#751,.T.);
#607=FACE_OUTER_BOUND('',#752,.T.);
#608=FACE_OUTER_BOUND('',#753,.T.);
#609=FACE_OUTER_BOUND('',#754,.T.);
#610=FACE_OUTER_BOUND('',#755,.T.);
#611=FACE_OUTER_BOUND('',#756,.T.);
#612=FACE_OUTER_BOUND('',#757,.T.);
#613=FACE_OUTER_BOUND('',#758,.T.);
#614=FACE_OUTER_BOUND('',#759,.T.);
#615=FACE_OUTER_BOUND('',#764,.T.);
#616=FACE_OUTER_BOUND('',#765,.T.);
#617=FACE_OUTER_BOUND('',#766,.T.);
#618=FACE_OUTER_BOUND('',#767,.T.);
#619=FACE_OUTER_BOUND('',#768,.T.);
#620=FACE_OUTER_BOUND('',#769,.T.);
#621=FACE_OUTER_BOUND('',#770,.T.);
#622=FACE_OUTER_BOUND('',#771,.T.);
#623=FACE_OUTER_BOUND('',#772,.T.);
#624=FACE_OUTER_BOUND('',#773,.T.);
#625=FACE_OUTER_BOUND('',#774,.T.);
#626=FACE_OUTER_BOUND('',#775,.T.);
#627=FACE_OUTER_BOUND('',#776,.T.);
#628=FACE_OUTER_BOUND('',#777,.T.);
#629=FACE_OUTER_BOUND('',#778,.T.);
#630=FACE_OUTER_BOUND('',#779,.T.);
#631=FACE_OUTER_BOUND('',#780,.T.);
#632=FACE_OUTER_BOUND('',#781,.T.);
#633=FACE_OUTER_BOUND('',#782,.T.);
#634=FACE_OUTER_BOUND('',#783,.T.);
#635=FACE_OUTER_BOUND('',#785,.T.);
#636=FACE_OUTER_BOUND('',#787,.T.);
#637=FACE_OUTER_BOUND('',#788,.T.);
#638=FACE_OUTER_BOUND('',#789,.T.);
#639=FACE_OUTER_BOUND('',#796,.T.);
#640=FACE_OUTER_BOUND('',#797,.T.);
#641=FACE_OUTER_BOUND('',#798,.T.);
#642=FACE_OUTER_BOUND('',#799,.T.);
#643=FACE_OUTER_BOUND('',#800,.T.);
#644=FACE_OUTER_BOUND('',#801,.T.);
#645=FACE_OUTER_BOUND('',#803,.T.);
#646=FACE_OUTER_BOUND('',#804,.T.);
#647=FACE_OUTER_BOUND('',#805,.T.);
#648=FACE_OUTER_BOUND('',#806,.T.);
#649=FACE_OUTER_BOUND('',#807,.T.);
#650=FACE_OUTER_BOUND('',#808,.T.);
#651=FACE_OUTER_BOUND('',#809,.T.);
#652=FACE_OUTER_BOUND('',#810,.T.);
#653=FACE_OUTER_BOUND('',#811,.T.);
#654=FACE_OUTER_BOUND('',#812,.T.);
#655=FACE_OUTER_BOUND('',#813,.T.);
#656=FACE_OUTER_BOUND('',#814,.T.);
#657=FACE_OUTER_BOUND('',#815,.T.);
#658=FACE_OUTER_BOUND('',#816,.T.);
#659=FACE_OUTER_BOUND('',#817,.T.);
#660=FACE_OUTER_BOUND('',#818,.T.);
#661=FACE_OUTER_BOUND('',#819,.T.);
#662=FACE_OUTER_BOUND('',#820,.T.);
#663=FACE_OUTER_BOUND('',#821,.T.);
#664=FACE_OUTER_BOUND('',#825,.T.);
#665=FACE_OUTER_BOUND('',#826,.T.);
#666=FACE_OUTER_BOUND('',#827,.T.);
#667=FACE_OUTER_BOUND('',#828,.T.);
#668=FACE_OUTER_BOUND('',#829,.T.);
#669=FACE_OUTER_BOUND('',#830,.T.);
#670=FACE_OUTER_BOUND('',#831,.T.);
#671=FACE_OUTER_BOUND('',#834,.T.);
#672=FACE_OUTER_BOUND('',#835,.T.);
#673=FACE_OUTER_BOUND('',#836,.T.);
#674=FACE_OUTER_BOUND('',#837,.T.);
#675=FACE_OUTER_BOUND('',#839,.T.);
#676=FACE_OUTER_BOUND('',#840,.T.);
#677=FACE_OUTER_BOUND('',#842,.T.);
#678=FACE_OUTER_BOUND('',#845,.T.);
#679=FACE_OUTER_BOUND('',#846,.T.);
#680=FACE_OUTER_BOUND('',#847,.T.);
#681=FACE_OUTER_BOUND('',#848,.T.);
#682=FACE_OUTER_BOUND('',#849,.T.);
#683=FACE_OUTER_BOUND('',#850,.T.);
#684=FACE_OUTER_BOUND('',#851,.T.);
#685=FACE_OUTER_BOUND('',#852,.T.);
#686=FACE_OUTER_BOUND('',#853,.T.);
#687=FACE_OUTER_BOUND('',#854,.T.);
#688=FACE_OUTER_BOUND('',#855,.T.);
#689=FACE_OUTER_BOUND('',#857,.T.);
#690=EDGE_LOOP('',(#1613,#1614,#1615,#1616,#1617,#1618));
#691=EDGE_LOOP('',(#1619,#1620,#1621,#1622));
#692=EDGE_LOOP('',(#1623,#1624,#1625));
#693=EDGE_LOOP('',(#1626,#1627,#1628));
#694=EDGE_LOOP('',(#1629,#1630,#1631,#1632));
#695=EDGE_LOOP('',(#1633,#1634,#1635,#1636));
#696=EDGE_LOOP('',(#1637,#1638,#1639,#1640,#1641,#1642));
#697=EDGE_LOOP('',(#1643,#1644));
#698=EDGE_LOOP('',(#1645,#1646,#1647,#1648,#1649,#1650,#1651));
#699=EDGE_LOOP('',(#1652,#1653,#1654,#1655,#1656,#1657,#1658,#1659,#1660,
#1661));
#700=EDGE_LOOP('',(#1662,#1663,#1664,#1665,#1666));
#701=EDGE_LOOP('',(#1667,#1668,#1669,#1670,#1671,#1672,#1673,#1674));
#702=EDGE_LOOP('',(#1675,#1676,#1677,#1678,#1679,#1680,#1681,#1682,#1683,
#1684,#1685,#1686,#1687,#1688));
#703=EDGE_LOOP('',(#1689,#1690,#1691,#1692));
#704=EDGE_LOOP('',(#1693,#1694,#1695));
#705=EDGE_LOOP('',(#1696,#1697,#1698));
#706=EDGE_LOOP('',(#1699,#1700,#1701));
#707=EDGE_LOOP('',(#1702,#1703,#1704));
#708=EDGE_LOOP('',(#1705,#1706,#1707));
#709=EDGE_LOOP('',(#1708,#1709,#1710));
#710=EDGE_LOOP('',(#1711,#1712,#1713));
#711=EDGE_LOOP('',(#1714,#1715,#1716,#1717,#1718,#1719));
#712=EDGE_LOOP('',(#1720,#1721,#1722));
#713=EDGE_LOOP('',(#1723,#1724,#1725,#1726,#1727,#1728));
#714=EDGE_LOOP('',(#1729,#1730,#1731,#1732,#1733,#1734,#1735,#1736,#1737,
#1738));
#715=EDGE_LOOP('',(#1739,#1740,#1741,#1742));
#716=EDGE_LOOP('',(#1743,#1744,#1745,#1746));
#717=EDGE_LOOP('',(#1747,#1748,#1749,#1750));
#718=EDGE_LOOP('',(#1751,#1752,#1753,#1754,#1755,#1756,#1757,#1758,#1759));
#719=EDGE_LOOP('',(#1760,#1761,#1762,#1763,#1764));
#720=EDGE_LOOP('',(#1765,#1766,#1767,#1768,#1769));
#721=EDGE_LOOP('',(#1770,#1771,#1772,#1773));
#722=EDGE_LOOP('',(#1774,#1775,#1776,#1777,#1778,#1779,#1780,#1781));
#723=EDGE_LOOP('',(#1782,#1783,#1784,#1785,#1786,#1787));
#724=EDGE_LOOP('',(#1788));
#725=EDGE_LOOP('',(#1789,#1790,#1791,#1792,#1793));
#726=EDGE_LOOP('',(#1794,#1795,#1796,#1797,#1798));
#727=EDGE_LOOP('',(#1799,#1800,#1801,#1802,#1803));
#728=EDGE_LOOP('',(#1804,#1805,#1806,#1807));
#729=EDGE_LOOP('',(#1808,#1809,#1810,#1811,#1812,#1813,#1814,#1815));
#730=EDGE_LOOP('',(#1816,#1817,#1818,#1819,#1820,#1821));
#731=EDGE_LOOP('',(#1822));
#732=EDGE_LOOP('',(#1823,#1824,#1825,#1826,#1827));
#733=EDGE_LOOP('',(#1828,#1829,#1830,#1831,#1832,#1833,#1834,#1835));
#734=EDGE_LOOP('',(#1836,#1837,#1838,#1839,#1840,#1841,#1842));
#735=EDGE_LOOP('',(#1843));
#736=EDGE_LOOP('',(#1844,#1845,#1846,#1847));
#737=EDGE_LOOP('',(#1848,#1849,#1850,#1851,#1852));
#738=EDGE_LOOP('',(#1853,#1854,#1855,#1856,#1857,#1858,#1859));
#739=EDGE_LOOP('',(#1860));
#740=EDGE_LOOP('',(#1861,#1862));
#741=EDGE_LOOP('',(#1863));
#742=EDGE_LOOP('',(#1864,#1865,#1866,#1867));
#743=EDGE_LOOP('',(#1868,#1869,#1870,#1871));
#744=EDGE_LOOP('',(#1872,#1873,#1874,#1875));
#745=EDGE_LOOP('',(#1876,#1877,#1878,#1879,#1880));
#746=EDGE_LOOP('',(#1881,#1882,#1883,#1884));
#747=EDGE_LOOP('',(#1885));
#748=EDGE_LOOP('',(#1886,#1887,#1888,#1889));
#749=EDGE_LOOP('',(#1890));
#750=EDGE_LOOP('',(#1891,#1892,#1893,#1894));
#751=EDGE_LOOP('',(#1895));
#752=EDGE_LOOP('',(#1896,#1897,#1898,#1899));
#753=EDGE_LOOP('',(#1900));
#754=EDGE_LOOP('',(#1901,#1902,#1903,#1904));
#755=EDGE_LOOP('',(#1905,#1906,#1907,#1908));
#756=EDGE_LOOP('',(#1909,#1910,#1911,#1912,#1913,#1914,#1915,#1916));
#757=EDGE_LOOP('',(#1917,#1918,#1919,#1920));
#758=EDGE_LOOP('',(#1921,#1922,#1923,#1924));
#759=EDGE_LOOP('',(#1925,#1926,#1927,#1928,#1929,#1930,#1931,#1932));
#760=EDGE_LOOP('',(#1933));
#761=EDGE_LOOP('',(#1934));
#762=EDGE_LOOP('',(#1935));
#763=EDGE_LOOP('',(#1936));
#764=EDGE_LOOP('',(#1937,#1938,#1939,#1940));
#765=EDGE_LOOP('',(#1941,#1942,#1943,#1944));
#766=EDGE_LOOP('',(#1945,#1946,#1947,#1948));
#767=EDGE_LOOP('',(#1949,#1950,#1951,#1952));
#768=EDGE_LOOP('',(#1953,#1954,#1955,#1956,#1957,#1958,#1959,#1960));
#769=EDGE_LOOP('',(#1961,#1962,#1963,#1964));
#770=EDGE_LOOP('',(#1965,#1966,#1967,#1968,#1969,#1970,#1971,#1972));
#771=EDGE_LOOP('',(#1973,#1974,#1975,#1976));
#772=EDGE_LOOP('',(#1977,#1978,#1979,#1980,#1981,#1982,#1983,#1984));
#773=EDGE_LOOP('',(#1985,#1986,#1987,#1988));
#774=EDGE_LOOP('',(#1989,#1990,#1991,#1992));
#775=EDGE_LOOP('',(#1993,#1994,#1995,#1996,#1997,#1998,#1999,#2000));
#776=EDGE_LOOP('',(#2001,#2002,#2003,#2004));
#777=EDGE_LOOP('',(#2005,#2006,#2007,#2008));
#778=EDGE_LOOP('',(#2009,#2010,#2011,#2012));
#779=EDGE_LOOP('',(#2013,#2014,#2015,#2016));
#780=EDGE_LOOP('',(#2017,#2018,#2019,#2020));
#781=EDGE_LOOP('',(#2021,#2022,#2023,#2024));
#782=EDGE_LOOP('',(#2025,#2026,#2027,#2028));
#783=EDGE_LOOP('',(#2029,#2030,#2031,#2032));
#784=EDGE_LOOP('',(#2033));
#785=EDGE_LOOP('',(#2034,#2035,#2036,#2037,#2038,#2039));
#786=EDGE_LOOP('',(#2040));
#787=EDGE_LOOP('',(#2041,#2042,#2043,#2044));
#788=EDGE_LOOP('',(#2045,#2046,#2047,#2048));
#789=EDGE_LOOP('',(#2049,#2050,#2051,#2052,#2053,#2054,#2055,#2056));
#790=EDGE_LOOP('',(#2057));
#791=EDGE_LOOP('',(#2058));
#792=EDGE_LOOP('',(#2059));
#793=EDGE_LOOP('',(#2060));
#794=EDGE_LOOP('',(#2061));
#795=EDGE_LOOP('',(#2062,#2063,#2064,#2065,#2066,#2067));
#796=EDGE_LOOP('',(#2068,#2069,#2070,#2071));
#797=EDGE_LOOP('',(#2072,#2073,#2074,#2075));
#798=EDGE_LOOP('',(#2076,#2077,#2078,#2079));
#799=EDGE_LOOP('',(#2080,#2081,#2082,#2083));
#800=EDGE_LOOP('',(#2084,#2085,#2086,#2087));
#801=EDGE_LOOP('',(#2088,#2089,#2090,#2091,#2092,#2093,#2094,#2095));
#802=EDGE_LOOP('',(#2096,#2097,#2098,#2099,#2100,#2101,#2102,#2103));
#803=EDGE_LOOP('',(#2104,#2105,#2106,#2107));
#804=EDGE_LOOP('',(#2108,#2109,#2110,#2111,#2112,#2113,#2114,#2115));
#805=EDGE_LOOP('',(#2116,#2117,#2118,#2119));
#806=EDGE_LOOP('',(#2120,#2121,#2122,#2123));
#807=EDGE_LOOP('',(#2124,#2125,#2126,#2127));
#808=EDGE_LOOP('',(#2128,#2129,#2130,#2131));
#809=EDGE_LOOP('',(#2132,#2133,#2134,#2135));
#810=EDGE_LOOP('',(#2136));
#811=EDGE_LOOP('',(#2137,#2138,#2139,#2140));
#812=EDGE_LOOP('',(#2141));
#813=EDGE_LOOP('',(#2142,#2143,#2144,#2145));
#814=EDGE_LOOP('',(#2146));
#815=EDGE_LOOP('',(#2147,#2148,#2149,#2150));
#816=EDGE_LOOP('',(#2151));
#817=EDGE_LOOP('',(#2152,#2153,#2154,#2155));
#818=EDGE_LOOP('',(#2156,#2157,#2158,#2159));
#819=EDGE_LOOP('',(#2160,#2161,#2162,#2163));
#820=EDGE_LOOP('',(#2164,#2165,#2166,#2167));
#821=EDGE_LOOP('',(#2168,#2169,#2170,#2171));
#822=EDGE_LOOP('',(#2172,#2173,#2174,#2175));
#823=EDGE_LOOP('',(#2176,#2177,#2178,#2179));
#824=EDGE_LOOP('',(#2180,#2181,#2182,#2183));
#825=EDGE_LOOP('',(#2184,#2185,#2186,#2187));
#826=EDGE_LOOP('',(#2188,#2189,#2190,#2191));
#827=EDGE_LOOP('',(#2192,#2193,#2194,#2195));
#828=EDGE_LOOP('',(#2196,#2197,#2198,#2199));
#829=EDGE_LOOP('',(#2200,#2201,#2202,#2203));
#830=EDGE_LOOP('',(#2204,#2205,#2206,#2207));
#831=EDGE_LOOP('',(#2208,#2209,#2210,#2211));
#832=EDGE_LOOP('',(#2212,#2213,#2214,#2215));
#833=EDGE_LOOP('',(#2216,#2217,#2218,#2219));
#834=EDGE_LOOP('',(#2220,#2221,#2222,#2223));
#835=EDGE_LOOP('',(#2224,#2225,#2226,#2227,#2228,#2229,#2230,#2231));
#836=EDGE_LOOP('',(#2232,#2233,#2234,#2235));
#837=EDGE_LOOP('',(#2236,#2237,#2238,#2239));
#838=EDGE_LOOP('',(#2240));
#839=EDGE_LOOP('',(#2241,#2242,#2243,#2244));
#840=EDGE_LOOP('',(#2245,#2246,#2247,#2248));
#841=EDGE_LOOP('',(#2249));
#842=EDGE_LOOP('',(#2250,#2251,#2252,#2253,#2254,#2255,#2256,#2257));
#843=EDGE_LOOP('',(#2258,#2259,#2260,#2261));
#844=EDGE_LOOP('',(#2262));
#845=EDGE_LOOP('',(#2263,#2264,#2265,#2266));
#846=EDGE_LOOP('',(#2267,#2268,#2269,#2270));
#847=EDGE_LOOP('',(#2271,#2272,#2273,#2274));
#848=EDGE_LOOP('',(#2275,#2276,#2277,#2278));
#849=EDGE_LOOP('',(#2279,#2280,#2281,#2282));
#850=EDGE_LOOP('',(#2283,#2284,#2285,#2286,#2287,#2288,#2289,#2290,#2291,
#2292,#2293,#2294,#2295,#2296));
#851=EDGE_LOOP('',(#2297,#2298,#2299,#2300));
#852=EDGE_LOOP('',(#2301,#2302,#2303,#2304));
#853=EDGE_LOOP('',(#2305,#2306));
#854=EDGE_LOOP('',(#2307,#2308,#2309,#2310,#2311,#2312,#2313,#2314,#2315));
#855=EDGE_LOOP('',(#2316));
#856=EDGE_LOOP('',(#2317,#2318,#2319,#2320));
#857=EDGE_LOOP('',(#2321,#2322));
#858=CIRCLE('',#2487,2.50000000000001);
#859=CIRCLE('',#2488,2.99999999999999);
#860=CIRCLE('',#2489,2.49999999999999);
#861=CIRCLE('',#2490,2.50000000000001);
#862=CIRCLE('',#2492,2.49999999999999);
#863=CIRCLE('',#2493,2.5);
#864=CIRCLE('',#2495,2.50000000000002);
#865=CIRCLE('',#2496,2.50000000000001);
#866=CIRCLE('',#2497,2.5);
#867=CIRCLE('',#2498,2.5);
#868=CIRCLE('',#2500,2.50000000000004);
#869=CIRCLE('',#2501,2.5);
#870=CIRCLE('',#2502,2.49999999999997);
#871=CIRCLE('',#2503,2.5);
#872=CIRCLE('',#2505,1.49999999999999);
#873=CIRCLE('',#2507,2.50000000000001);
#874=CIRCLE('',#2508,2.5);
#875=CIRCLE('',#2509,2.49999999999998);
#876=CIRCLE('',#2510,2.5);
#877=CIRCLE('',#2513,2.5);
#878=CIRCLE('',#2514,2.49999999999997);
#879=CIRCLE('',#2516,2.5);
#880=CIRCLE('',#2517,2.5);
#881=CIRCLE('',#2519,2.5);
#882=CIRCLE('',#2520,2.5);
#883=CIRCLE('',#2522,2.5);
#884=CIRCLE('',#2524,2.49999999999997);
#885=CIRCLE('',#2525,2.5);
#886=CIRCLE('',#2527,2.5);
#887=CIRCLE('',#2529,2.49999999999998);
#888=CIRCLE('',#2531,75.);
#889=CIRCLE('',#2532,70.);
#890=CIRCLE('',#2534,2.5);
#891=CIRCLE('',#2536,70.);
#892=CIRCLE('',#2537,75.);
#893=CIRCLE('',#2539,75.);
#894=CIRCLE('',#2540,75.);
#895=CIRCLE('',#2541,75.);
#896=CIRCLE('',#2542,75.);
#897=CIRCLE('',#2543,2.99999999999999);
#898=CIRCLE('',#2546,77.5);
#899=CIRCLE('',#2548,77.5);
#900=CIRCLE('',#2551,2.5);
#901=CIRCLE('',#2552,2.5);
#902=CIRCLE('',#2554,5.);
#903=CIRCLE('',#2555,3.);
#904=CIRCLE('',#2558,77.5);
#905=CIRCLE('',#2560,77.5);
#906=CIRCLE('',#2563,2.5);
#907=CIRCLE('',#2564,2.5);
#908=CIRCLE('',#2566,5.);
#909=CIRCLE('',#2567,3.);
#910=CIRCLE('',#2570,1.49999999999999);
#911=CIRCLE('',#2571,1.49999999999999);
#912=CIRCLE('',#2572,1.49999999999999);
#913=CIRCLE('',#2573,1.49999999999999);
#914=CIRCLE('',#2575,5.);
#915=CIRCLE('',#2576,3.);
#916=CIRCLE('',#2580,5.);
#917=CIRCLE('',#2581,3.);
#918=CIRCLE('',#2588,2.99999999999997);
#919=CIRCLE('',#2589,2.99999999999997);
#920=CIRCLE('',#2592,3.00000000000001);
#921=CIRCLE('',#2593,3.00000000000001);
#922=CIRCLE('',#2596,2.99999999999997);
#923=CIRCLE('',#2597,2.99999999999997);
#924=CIRCLE('',#2600,3.00000000000004);
#925=CIRCLE('',#2601,3.00000000000004);
#926=CIRCLE('',#2604,30.);
#927=CIRCLE('',#2605,30.);
#928=CIRCLE('',#2608,30.);
#929=CIRCLE('',#2609,30.);
#930=CIRCLE('',#2610,30.0000000000001);
#931=CIRCLE('',#2612,30.0000000000001);
#932=CIRCLE('',#2615,30.);
#933=CIRCLE('',#2616,30.);
#934=CIRCLE('',#2622,28.);
#935=CIRCLE('',#2623,30.);
#936=CIRCLE('',#2624,30.);
#937=CIRCLE('',#2625,28.);
#938=CIRCLE('',#2628,30.);
#939=CIRCLE('',#2629,30.);
#940=CIRCLE('',#2630,30.);
#941=CIRCLE('',#2633,28.);
#942=CIRCLE('',#2634,28.);
#943=CIRCLE('',#2635,28.);
#944=CIRCLE('',#2638,28.);
#945=CIRCLE('',#2639,28.);
#946=CIRCLE('',#2641,28.);
#947=CIRCLE('',#2642,28.);
#948=CIRCLE('',#2643,28.);
#949=CIRCLE('',#2646,28.);
#950=CIRCLE('',#2647,28.);
#951=CIRCLE('',#2652,3.);
#952=CIRCLE('',#2653,3.);
#953=CIRCLE('',#2655,3.);
#954=CIRCLE('',#2656,3.);
#955=CIRCLE('',#2662,3.09999999999999);
#956=CIRCLE('',#2663,3.10000000000002);
#957=CIRCLE('',#2664,3.10000000000002);
#958=CIRCLE('',#2665,3.09999999999999);
#959=CIRCLE('',#2666,4.5);
#960=CIRCLE('',#2668,2.10000002980232);
#961=CIRCLE('',#2669,2.10000002980232);
#962=CIRCLE('',#2672,2.10000002980232);
#963=CIRCLE('',#2673,2.10000002980232);
#964=CIRCLE('',#2677,30.0000000000001);
#965=CIRCLE('',#2678,30.);
#966=CIRCLE('',#2679,30.);
#967=CIRCLE('',#2682,30.);
#968=CIRCLE('',#2689,3.09999999999999);
#969=CIRCLE('',#2692,3.10000000000002);
#970=CIRCLE('',#2695,3.10000000000002);
#971=CIRCLE('',#2698,3.09999999999999);
#972=CIRCLE('',#2706,4.5);
#973=CIRCLE('',#2709,30.);
#974=CIRCLE('',#2711,30.0000000000001);
#975=CIRCLE('',#2716,30.);
#976=CIRCLE('',#2728,4.);
#977=CIRCLE('',#2731,4.);
#978=CIRCLE('',#2732,4.);
#979=CIRCLE('',#2735,4.);
#980=CIRCLE('',#2737,4.);
#981=CIRCLE('',#2739,4.);
#982=CIRCLE('',#2741,4.);
#983=CIRCLE('',#2743,4.);
#984=CIRCLE('',#2744,4.);
#985=B_SPLINE_CURVE_WITH_KNOTS('',3,(#3536,#3537,#3538,#3539,#3540),
 .UNSPECIFIED.,.F.,.F.,(4,1,4),(-1.,-0.571428571428571,0.),
 .UNSPECIFIED.);
#986=B_SPLINE_CURVE_WITH_KNOTS('',3,(#3542,#3543,#3544,#3545,#3546,#3547,
#3548,#3549,#3550,#3551,#3552,#3553,#3554,#3555,#3556,#3557,#3558,#3559,
#3560,#3561,#3562,#3563,#3564,#3565,#3566,#3567,#3568,#3569,#3570,#3571,
#3572,#3573,#3574,#3575,#3576,#3577,#3578,#3579,#3580,#3581,#3582,#3583,
#3584,#3585,#3586,#3587,#3588,#3589,#3590,#3591,#3592,#3593,#3594,#3595,
#3596,#3597,#3598,#3599,#3600,#3601,#3602,#3603,#3604,#3605,#3606,#3607,
#3608,#3609,#3610,#3611,#3612,#3613,#3614,#3615,#3616,#3617,#3618,#3619,
#3620,#3621,#3622,#3623,#3624,#3625,#3626,#3627,#3628,#3629,#3630,#3631,
#3632,#3633,#3634,#3635,#3636,#3637,#3638,#3639,#3640,#3641,#3642,#3643,
#3644,#3645,#3646,#3647,#3648,#3649,#3650,#3651,#3652,#3653,#3654,#3655,
#3656,#3657,#3658,#3659,#3660,#3661,#3662,#3663,#3664,#3665,#3666,#3667,
#3668,#3669,#3670,#3671,#3672,#3673,#3674,#3675,#3676,#3677,#3678,#3679,
#3680,#3681,#3682,#3683,#3684,#3685,#3686,#3687,#3688,#3689,#3690,#3691,
#3692),.UNSPECIFIED.,.F.,.F.,(4,3,3,3,3,3,3,3,3,3,3,3,3,3,3,3,3,3,3,3,3,
3,3,3,3,3,3,3,3,3,3,3,3,3,3,3,3,3,3,3,3,3,3,3,3,3,3,3,3,3,4),(0.,0.0420933881446234,
0.0846392696608697,0.127088091673393,0.16890838769328,0.209179946045998,
0.229994988129459,0.268134314511817,0.306622013615903,0.345116840698537,
0.383348851152727,0.415312968790232,0.454347325186653,0.460145478972561,
0.498737293421511,0.537464626723999,0.575899535058636,0.604448103758548,
0.611964565979806,0.617361688271903,0.653946134280806,0.690093809858284,
0.726214763178215,0.762358223381935,0.798322612844798,0.804239160403372,
0.808364288905253,0.843636983461113,0.878785498700084,0.913557338248009,
0.919642110187734,0.954725058636873,0.979116175949477,0.984964349411899,
0.989490780927098,1.02642913658511,1.06364493480931,1.10074694609951,1.13736903389147,
1.14985399713771,1.15871536103367,1.16488779779288,1.16917972420422,1.20597606806013,
1.24339047188537,1.28152743924184,1.31985499168209,1.35000775967338,1.35430179522621,
1.38016052766467,1.38036852297588),.UNSPECIFIED.);
#987=B_SPLINE_CURVE_WITH_KNOTS('',3,(#3694,#3695,#3696,#3697,#3698,#3699,
#3700,#3701,#3702,#3703,#3704,#3705,#3706,#3707,#3708,#3709,#3710,#3711,
#3712,#3713,#3714,#3715,#3716,#3717,#3718,#3719,#3720,#3721,#3722,#3723,
#3724,#3725,#3726,#3727,#3728,#3729,#3730,#3731,#3732,#3733,#3734,#3735,
#3736,#3737,#3738,#3739,#3740,#3741,#3742,#3743,#3744,#3745),
 .UNSPECIFIED.,.F.,.F.,(4,3,3,3,3,3,3,3,3,3,3,3,3,3,3,3,3,4),(-0.449193946078455,
-0.445797833724153,-0.412084308179804,-0.378476490350809,-0.362155811166555,
-0.324458312064557,-0.297469015997815,-0.284828960588628,-0.246571393634724,
-0.218245614175022,-0.187971714993397,-0.162565862556809,-0.140576318796258,
-0.102440124414423,-0.0654327301773775,-0.0291424140375693,0.,0.00339878844879198),
 .UNSPECIFIED.);
#988=B_SPLINE_CURVE_WITH_KNOTS('',3,(#3747,#3748,#3749,#3750,#3751,#3752,
#3753,#3754,#3755,#3756,#3757,#3758,#3759,#3760,#3761,#3762,#3763,#3764,
#3765,#3766,#3767,#3768,#3769,#3770,#3771,#3772,#3773,#3774,#3775,#3776,
#3777,#3778,#3779,#3780,#3781,#3782,#3783,#3784,#3785,#3786,#3787,#3788,
#3789,#3790,#3791,#3792,#3793,#3794,#3795,#3796,#3797,#3798,#3799,#3800,
#3801,#3802,#3803,#3804,#3805,#3806,#3807,#3808,#3809,#3810,#3811,#3812,
#3813,#3814,#3815,#3816,#3817,#3818,#3819,#3820,#3821,#3822,#3823,#3824,
#3825,#3826,#3827,#3828,#3829,#3830,#3831,#3832,#3833,#3834,#3835,#3836,
#3837,#3838,#3839,#3840,#3841,#3842,#3843,#3844,#3845,#3846,#3847,#3848,
#3849,#3850,#3851,#3852,#3853,#3854,#3855,#3856,#3857,#3858,#3859,#3860,
#3861,#3862,#3863,#3864,#3865,#3866,#3867,#3868,#3869,#3870,#3871,#3872,
#3873,#3874,#3875,#3876,#3877,#3878,#3879,#3880,#3881,#3882,#3883,#3884,
#3885,#3886,#3887,#3888,#3889,#3890,#3891,#3892,#3893,#3894,#3895,#3896,
#3897,#3898,#3899,#3900,#3901,#3902,#3903,#3904,#3905,#3906),
 .UNSPECIFIED.,.F.,.F.,(4,3,3,3,3,3,3,3,3,3,3,3,3,3,3,3,3,3,3,3,3,3,3,3,
3,3,3,3,3,3,3,3,3,3,3,3,3,3,3,3,3,3,3,3,3,3,3,3,3,3,3,3,3,4),(1.83921331656736,
1.84022790042774,1.88105511938295,1.92190079814429,1.96233092651745,1.99342216158659,
2.02854145572971,2.06337003483409,2.09788284343345,2.13181957307144,2.14631617655143,
2.16549132160787,2.17570458691167,2.18123658982137,2.18581492795451,2.22171244883978,
2.25780997776907,2.29387136679926,2.29971733700299,2.33628426263164,2.3605172393637,
2.36722739494848,2.37114393563161,2.37498801272256,2.41163471466819,2.44870677983563,
2.48581155284984,2.52267648384429,2.5301480764881,2.55894348163838,2.56430157909591,
2.6026621319981,2.64212442842116,2.68119756827897,2.72085444298465,2.74068288033749,
2.75059709901391,2.75771395736274,2.76051131769032,2.79683408370594,2.83367243899125,
2.87095383809904,2.90854080597165,2.94746262615938,2.95785618220412,2.96214935129907,
3.00338946483194,3.04466380879445,3.08572758029063,3.09123296797726,3.12927459988519,
3.16705053137079,3.20427073011224,3.21991536747353),.UNSPECIFIED.);
#989=B_SPLINE_CURVE_WITH_KNOTS('',3,(#3989,#3990,#3991,#3992,#3993,#3994,
#3995,#3996,#3997,#3998,#3999,#4000,#4001,#4002,#4003,#4004,#4005,#4006,
#4007,#4008,#4009,#4010,#4011,#4012,#4013,#4014,#4015,#4016,#4017,#4018,
#4019,#4020,#4021,#4022,#4023,#4024,#4025,#4026,#4027,#4028,#4029,#4030,
#4031,#4032,#4033,#4034,#4035,#4036,#4037,#4038,#4039,#4040,#4041,#4042,
#4043,#4044,#4045,#4046,#4047,#4048,#4049,#4050,#4051,#4052,#4053,#4054,
#4055,#4056,#4057,#4058,#4059,#4060,#4061,#4062,#4063,#4064,#4065,#4066,
#4067,#4068,#4069,#4070,#4071,#4072,#4073,#4074,#4075,#4076,#4077,#4078,
#4079,#4080,#4081,#4082,#4083,#4084,#4085,#4086,#4087,#4088,#4089,#4090,
#4091,#4092,#4093,#4094,#4095,#4096,#4097,#4098,#4099,#4100,#4101,#4102,
#4103,#4104,#4105,#4106,#4107,#4108,#4109,#4110,#4111,#4112,#4113,#4114,
#4115,#4116,#4117,#4118,#4119,#4120,#4121,#4122,#4123,#4124,#4125,#4126,
#4127,#4128,#4129,#4130,#4131,#4132,#4133,#4134,#4135,#4136,#4137,#4138,
#4139,#4140,#4141,#4142,#4143,#4144,#4145,#4146,#4147,#4148,#4149,#4150,
#4151,#4152,#4153,#4154,#4155,#4156,#4157,#4158,#4159,#4160,#4161,#4162,
#4163,#4164,#4165,#4166,#4167,#4168,#4169,#4170,#4171,#4172,#4173,#4174,
#4175,#4176,#4177,#4178,#4179,#4180,#4181,#4182,#4183,#4184,#4185,#4186,
#4187,#4188,#4189,#4190,#4191,#4192,#4193,#4194,#4195,#4196,#4197,#4198,
#4199,#4200,#4201,#4202,#4203,#4204,#4205,#4206,#4207,#4208,#4209,#4210,
#4211,#4212,#4213,#4214,#4215,#4216,#4217,#4218,#4219,#4220,#4221,#4222,
#4223,#4224,#4225,#4226,#4227,#4228,#4229,#4230,#4231,#4232,#4233,#4234,
#4235,#4236,#4237,#4238,#4239,#4240,#4241,#4242,#4243,#4244,#4245,#4246,
#4247,#4248,#4249,#4250,#4251,#4252,#4253,#4254,#4255,#4256,#4257,#4258,
#4259,#4260,#4261,#4262,#4263,#4264,#4265,#4266,#4267,#4268,#4269,#4270,
#4271),.UNSPECIFIED.,.F.,.F.,(4,3,3,3,3,3,3,3,3,3,3,3,3,3,3,3,3,3,3,3,3,
3,3,3,3,3,3,3,3,3,3,3,3,3,3,3,3,3,3,3,3,3,3,3,3,3,3,3,3,3,3,3,3,3,3,3,3,
3,3,3,3,3,3,3,3,3,3,3,3,3,3,3,3,3,3,3,3,3,3,3,3,3,3,3,3,3,3,3,3,3,3,3,3,
3,4),(-2.23847160322113,-2.22874252667603,-2.22296320929452,-2.18990621933545,
-2.15632777719667,-2.12277851580428,-2.08968127839077,-2.0789435908332,
-2.0732575980998,-2.04024475600489,-2.0068464365451,-1.97350060525378,-1.94612127404468,
-1.94079613008823,-1.91874194283558,-1.88788933390502,-1.85663193193547,
-1.83610963175237,-1.82436400513455,-1.81969640218471,-1.81547861202276,
-1.78226309410642,-1.74889930145386,-1.71563710391213,-1.69245353047067,
-1.66125992372994,-1.63019943094699,-1.59913893816404,-1.56810211795204,
-1.56099948474731,-1.5292065368843,-1.49712556813183,-1.47910228470262,
-1.44656186453459,-1.42483786084829,-1.39216208405455,-1.35895185273769,
-1.32562398808998,-1.29243163002644,-1.27914922573119,-1.27842233338051,
-1.24577217339136,-1.21202328860896,-1.17769758240432,-1.14245118574584,
-1.11930331765672,-1.11923650188785,-1.08306342636862,-1.04749467273388,
-1.01243405470821,-0.978239114832564,-0.960049094503081,-0.95937776243053,
-0.927028034354622,-0.894661414622277,-0.862483929213296,-0.83077788466425,
-0.813631698470348,-0.799580840069818,-0.765756666060634,-0.731831038650696,
-0.698260133234933,-0.677467048945325,-0.646319188581645,-0.639422362742339,
-0.608750262657689,-0.577380372792465,-0.546010482927241,-0.512671566926384,
-0.479209398235223,-0.445863031590401,-0.430099632113271,-0.420874331916649,
-0.416535936125564,-0.385028232462248,-0.352392034117804,-0.321690248771348,
-0.31975583577336,-0.299732090935327,-0.295202839972646,-0.290519908837856,
-0.257387839380784,-0.224174504778135,-0.191870190923614,-0.175718033996354,
-0.1670754850393,-0.162585684921326,-0.159565877069094,-0.126285688687192,
-0.0924740859132409,-0.0587193746864078,-0.0293596873432039,-0.0125497085007374,
-0.00572230190291435,0.),.UNSPECIFIED.);
#990=B_SPLINE_CURVE_WITH_KNOTS('',3,(#4274,#4275,#4276,#4277,#4278,#4279,
#4280,#4281,#4282,#4283,#4284,#4285,#4286,#4287,#4288,#4289,#4290,#4291,
#4292,#4293,#4294,#4295,#4296,#4297,#4298,#4299,#4300,#4301,#4302,#4303,
#4304,#4305,#4306,#4307,#4308,#4309,#4310),.UNSPECIFIED.,.F.,.F.,(4,3,3,
3,3,3,3,3,3,3,3,3,4),(0.0282226316634366,0.089649502456983,0.151076373250529,
0.273930114837622,0.320000267932782,0.396783856424715,0.458210727218261,
0.519637598011808,0.581064468805354,0.6424913395989,0.765345081185993,0.826771951979539,
0.88819882277308),.UNSPECIFIED.);
#991=B_SPLINE_CURVE_WITH_KNOTS('',3,(#4340,#4341,#4342,#4343),
 .UNSPECIFIED.,.F.,.F.,(4,4),(0.260584887181495,0.339478568876865),
 .UNSPECIFIED.);
#992=B_SPLINE_CURVE_WITH_KNOTS('',3,(#4346,#4347,#4348,#4349),
 .UNSPECIFIED.,.F.,.F.,(4,4),(-0.38623026317478,-0.314057431969974),
 .UNSPECIFIED.);
#993=B_SPLINE_CURVE_WITH_KNOTS('',3,(#4370,#4371,#4372,#4373),
 .UNSPECIFIED.,.F.,.F.,(4,4),(-0.314057431969974,-0.243064005342806),
 .UNSPECIFIED.);
#994=B_SPLINE_CURVE_WITH_KNOTS('',3,(#4374,#4375,#4376,#4377),
 .UNSPECIFIED.,.F.,.F.,(4,4),(0.,0.0776096086565013),.UNSPECIFIED.);
#995=B_SPLINE_CURVE_WITH_KNOTS('',3,(#4448,#4449,#4450,#4451,#4452,#4453,
#4454,#4455,#4456,#4457,#4458,#4459,#4460,#4461,#4462,#4463),
 .UNSPECIFIED.,.F.,.F.,(4,1,1,1,1,1,1,1,1,1,1,1,1,4),(-6.04888721921675,
-5.63357912254845,-5.21827102588015,-4.80296292921185,-4.38765483254355,
-3.83391070365248,-3.55703863920695,-3.00329451031588,-2.72642244587035,
-1.89580625253375,-1.48049815586545,-1.06519005919715,-0.649881962528846,
-0.234573865860546),.UNSPECIFIED.);
#996=B_SPLINE_CURVE_WITH_KNOTS('',3,(#4465,#4466,#4467,#4468,#4469,#4470,
#4471,#4472,#4473,#4474),.UNSPECIFIED.,.F.,.F.,(4,2,2,2,4),(-0.629907599608731,
-0.627537839652356,-0.452468186596619,-0.394072864500784,-0.38623026317478),
 .UNSPECIFIED.);
#997=B_SPLINE_CURVE_WITH_KNOTS('',3,(#4476,#4477,#4478,#4479,#4480,#4481,
#4482,#4483,#4484,#4485,#4486,#4487),.UNSPECIFIED.,.F.,.F.,(4,1,1,1,1,1,
1,1,1,4),(0.328009187329386,0.50372563721369,0.716770922393645,0.929816207573599,
1.35590677793351,1.78199734829342,2.20808791865332,2.42113320383328,2.63417848901323,
2.80893166345334),.UNSPECIFIED.);
#998=B_SPLINE_CURVE_WITH_KNOTS('',3,(#4488,#4489,#4490,#4491,#4492,#4493,
#4494,#4495),.UNSPECIFIED.,.F.,.F.,(4,2,2,4),(-0.243064005342806,-0.233796418944899,
0.,0.00238027880814908),.UNSPECIFIED.);
#999=B_SPLINE_CURVE_WITH_KNOTS('',3,(#4658,#4659,#4660,#4661,#4662,#4663,
#4664,#4665,#4666,#4667,#4668,#4669,#4670,#4671,#4672,#4673,#4674,#4675,
#4676,#4677,#4678,#4679,#4680,#4681,#4682,#4683,#4684,#4685),
 .UNSPECIFIED.,.F.,.F.,(4,3,3,3,3,3,3,3,3,4),(-0.0044910486666736,1.99493199737333E-17,
0.0287063824132502,0.0554612859000527,0.0890022837199695,0.0974098674356592,
0.130787585216919,0.142599146014219,0.177087727647331,0.181578434358587),
 .UNSPECIFIED.);
#1000=B_SPLINE_CURVE_WITH_KNOTS('',3,(#4687,#4688,#4689,#4690,#4691,#4692,
#4693,#4694,#4695,#4696),.UNSPECIFIED.,.F.,.F.,(4,1,1,1,1,1,1,4),(-0.423700211239876,
-0.39208646806946,-0.304956141831802,-0.261390978712973,-0.19604323403473,
-0.130695489356487,-0.0653477446782434,0.),.UNSPECIFIED.);
#1001=B_SPLINE_CURVE_WITH_KNOTS('',3,(#4700,#4701,#4702,#4703,#4704,#4705,
#4706,#4707,#4708,#4709),.UNSPECIFIED.,.F.,.F.,(4,1,1,1,1,1,1,4),(0.,0.0653477446782434,
0.130695489356487,0.19604323403473,0.261390978712973,0.304956141831802,
0.39208646806946,0.457433956896774),.UNSPECIFIED.);
#1002=B_SPLINE_CURVE_WITH_KNOTS('',3,(#4710,#4711,#4712,#4713,#4714,#4715,
#4716,#4717,#4718,#4719),.UNSPECIFIED.,.F.,.F.,(4,1,1,1,1,1,1,4),(0.457433956896774,
0.479216794307118,0.522781957425947,0.58812970210419,0.653477446782434,
0.78417293613892,0.849520680817164,0.914868425495407),.UNSPECIFIED.);
#1003=B_SPLINE_CURVE_WITH_KNOTS('',3,(#4720,#4721,#4722,#4723,#4724,#4725,
#4726,#4727,#4728),.UNSPECIFIED.,.F.,.F.,(4,1,1,1,1,1,4),(-0.914868425495407,
-0.849520680817164,-0.78417293613892,-0.653477446782434,-0.58812970210419,
-0.522781957425947,-0.491167219139384),.UNSPECIFIED.);
#1004=B_SPLINE_CURVE_WITH_KNOTS('',3,(#4846,#4847,#4848,#4849,#4850,#4851,
#4852,#4853,#4854,#4855,#4856,#4857,#4858,#4859,#4860,#4861,#4862,#4863,
#4864,#4865,#4866,#4867,#4868,#4869,#4870,#4871,#4872,#4873,#4874,#4875,
#4876,#4877,#4878,#4879),.UNSPECIFIED.,.F.,.F.,(4,3,3,3,3,3,3,3,3,3,3,4),
(0.254552138830812,0.256637752346951,0.287559290802423,0.296690072122874,
0.327111777509117,0.356546346041757,0.387905863574496,0.419265381107235,
0.448831406473123,0.479655112736025,0.509241063311423,0.511229073707146),
 .UNSPECIFIED.);
#1005=B_SPLINE_CURVE_WITH_KNOTS('',3,(#4881,#4882,#4883,#4884,#4885,#4886,
#4887,#4888,#4889,#4890,#4891,#4892,#4893,#4894,#4895,#4896,#4897,#4898,
#4899,#4900,#4901,#4902,#4903,#4904,#4905,#4906,#4907,#4908,#4909,#4910,
#4911,#4912,#4913,#4914),.UNSPECIFIED.,.F.,.F.,(4,3,3,3,3,3,3,3,3,3,3,4),
(-0.817909318642235,-0.785504400763696,-0.654587000636742,-0.545489167197613,
-0.523669600509788,-0.458210900446311,-0.392752200382834,-0.327293500319357,
-0.26183480025588,-0.229105450224141,-0.130917400128926,-0.0985114859600901),
 .UNSPECIFIED.);
#1006=B_SPLINE_CURVE_WITH_KNOTS('',3,(#4915,#4916,#4917,#4918,#4919,#4920,
#4921,#4922,#4923,#4924,#4925,#4926),.UNSPECIFIED.,.F.,.F.,(4,2,2,2,2,4),
(-0.00198181663729953,0.,0.0464562000111289,0.161443587915304,0.217361581835582,
0.254552138830812),.UNSPECIFIED.);
#1007=B_SPLINE_CURVE_WITH_KNOTS('',3,(#4928,#4929,#4930,#4931,#4932,#4933),
 .UNSPECIFIED.,.F.,.F.,(4,1,1,4),(-0.860823742331431,-0.571428571428571,
-0.285714285714286,0.),.UNSPECIFIED.);
#1008=B_SPLINE_CURVE_WITH_KNOTS('',3,(#4934,#4935,#4936,#4937),
 .UNSPECIFIED.,.F.,.F.,(4,4),(0.,0.0282226316634327),.UNSPECIFIED.);
#1009=B_SPLINE_CURVE_WITH_KNOTS('',3,(#4938,#4939,#4940,#4941),
 .UNSPECIFIED.,.F.,.F.,(4,4),(0.888198822773072,0.916421800890887),
 .UNSPECIFIED.);
#1010=B_SPLINE_CURVE_WITH_KNOTS('',3,(#4989,#4990,#4991,#4992),
 .UNSPECIFIED.,.F.,.F.,(4,4),(3.21991536747353,3.22001423289039),
 .UNSPECIFIED.);
#1011=B_SPLINE_CURVE_WITH_KNOTS('',3,(#5033,#5034,#5035,#5036,#5037,#5038,
#5039,#5040,#5041,#5042,#5043,#5044,#5045,#5046),.UNSPECIFIED.,.F.,.F.,
(4,2,2,2,2,2,4),(-0.000941989344059867,0.,0.111526138244922,0.218714443970102,
0.324833224933192,0.404763233110795,0.475372189078904),.UNSPECIFIED.);
#1012=B_SPLINE_CURVE_WITH_KNOTS('',3,(#5050,#5051,#5052,#5053),
 .UNSPECIFIED.,.F.,.F.,(4,4),(0.370912784043732,0.39567784840289),
 .UNSPECIFIED.);
#1013=B_SPLINE_CURVE_WITH_KNOTS('',3,(#5054,#5055,#5056,#5057,#5058,#5059,
#5060,#5061,#5062,#5063,#5064,#5065),.UNSPECIFIED.,.F.,.F.,(4,2,2,2,2,4),
(0.,0.0716150415307609,0.158343228702183,0.277963555138708,0.444405670116205,
0.445336640144487),.UNSPECIFIED.);
#1014=B_SPLINE_CURVE_WITH_KNOTS('',3,(#5068,#5069,#5070,#5071,#5072,#5073,
#5074,#5075,#5076,#5077,#5078,#5079),.UNSPECIFIED.,.F.,.F.,(4,2,2,2,2,4),
(-0.000941989341049701,0.,0.190755263707813,0.338194253637176,0.448246945710266,
0.504793793914447),.UNSPECIFIED.);
#1015=B_SPLINE_CURVE_WITH_KNOTS('',3,(#5081,#5082,#5083,#5084),
 .UNSPECIFIED.,.F.,.F.,(4,4),(1.08805042638412,1.11281459367972),
 .UNSPECIFIED.);
#1016=B_SPLINE_CURVE_WITH_KNOTS('',3,(#5087,#5088,#5089,#5090,#5091,#5092,
#5093,#5094,#5095,#5096,#5097,#5098),.UNSPECIFIED.,.F.,.F.,(4,2,2,2,2,4),
(0.481859591216736,0.554135326827876,0.643994109715579,0.76437906292389,
0.920132052808505,0.920901193610166),.UNSPECIFIED.);
#1017=B_SPLINE_CURVE_WITH_KNOTS('',3,(#5104,#5105,#5106,#5107,#5108,#5109,
#5110,#5111,#5112,#5113,#5114,#5115,#5116,#5117,#5118,#5119,#5120,#5121),
 .UNSPECIFIED.,.F.,.F.,(4,2,2,2,2,2,2,2,4),(0.299338270493192,0.304856819153981,
0.36134932606214,0.419065652211096,0.476781978360052,0.534498304509009,
0.592214630657965,0.648707137566123,0.654225686226913),.UNSPECIFIED.);
#1018=B_SPLINE_CURVE_WITH_KNOTS('',3,(#5142,#5143,#5144,#5145,#5146,#5147,
#5148,#5149,#5150,#5151,#5152,#5153,#5154,#5155),.UNSPECIFIED.,.F.,.F.,
(4,2,2,2,2,2,4),(-0.000941989341107257,0.,0.11152613824568,0.218714443968057,
0.324833224928418,0.404763233103932,0.47537218907019),.UNSPECIFIED.);
#1019=B_SPLINE_CURVE_WITH_KNOTS('',3,(#5159,#5160,#5161,#5162),
 .UNSPECIFIED.,.F.,.F.,(4,4),(0.371090686642299,0.39839665427864),
 .UNSPECIFIED.);
#1020=B_SPLINE_CURVE_WITH_KNOTS('',3,(#5163,#5164,#5165,#5166,#5167,#5168,
#5169,#5170,#5171,#5172,#5173,#5174),.UNSPECIFIED.,.F.,.F.,(4,2,2,2,2,4),
(0.,0.0719128783442068,0.159579011302428,0.280878452340852,0.441772428045387,
0.442703679538478),.UNSPECIFIED.);
#1021=B_SPLINE_CURVE_WITH_KNOTS('',3,(#5177,#5178,#5179,#5180,#5181,#5182,
#5183,#5184,#5185,#5186,#5187,#5188),.UNSPECIFIED.,.F.,.F.,(4,2,2,2,2,4),
(-0.000941989341915656,0.,0.162749172997995,0.285447264257864,0.374124236633214,
0.446866310580945),.UNSPECIFIED.);
#1022=B_SPLINE_CURVE_WITH_KNOTS('',3,(#5190,#5191,#5192,#5193),
 .UNSPECIFIED.,.F.,.F.,(4,4),(1.08606267531346,1.11336864295014),
 .UNSPECIFIED.);
#1023=B_SPLINE_CURVE_WITH_KNOTS('',3,(#5196,#5197,#5198,#5199,#5200,#5201,
#5202,#5203,#5204,#5205,#5206,#5207,#5208,#5209),.UNSPECIFIED.,.F.,.F.,
(4,2,2,2,2,2,4),(0.,0.0699673368899595,0.149171026182695,0.254325512553411,
0.360539804982884,0.471052512328194,0.471985941872313),.UNSPECIFIED.);
#1024=B_SPLINE_CURVE_WITH_KNOTS('',3,(#5215,#5216,#5217,#5218,#5219,#5220,
#5221,#5222,#5223,#5224,#5225,#5226,#5227,#5228,#5229,#5230,#5231,#5232,
#5233),.UNSPECIFIED.,.F.,.F.,(4,2,2,2,3,2,2,2,4),(0.776662337307297,0.781899173197891,
0.838390733680919,0.896104047179694,0.953817360678468,1.01153067417724,
1.06924398767602,1.12573554815904,1.13097238404964),.UNSPECIFIED.);
#1025=VERTEX_POINT('',#3534);
#1026=VERTEX_POINT('',#3535);
#1027=VERTEX_POINT('',#3541);
#1028=VERTEX_POINT('',#3693);
#1029=VERTEX_POINT('',#3746);
#1030=VERTEX_POINT('',#3907);
#1031=VERTEX_POINT('',#3985);
#1032=VERTEX_POINT('',#3986);
#1033=VERTEX_POINT('',#3988);
#1034=VERTEX_POINT('',#4272);
#1035=VERTEX_POINT('',#4312);
#1036=VERTEX_POINT('',#4316);
#1037=VERTEX_POINT('',#4339);
#1038=VERTEX_POINT('',#4344);
#1039=VERTEX_POINT('',#4464);
#1040=VERTEX_POINT('',#4475);
#1041=VERTEX_POINT('',#4656);
#1042=VERTEX_POINT('',#4657);
#1043=VERTEX_POINT('',#4686);
#1044=VERTEX_POINT('',#4697);
#1045=VERTEX_POINT('',#4699);
#1046=VERTEX_POINT('',#4730);
#1047=VERTEX_POINT('',#4732);
#1048=VERTEX_POINT('',#4734);
#1049=VERTEX_POINT('',#4737);
#1050=VERTEX_POINT('',#4739);
#1051=VERTEX_POINT('',#4741);
#1052=VERTEX_POINT('',#4745);
#1053=VERTEX_POINT('',#4844);
#1054=VERTEX_POINT('',#4845);
#1055=VERTEX_POINT('',#4880);
#1056=VERTEX_POINT('',#4927);
#1057=VERTEX_POINT('',#4943);
#1058=VERTEX_POINT('',#4945);
#1059=VERTEX_POINT('',#4947);
#1060=VERTEX_POINT('',#4950);
#1061=VERTEX_POINT('',#4952);
#1062=VERTEX_POINT('',#4954);
#1063=VERTEX_POINT('',#4959);
#1064=VERTEX_POINT('',#4963);
#1065=VERTEX_POINT('',#4967);
#1066=VERTEX_POINT('',#4973);
#1067=VERTEX_POINT('',#4993);
#1068=VERTEX_POINT('',#4994);
#1069=VERTEX_POINT('',#4996);
#1070=VERTEX_POINT('',#4998);
#1071=VERTEX_POINT('',#5001);
#1072=VERTEX_POINT('',#5002);
#1073=VERTEX_POINT('',#5004);
#1074=VERTEX_POINT('',#5006);
#1075=VERTEX_POINT('',#5032);
#1076=VERTEX_POINT('',#5047);
#1077=VERTEX_POINT('',#5049);
#1078=VERTEX_POINT('',#5067);
#1079=VERTEX_POINT('',#5080);
#1080=VERTEX_POINT('',#5085);
#1081=VERTEX_POINT('',#5102);
#1082=VERTEX_POINT('',#5103);
#1083=VERTEX_POINT('',#5122);
#1084=VERTEX_POINT('',#5125);
#1085=VERTEX_POINT('',#5129);
#1086=VERTEX_POINT('',#5131);
#1087=VERTEX_POINT('',#5134);
#1088=VERTEX_POINT('',#5137);
#1089=VERTEX_POINT('',#5141);
#1090=VERTEX_POINT('',#5156);
#1091=VERTEX_POINT('',#5158);
#1092=VERTEX_POINT('',#5176);
#1093=VERTEX_POINT('',#5189);
#1094=VERTEX_POINT('',#5194);
#1095=VERTEX_POINT('',#5213);
#1096=VERTEX_POINT('',#5214);
#1097=VERTEX_POINT('',#5234);
#1098=VERTEX_POINT('',#5237);
#1099=VERTEX_POINT('',#5241);
#1100=VERTEX_POINT('',#5243);
#1101=VERTEX_POINT('',#5246);
#1102=VERTEX_POINT('',#5249);
#1103=VERTEX_POINT('',#5253);
#1104=VERTEX_POINT('',#5255);
#1105=VERTEX_POINT('',#5261);
#1106=VERTEX_POINT('',#5264);
#1107=VERTEX_POINT('',#5270);
#1108=VERTEX_POINT('',#5273);
#1109=VERTEX_POINT('',#5284);
#1110=VERTEX_POINT('',#5286);
#1111=VERTEX_POINT('',#5291);
#1112=VERTEX_POINT('',#5293);
#1113=VERTEX_POINT('',#5298);
#1114=VERTEX_POINT('',#5300);
#1115=VERTEX_POINT('',#5305);
#1116=VERTEX_POINT('',#5307);
#1117=VERTEX_POINT('',#5312);
#1118=VERTEX_POINT('',#5313);
#1119=VERTEX_POINT('',#5315);
#1120=VERTEX_POINT('',#5317);
#1121=VERTEX_POINT('',#5321);
#1122=VERTEX_POINT('',#5323);
#1123=VERTEX_POINT('',#5327);
#1124=VERTEX_POINT('',#5329);
#1125=VERTEX_POINT('',#5331);
#1126=VERTEX_POINT('',#5333);
#1127=VERTEX_POINT('',#5335);
#1128=VERTEX_POINT('',#5339);
#1129=VERTEX_POINT('',#5343);
#1130=VERTEX_POINT('',#5347);
#1131=VERTEX_POINT('',#5349);
#1132=VERTEX_POINT('',#5351);
#1133=VERTEX_POINT('',#5362);
#1134=VERTEX_POINT('',#5363);
#1135=VERTEX_POINT('',#5365);
#1136=VERTEX_POINT('',#5367);
#1137=VERTEX_POINT('',#5369);
#1138=VERTEX_POINT('',#5371);
#1139=VERTEX_POINT('',#5373);
#1140=VERTEX_POINT('',#5375);
#1141=VERTEX_POINT('',#5379);
#1142=VERTEX_POINT('',#5381);
#1143=VERTEX_POINT('',#5385);
#1144=VERTEX_POINT('',#5387);
#1145=VERTEX_POINT('',#5389);
#1146=VERTEX_POINT('',#5391);
#1147=VERTEX_POINT('',#5393);
#1148=VERTEX_POINT('',#5397);
#1149=VERTEX_POINT('',#5401);
#1150=VERTEX_POINT('',#5403);
#1151=VERTEX_POINT('',#5405);
#1152=VERTEX_POINT('',#5407);
#1153=VERTEX_POINT('',#5409);
#1154=VERTEX_POINT('',#5413);
#1155=VERTEX_POINT('',#5417);
#1156=VERTEX_POINT('',#5418);
#1157=VERTEX_POINT('',#5420);
#1158=VERTEX_POINT('',#5422);
#1159=VERTEX_POINT('',#5426);
#1160=VERTEX_POINT('',#5428);
#1161=VERTEX_POINT('',#5430);
#1162=VERTEX_POINT('',#5432);
#1163=VERTEX_POINT('',#5434);
#1164=VERTEX_POINT('',#5438);
#1165=VERTEX_POINT('',#5440);
#1166=VERTEX_POINT('',#5444);
#1167=VERTEX_POINT('',#5446);
#1168=VERTEX_POINT('',#5453);
#1169=VERTEX_POINT('',#5454);
#1170=VERTEX_POINT('',#5456);
#1171=VERTEX_POINT('',#5458);
#1172=VERTEX_POINT('',#5462);
#1173=VERTEX_POINT('',#5463);
#1174=VERTEX_POINT('',#5465);
#1175=VERTEX_POINT('',#5467);
#1176=VERTEX_POINT('',#5471);
#1177=VERTEX_POINT('',#5473);
#1178=VERTEX_POINT('',#5477);
#1179=VERTEX_POINT('',#5479);
#1180=VERTEX_POINT('',#5483);
#1181=VERTEX_POINT('',#5484);
#1182=VERTEX_POINT('',#5489);
#1183=VERTEX_POINT('',#5490);
#1184=VERTEX_POINT('',#5492);
#1185=VERTEX_POINT('',#5495);
#1186=VERTEX_POINT('',#5505);
#1187=VERTEX_POINT('',#5507);
#1188=VERTEX_POINT('',#5509);
#1189=VERTEX_POINT('',#5511);
#1190=VERTEX_POINT('',#5513);
#1191=VERTEX_POINT('',#5516);
#1192=VERTEX_POINT('',#5517);
#1193=VERTEX_POINT('',#5519);
#1194=VERTEX_POINT('',#5521);
#1195=VERTEX_POINT('',#5525);
#1196=VERTEX_POINT('',#5527);
#1197=VERTEX_POINT('',#5531);
#1198=VERTEX_POINT('',#5533);
#1199=VERTEX_POINT('',#5542);
#1200=VERTEX_POINT('',#5543);
#1201=VERTEX_POINT('',#5545);
#1202=VERTEX_POINT('',#5548);
#1203=VERTEX_POINT('',#5550);
#1204=VERTEX_POINT('',#5555);
#1205=VERTEX_POINT('',#5559);
#1206=VERTEX_POINT('',#5563);
#1207=VERTEX_POINT('',#5564);
#1208=VERTEX_POINT('',#5566);
#1209=VERTEX_POINT('',#5568);
#1210=VERTEX_POINT('',#5572);
#1211=VERTEX_POINT('',#5573);
#1212=VERTEX_POINT('',#5578);
#1213=VERTEX_POINT('',#5582);
#1214=VERTEX_POINT('',#5588);
#1215=VERTEX_POINT('',#5593);
#1216=VERTEX_POINT('',#5598);
#1217=VERTEX_POINT('',#5603);
#1218=VERTEX_POINT('',#5608);
#1219=VERTEX_POINT('',#5609);
#1220=VERTEX_POINT('',#5611);
#1221=VERTEX_POINT('',#5613);
#1222=VERTEX_POINT('',#5617);
#1223=VERTEX_POINT('',#5618);
#1224=VERTEX_POINT('',#5620);
#1225=VERTEX_POINT('',#5622);
#1226=VERTEX_POINT('',#5633);
#1227=VERTEX_POINT('',#5637);
#1228=VERTEX_POINT('',#5638);
#1229=VERTEX_POINT('',#5643);
#1230=VERTEX_POINT('',#5647);
#1231=VERTEX_POINT('',#5653);
#1232=VERTEX_POINT('',#5657);
#1233=VERTEX_POINT('',#5663);
#1234=VERTEX_POINT('',#5664);
#1235=VERTEX_POINT('',#5669);
#1236=VERTEX_POINT('',#5673);
#1237=VERTEX_POINT('',#5680);
#1238=VERTEX_POINT('',#5681);
#1239=VERTEX_POINT('',#5683);
#1240=VERTEX_POINT('',#5685);
#1241=VERTEX_POINT('',#5689);
#1242=VERTEX_POINT('',#5690);
#1243=VERTEX_POINT('',#5692);
#1244=VERTEX_POINT('',#5694);
#1245=VERTEX_POINT('',#5705);
#1246=VERTEX_POINT('',#5706);
#1247=VERTEX_POINT('',#5708);
#1248=VERTEX_POINT('',#5710);
#1249=VERTEX_POINT('',#5712);
#1250=VERTEX_POINT('',#5714);
#1251=VERTEX_POINT('',#5716);
#1252=VERTEX_POINT('',#5718);
#1253=VERTEX_POINT('',#5721);
#1254=VERTEX_POINT('',#5723);
#1255=VERTEX_POINT('',#5728);
#1256=VERTEX_POINT('',#5731);
#1257=VERTEX_POINT('',#5736);
#1258=EDGE_CURVE('',#1025,#1026,#985,.T.);
#1259=EDGE_CURVE('',#1025,#1027,#986,.T.);
#1260=EDGE_CURVE('',#1028,#1027,#987,.T.);
#1261=EDGE_CURVE('',#1028,#1029,#988,.T.);
#1262=EDGE_CURVE('',#1029,#1030,#858,.T.);
#1263=EDGE_CURVE('',#1026,#1030,#859,.T.);
#1264=EDGE_CURVE('',#1031,#1032,#860,.T.);
#1265=EDGE_CURVE('',#1032,#1033,#989,.T.);
#1266=EDGE_CURVE('',#1033,#1034,#861,.T.);
#1267=EDGE_CURVE('',#1031,#1034,#990,.T.);
#1268=EDGE_CURVE('',#1031,#1035,#862,.T.);
#1269=EDGE_CURVE('',#1035,#1032,#863,.T.);
#1270=EDGE_CURVE('',#1036,#1034,#864,.T.);
#1271=EDGE_CURVE('',#1033,#1036,#865,.T.);
#1272=EDGE_CURVE('',#1031,#1037,#991,.T.);
#1273=EDGE_CURVE('',#1037,#1038,#866,.T.);
#1274=EDGE_CURVE('',#1035,#1038,#992,.T.);
#1275=EDGE_CURVE('',#1038,#1036,#993,.T.);
#1276=EDGE_CURVE('',#1037,#1034,#994,.T.);
#1277=EDGE_CURVE('',#1032,#1033,#995,.T.);
#1278=EDGE_CURVE('',#1039,#1035,#996,.T.);
#1279=EDGE_CURVE('',#1039,#1040,#997,.T.);
#1280=EDGE_CURVE('',#1036,#1040,#998,.T.);
#1281=EDGE_CURVE('',#1041,#1042,#999,.T.);
#1282=EDGE_CURVE('',#1042,#1043,#1000,.T.);
#1283=EDGE_CURVE('',#1043,#1044,#867,.T.);
#1284=EDGE_CURVE('',#1044,#1045,#1001,.T.);
#1285=EDGE_CURVE('',#1045,#1044,#1002,.T.);
#1286=EDGE_CURVE('',#1043,#1041,#1003,.T.);
#1287=EDGE_CURVE('',#1041,#1046,#130,.T.);
#1288=EDGE_CURVE('',#1046,#1047,#868,.F.);
#1289=EDGE_CURVE('',#1047,#1048,#869,.F.);
#1290=EDGE_CURVE('',#1048,#1028,#131,.T.);
#1291=EDGE_CURVE('',#1027,#1049,#132,.T.);
#1292=EDGE_CURVE('',#1049,#1050,#870,.F.);
#1293=EDGE_CURVE('',#1050,#1051,#871,.F.);
#1294=EDGE_CURVE('',#1051,#1042,#133,.T.);
#1295=EDGE_CURVE('',#1052,#1052,#872,.T.);
#1296=EDGE_CURVE('',#1052,#1045,#134,.T.);
#1297=EDGE_CURVE('',#1053,#1054,#1004,.T.);
#1298=EDGE_CURVE('',#1054,#1055,#1005,.T.);
#1299=EDGE_CURVE('',#1055,#1053,#1006,.T.);
#1300=EDGE_CURVE('',#1053,#1056,#1007,.T.);
#1301=EDGE_CURVE('',#1056,#1031,#1008,.T.);
#1302=EDGE_CURVE('',#1034,#1056,#1009,.T.);
#1303=EDGE_CURVE('',#1055,#1057,#135,.T.);
#1304=EDGE_CURVE('',#1057,#1058,#873,.F.);
#1305=EDGE_CURVE('',#1058,#1059,#874,.F.);
#1306=EDGE_CURVE('',#1059,#1039,#136,.T.);
#1307=EDGE_CURVE('',#1040,#1060,#137,.T.);
#1308=EDGE_CURVE('',#1060,#1061,#875,.F.);
#1309=EDGE_CURVE('',#1061,#1062,#876,.F.);
#1310=EDGE_CURVE('',#1062,#1054,#138,.T.);
#1311=EDGE_CURVE('',#1063,#1050,#877,.T.);
#1312=EDGE_CURVE('',#1051,#1063,#878,.F.);
#1313=EDGE_CURVE('',#1064,#1046,#879,.F.);
#1314=EDGE_CURVE('',#1064,#1047,#880,.T.);
#1315=EDGE_CURVE('',#1065,#1057,#881,.F.);
#1316=EDGE_CURVE('',#1065,#1058,#882,.T.);
#1317=EDGE_CURVE('',#1063,#1049,#883,.F.);
#1318=EDGE_CURVE('',#1062,#1066,#884,.F.);
#1319=EDGE_CURVE('',#1066,#1061,#885,.T.);
#1320=EDGE_CURVE('',#1048,#1064,#886,.F.);
#1321=EDGE_CURVE('',#1059,#1065,#887,.F.);
#1322=EDGE_CURVE('',#1049,#1059,#888,.T.);
#1323=EDGE_CURVE('',#1057,#1051,#889,.T.);
#1324=EDGE_CURVE('',#1066,#1060,#890,.F.);
#1325=EDGE_CURVE('',#1046,#1062,#891,.T.);
#1326=EDGE_CURVE('',#1060,#1048,#892,.T.);
#1327=EDGE_CURVE('',#1029,#1025,#1010,.T.);
#1328=EDGE_CURVE('',#1067,#1068,#893,.T.);
#1329=EDGE_CURVE('',#1069,#1067,#139,.T.);
#1330=EDGE_CURVE('',#1070,#1069,#894,.T.);
#1331=EDGE_CURVE('',#1068,#1070,#140,.T.);
#1332=EDGE_CURVE('',#1071,#1072,#895,.T.);
#1333=EDGE_CURVE('',#1073,#1071,#141,.T.);
#1334=EDGE_CURVE('',#1074,#1073,#896,.T.);
#1335=EDGE_CURVE('',#1072,#1074,#142,.T.);
#1336=EDGE_CURVE('',#1030,#1026,#897,.T.);
#1337=EDGE_CURVE('',#1073,#1075,#1011,.T.);
#1338=EDGE_CURVE('',#1075,#1076,#898,.T.);
#1339=EDGE_CURVE('',#1076,#1077,#1012,.T.);
#1340=EDGE_CURVE('',#1077,#1074,#1013,.T.);
#1341=EDGE_CURVE('',#1072,#1078,#1014,.T.);
#1342=EDGE_CURVE('',#1078,#1079,#1015,.T.);
#1343=EDGE_CURVE('',#1079,#1080,#899,.T.);
#1344=EDGE_CURVE('',#1080,#1071,#1016,.T.);
#1345=EDGE_CURVE('',#1077,#1078,#143,.T.);
#1346=EDGE_CURVE('',#1081,#1082,#1017,.T.);
#1347=EDGE_CURVE('',#1081,#1083,#144,.T.);
#1348=EDGE_CURVE('',#1083,#1075,#900,.T.);
#1349=EDGE_CURVE('',#1080,#1084,#901,.T.);
#1350=EDGE_CURVE('',#1084,#1082,#145,.T.);
#1351=EDGE_CURVE('',#1085,#1076,#146,.T.);
#1352=EDGE_CURVE('',#1086,#1085,#902,.T.);
#1353=EDGE_CURVE('',#1079,#1086,#147,.T.);
#1354=EDGE_CURVE('',#1087,#1087,#903,.T.);
#1355=EDGE_CURVE('',#1088,#1083,#148,.T.);
#1356=EDGE_CURVE('',#1085,#1088,#149,.T.);
#1357=EDGE_CURVE('',#1069,#1089,#1018,.T.);
#1358=EDGE_CURVE('',#1089,#1090,#904,.T.);
#1359=EDGE_CURVE('',#1090,#1091,#1019,.T.);
#1360=EDGE_CURVE('',#1091,#1070,#1020,.T.);
#1361=EDGE_CURVE('',#1068,#1092,#1021,.T.);
#1362=EDGE_CURVE('',#1092,#1093,#1022,.T.);
#1363=EDGE_CURVE('',#1093,#1094,#905,.T.);
#1364=EDGE_CURVE('',#1094,#1067,#1023,.T.);
#1365=EDGE_CURVE('',#1091,#1092,#150,.T.);
#1366=EDGE_CURVE('',#1095,#1096,#1024,.T.);
#1367=EDGE_CURVE('',#1095,#1097,#151,.T.);
#1368=EDGE_CURVE('',#1097,#1089,#906,.T.);
#1369=EDGE_CURVE('',#1094,#1098,#907,.T.);
#1370=EDGE_CURVE('',#1098,#1096,#152,.T.);
#1371=EDGE_CURVE('',#1099,#1090,#153,.T.);
#1372=EDGE_CURVE('',#1100,#1099,#908,.T.);
#1373=EDGE_CURVE('',#1093,#1100,#154,.T.);
#1374=EDGE_CURVE('',#1101,#1101,#909,.T.);
#1375=EDGE_CURVE('',#1102,#1097,#155,.T.);
#1376=EDGE_CURVE('',#1099,#1102,#156,.T.);
#1377=EDGE_CURVE('',#1103,#1096,#910,.T.);
#1378=EDGE_CURVE('',#1103,#1104,#157,.T.);
#1379=EDGE_CURVE('',#1081,#1104,#911,.T.);
#1380=EDGE_CURVE('',#1104,#1082,#912,.T.);
#1381=EDGE_CURVE('',#1095,#1103,#913,.T.);
#1382=EDGE_CURVE('',#1084,#1105,#158,.T.);
#1383=EDGE_CURVE('',#1105,#1088,#914,.T.);
#1384=EDGE_CURVE('',#1106,#1106,#915,.T.);
#1385=EDGE_CURVE('',#1086,#1105,#159,.T.);
#1386=EDGE_CURVE('',#1098,#1107,#160,.T.);
#1387=EDGE_CURVE('',#1107,#1102,#916,.T.);
#1388=EDGE_CURVE('',#1108,#1108,#917,.T.);
#1389=EDGE_CURVE('',#1087,#1106,#161,.T.);
#1390=EDGE_CURVE('',#1101,#1108,#162,.T.);
#1391=EDGE_CURVE('',#1100,#1107,#163,.T.);
#1392=EDGE_CURVE('',#1109,#1109,#918,.T.);
#1393=EDGE_CURVE('',#1109,#1110,#164,.T.);
#1394=EDGE_CURVE('',#1110,#1110,#919,.T.);
#1395=EDGE_CURVE('',#1111,#1111,#920,.T.);
#1396=EDGE_CURVE('',#1111,#1112,#165,.T.);
#1397=EDGE_CURVE('',#1112,#1112,#921,.T.);
#1398=EDGE_CURVE('',#1113,#1113,#922,.T.);
#1399=EDGE_CURVE('',#1113,#1114,#166,.T.);
#1400=EDGE_CURVE('',#1114,#1114,#923,.T.);
#1401=EDGE_CURVE('',#1115,#1115,#924,.T.);
#1402=EDGE_CURVE('',#1115,#1116,#167,.T.);
#1403=EDGE_CURVE('',#1116,#1116,#925,.T.);
#1404=EDGE_CURVE('',#1117,#1118,#926,.T.);
#1405=EDGE_CURVE('',#1118,#1119,#168,.T.);
#1406=EDGE_CURVE('',#1119,#1120,#927,.T.);
#1407=EDGE_CURVE('',#1120,#1117,#169,.T.);
#1408=EDGE_CURVE('',#1121,#1118,#170,.F.);
#1409=EDGE_CURVE('',#1122,#1121,#171,.T.);
#1410=EDGE_CURVE('',#1122,#1119,#172,.F.);
#1411=EDGE_CURVE('',#1117,#1123,#173,.F.);
#1412=EDGE_CURVE('',#1124,#1123,#928,.T.);
#1413=EDGE_CURVE('',#1124,#1125,#174,.F.);
#1414=EDGE_CURVE('',#1126,#1125,#929,.T.);
#1415=EDGE_CURVE('',#1126,#1127,#175,.F.);
#1416=EDGE_CURVE('',#1121,#1127,#930,.T.);
#1417=EDGE_CURVE('',#1127,#1128,#176,.T.);
#1418=EDGE_CURVE('',#1128,#1122,#931,.T.);
#1419=EDGE_CURVE('',#1120,#1129,#177,.F.);
#1420=EDGE_CURVE('',#1123,#1129,#178,.T.);
#1421=EDGE_CURVE('',#1130,#1128,#179,.F.);
#1422=EDGE_CURVE('',#1131,#1130,#932,.T.);
#1423=EDGE_CURVE('',#1132,#1131,#180,.F.);
#1424=EDGE_CURVE('',#1129,#1132,#933,.T.);
#1425=EDGE_CURVE('',#1130,#1126,#181,.T.);
#1426=EDGE_CURVE('',#1125,#1131,#182,.T.);
#1427=EDGE_CURVE('',#1132,#1124,#183,.T.);
#1428=EDGE_CURVE('',#1133,#1134,#184,.T.);
#1429=EDGE_CURVE('',#1135,#1133,#934,.T.);
#1430=EDGE_CURVE('',#1136,#1135,#185,.T.);
#1431=EDGE_CURVE('',#1137,#1136,#935,.T.);
#1432=EDGE_CURVE('',#1138,#1137,#186,.T.);
#1433=EDGE_CURVE('',#1139,#1138,#936,.T.);
#1434=EDGE_CURVE('',#1140,#1139,#187,.T.);
#1435=EDGE_CURVE('',#1134,#1140,#937,.T.);
#1436=EDGE_CURVE('',#1137,#1141,#188,.T.);
#1437=EDGE_CURVE('',#1142,#1141,#189,.T.);
#1438=EDGE_CURVE('',#1138,#1142,#190,.T.);
#1439=EDGE_CURVE('',#1136,#1143,#191,.T.);
#1440=EDGE_CURVE('',#1143,#1144,#938,.T.);
#1441=EDGE_CURVE('',#1144,#1145,#192,.T.);
#1442=EDGE_CURVE('',#1145,#1146,#939,.T.);
#1443=EDGE_CURVE('',#1147,#1146,#193,.T.);
#1444=EDGE_CURVE('',#1141,#1147,#940,.T.);
#1445=EDGE_CURVE('',#1148,#1135,#194,.T.);
#1446=EDGE_CURVE('',#1148,#1143,#195,.T.);
#1447=EDGE_CURVE('',#1133,#1149,#196,.T.);
#1448=EDGE_CURVE('',#1150,#1149,#941,.T.);
#1449=EDGE_CURVE('',#1151,#1150,#197,.T.);
#1450=EDGE_CURVE('',#1151,#1152,#942,.F.);
#1451=EDGE_CURVE('',#1152,#1153,#198,.T.);
#1452=EDGE_CURVE('',#1153,#1148,#943,.T.);
#1453=EDGE_CURVE('',#1134,#1154,#199,.T.);
#1454=EDGE_CURVE('',#1149,#1154,#200,.T.);
#1455=EDGE_CURVE('',#1155,#1156,#944,.F.);
#1456=EDGE_CURVE('',#1156,#1157,#201,.T.);
#1457=EDGE_CURVE('',#1158,#1157,#945,.T.);
#1458=EDGE_CURVE('',#1155,#1158,#202,.T.);
#1459=EDGE_CURVE('',#1140,#1159,#203,.T.);
#1460=EDGE_CURVE('',#1159,#1160,#946,.T.);
#1461=EDGE_CURVE('',#1161,#1160,#204,.T.);
#1462=EDGE_CURVE('',#1161,#1162,#947,.F.);
#1463=EDGE_CURVE('',#1162,#1163,#205,.T.);
#1464=EDGE_CURVE('',#1154,#1163,#948,.T.);
#1465=EDGE_CURVE('',#1164,#1151,#206,.F.);
#1466=EDGE_CURVE('',#1165,#1150,#207,.T.);
#1467=EDGE_CURVE('',#1164,#1165,#208,.T.);
#1468=EDGE_CURVE('',#1166,#1164,#949,.F.);
#1469=EDGE_CURVE('',#1167,#1165,#950,.T.);
#1470=EDGE_CURVE('',#1166,#1167,#209,.T.);
#1471=EDGE_CURVE('',#1156,#1166,#210,.F.);
#1472=EDGE_CURVE('',#1157,#1167,#211,.T.);
#1473=EDGE_CURVE('',#1168,#1169,#212,.T.);
#1474=EDGE_CURVE('',#1170,#1169,#213,.T.);
#1475=EDGE_CURVE('',#1170,#1171,#214,.T.);
#1476=EDGE_CURVE('',#1168,#1171,#215,.T.);
#1477=EDGE_CURVE('',#1172,#1173,#216,.T.);
#1478=EDGE_CURVE('',#1173,#1174,#217,.T.);
#1479=EDGE_CURVE('',#1174,#1175,#218,.T.);
#1480=EDGE_CURVE('',#1175,#1172,#219,.T.);
#1481=EDGE_CURVE('',#1176,#1176,#951,.T.);
#1482=EDGE_CURVE('',#1176,#1177,#220,.T.);
#1483=EDGE_CURVE('',#1177,#1177,#952,.T.);
#1484=EDGE_CURVE('',#1178,#1178,#953,.T.);
#1485=EDGE_CURVE('',#1178,#1179,#221,.T.);
#1486=EDGE_CURVE('',#1179,#1179,#954,.T.);
#1487=EDGE_CURVE('',#1180,#1181,#222,.T.);
#1488=EDGE_CURVE('',#1169,#1180,#223,.T.);
#1489=EDGE_CURVE('',#1181,#1168,#224,.T.);
#1490=EDGE_CURVE('',#1182,#1183,#225,.T.);
#1491=EDGE_CURVE('',#1184,#1182,#226,.T.);
#1492=EDGE_CURVE('',#1171,#1184,#227,.T.);
#1493=EDGE_CURVE('',#1185,#1170,#228,.T.);
#1494=EDGE_CURVE('',#1183,#1185,#229,.T.);
#1495=EDGE_CURVE('',#1185,#1180,#230,.T.);
#1496=EDGE_CURVE('',#1181,#1184,#231,.T.);
#1497=EDGE_CURVE('',#1162,#1155,#232,.F.);
#1498=EDGE_CURVE('',#1152,#1161,#233,.F.);
#1499=EDGE_CURVE('',#1186,#1186,#955,.T.);
#1500=EDGE_CURVE('',#1187,#1187,#956,.T.);
#1501=EDGE_CURVE('',#1188,#1188,#957,.T.);
#1502=EDGE_CURVE('',#1189,#1189,#958,.T.);
#1503=EDGE_CURVE('',#1190,#1190,#959,.F.);
#1504=EDGE_CURVE('',#1191,#1192,#960,.T.);
#1505=EDGE_CURVE('',#1191,#1193,#234,.T.);
#1506=EDGE_CURVE('',#1194,#1193,#961,.F.);
#1507=EDGE_CURVE('',#1192,#1194,#235,.T.);
#1508=EDGE_CURVE('',#1192,#1195,#236,.T.);
#1509=EDGE_CURVE('',#1196,#1194,#237,.F.);
#1510=EDGE_CURVE('',#1195,#1196,#238,.T.);
#1511=EDGE_CURVE('',#1195,#1197,#962,.T.);
#1512=EDGE_CURVE('',#1198,#1196,#963,.F.);
#1513=EDGE_CURVE('',#1197,#1198,#239,.T.);
#1514=EDGE_CURVE('',#1197,#1191,#240,.T.);
#1515=EDGE_CURVE('',#1193,#1198,#241,.F.);
#1516=EDGE_CURVE('',#1160,#1153,#242,.T.);
#1517=EDGE_CURVE('',#1199,#1200,#964,.T.);
#1518=EDGE_CURVE('',#1200,#1201,#243,.T.);
#1519=EDGE_CURVE('',#1201,#1142,#965,.T.);
#1520=EDGE_CURVE('',#1147,#1202,#244,.T.);
#1521=EDGE_CURVE('',#1202,#1203,#966,.T.);
#1522=EDGE_CURVE('',#1203,#1199,#245,.T.);
#1523=EDGE_CURVE('',#1163,#1158,#246,.T.);
#1524=EDGE_CURVE('',#1204,#1139,#247,.T.);
#1525=EDGE_CURVE('',#1204,#1159,#248,.T.);
#1526=EDGE_CURVE('',#1144,#1205,#249,.T.);
#1527=EDGE_CURVE('',#1205,#1204,#967,.T.);
#1528=EDGE_CURVE('',#1206,#1207,#250,.T.);
#1529=EDGE_CURVE('',#1207,#1208,#251,.T.);
#1530=EDGE_CURVE('',#1209,#1208,#252,.T.);
#1531=EDGE_CURVE('',#1206,#1209,#253,.T.);
#1532=EDGE_CURVE('',#1210,#1211,#254,.T.);
#1533=EDGE_CURVE('',#1210,#1207,#255,.T.);
#1534=EDGE_CURVE('',#1211,#1206,#256,.T.);
#1535=EDGE_CURVE('',#1212,#1210,#257,.T.);
#1536=EDGE_CURVE('',#1208,#1212,#258,.T.);
#1537=EDGE_CURVE('',#1211,#1213,#259,.T.);
#1538=EDGE_CURVE('',#1213,#1209,#260,.T.);
#1539=EDGE_CURVE('',#1213,#1212,#261,.T.);
#1540=EDGE_CURVE('',#1214,#1214,#968,.T.);
#1541=EDGE_CURVE('',#1214,#1189,#262,.T.);
#1542=EDGE_CURVE('',#1215,#1215,#969,.T.);
#1543=EDGE_CURVE('',#1215,#1188,#263,.T.);
#1544=EDGE_CURVE('',#1216,#1216,#970,.T.);
#1545=EDGE_CURVE('',#1216,#1187,#264,.T.);
#1546=EDGE_CURVE('',#1217,#1217,#971,.T.);
#1547=EDGE_CURVE('',#1217,#1186,#265,.T.);
#1548=EDGE_CURVE('',#1218,#1219,#266,.T.);
#1549=EDGE_CURVE('',#1218,#1220,#267,.T.);
#1550=EDGE_CURVE('',#1221,#1220,#268,.T.);
#1551=EDGE_CURVE('',#1221,#1219,#269,.T.);
#1552=EDGE_CURVE('',#1222,#1223,#270,.T.);
#1553=EDGE_CURVE('',#1222,#1224,#271,.T.);
#1554=EDGE_CURVE('',#1225,#1224,#272,.T.);
#1555=EDGE_CURVE('',#1225,#1223,#273,.T.);
#1556=EDGE_CURVE('',#1219,#1225,#274,.T.);
#1557=EDGE_CURVE('',#1223,#1221,#275,.T.);
#1558=EDGE_CURVE('',#1224,#1218,#276,.T.);
#1559=EDGE_CURVE('',#1220,#1222,#277,.T.);
#1560=EDGE_CURVE('',#1226,#1226,#972,.T.);
#1561=EDGE_CURVE('',#1226,#1190,#278,.T.);
#1562=EDGE_CURVE('',#1227,#1228,#279,.T.);
#1563=EDGE_CURVE('',#1199,#1228,#280,.T.);
#1564=EDGE_CURVE('',#1203,#1227,#281,.T.);
#1565=EDGE_CURVE('',#1229,#1227,#973,.T.);
#1566=EDGE_CURVE('',#1202,#1229,#282,.T.);
#1567=EDGE_CURVE('',#1228,#1230,#974,.T.);
#1568=EDGE_CURVE('',#1230,#1200,#283,.T.);
#1569=EDGE_CURVE('',#1146,#1229,#284,.T.);
#1570=EDGE_CURVE('',#1230,#1231,#285,.T.);
#1571=EDGE_CURVE('',#1201,#1231,#286,.T.);
#1572=EDGE_CURVE('',#1232,#1145,#287,.T.);
#1573=EDGE_CURVE('',#1205,#1232,#288,.T.);
#1574=EDGE_CURVE('',#1231,#1232,#975,.T.);
#1575=EDGE_CURVE('',#1233,#1234,#289,.T.);
#1576=EDGE_CURVE('',#1174,#1234,#290,.T.);
#1577=EDGE_CURVE('',#1233,#1173,#291,.T.);
#1578=EDGE_CURVE('',#1235,#1233,#292,.T.);
#1579=EDGE_CURVE('',#1172,#1235,#293,.T.);
#1580=EDGE_CURVE('',#1236,#1235,#294,.T.);
#1581=EDGE_CURVE('',#1236,#1175,#295,.T.);
#1582=EDGE_CURVE('',#1234,#1236,#296,.T.);
#1583=EDGE_CURVE('',#1237,#1238,#297,.T.);
#1584=EDGE_CURVE('',#1239,#1237,#298,.T.);
#1585=EDGE_CURVE('',#1240,#1239,#299,.T.);
#1586=EDGE_CURVE('',#1238,#1240,#300,.T.);
#1587=EDGE_CURVE('',#1241,#1242,#301,.T.);
#1588=EDGE_CURVE('',#1243,#1241,#302,.T.);
#1589=EDGE_CURVE('',#1244,#1243,#303,.T.);
#1590=EDGE_CURVE('',#1242,#1244,#304,.T.);
#1591=EDGE_CURVE('',#1242,#1237,#305,.T.);
#1592=EDGE_CURVE('',#1244,#1239,#306,.T.);
#1593=EDGE_CURVE('',#1238,#1241,#307,.T.);
#1594=EDGE_CURVE('',#1240,#1243,#308,.T.);
#1595=EDGE_CURVE('',#1245,#1246,#976,.T.);
#1596=EDGE_CURVE('',#1245,#1247,#309,.T.);
#1597=EDGE_CURVE('',#1248,#1247,#13,.T.);
#1598=EDGE_CURVE('',#1249,#1248,#310,.T.);
#1599=EDGE_CURVE('',#1250,#1249,#14,.T.);
#1600=EDGE_CURVE('',#1250,#1251,#311,.T.);
#1601=EDGE_CURVE('',#1252,#1251,#977,.T.);
#1602=EDGE_CURVE('',#1251,#1252,#978,.T.);
#1603=EDGE_CURVE('',#1253,#1250,#15,.T.);
#1604=EDGE_CURVE('',#1254,#1253,#312,.T.);
#1605=EDGE_CURVE('',#1247,#1254,#16,.T.);
#1606=EDGE_CURVE('',#1246,#1245,#979,.T.);
#1607=EDGE_CURVE('',#1255,#1252,#980,.T.);
#1608=EDGE_CURVE('',#1246,#1256,#981,.T.);
#1609=EDGE_CURVE('',#1248,#1249,#982,.T.);
#1610=EDGE_CURVE('',#1247,#1257,#313,.T.);
#1611=EDGE_CURVE('',#1257,#1257,#983,.T.);
#1612=EDGE_CURVE('',#1253,#1254,#984,.T.);
#1613=ORIENTED_EDGE('',*,*,#1258,.F.);
#1614=ORIENTED_EDGE('',*,*,#1259,.T.);
#1615=ORIENTED_EDGE('',*,*,#1260,.F.);
#1616=ORIENTED_EDGE('',*,*,#1261,.T.);
#1617=ORIENTED_EDGE('',*,*,#1262,.T.);
#1618=ORIENTED_EDGE('',*,*,#1263,.F.);
#1619=ORIENTED_EDGE('',*,*,#1264,.T.);
#1620=ORIENTED_EDGE('',*,*,#1265,.T.);
#1621=ORIENTED_EDGE('',*,*,#1266,.T.);
#1622=ORIENTED_EDGE('',*,*,#1267,.F.);
#1623=ORIENTED_EDGE('',*,*,#1268,.T.);
#1624=ORIENTED_EDGE('',*,*,#1269,.T.);
#1625=ORIENTED_EDGE('',*,*,#1264,.F.);
#1626=ORIENTED_EDGE('',*,*,#1270,.T.);
#1627=ORIENTED_EDGE('',*,*,#1266,.F.);
#1628=ORIENTED_EDGE('',*,*,#1271,.T.);
#1629=ORIENTED_EDGE('',*,*,#1268,.F.);
#1630=ORIENTED_EDGE('',*,*,#1272,.T.);
#1631=ORIENTED_EDGE('',*,*,#1273,.T.);
#1632=ORIENTED_EDGE('',*,*,#1274,.F.);
#1633=ORIENTED_EDGE('',*,*,#1270,.F.);
#1634=ORIENTED_EDGE('',*,*,#1275,.F.);
#1635=ORIENTED_EDGE('',*,*,#1273,.F.);
#1636=ORIENTED_EDGE('',*,*,#1276,.T.);
#1637=ORIENTED_EDGE('',*,*,#1271,.F.);
#1638=ORIENTED_EDGE('',*,*,#1277,.F.);
#1639=ORIENTED_EDGE('',*,*,#1269,.F.);
#1640=ORIENTED_EDGE('',*,*,#1278,.F.);
#1641=ORIENTED_EDGE('',*,*,#1279,.T.);
#1642=ORIENTED_EDGE('',*,*,#1280,.F.);
#1643=ORIENTED_EDGE('',*,*,#1265,.F.);
#1644=ORIENTED_EDGE('',*,*,#1277,.T.);
#1645=ORIENTED_EDGE('',*,*,#1281,.T.);
#1646=ORIENTED_EDGE('',*,*,#1282,.T.);
#1647=ORIENTED_EDGE('',*,*,#1283,.T.);
#1648=ORIENTED_EDGE('',*,*,#1284,.T.);
#1649=ORIENTED_EDGE('',*,*,#1285,.T.);
#1650=ORIENTED_EDGE('',*,*,#1283,.F.);
#1651=ORIENTED_EDGE('',*,*,#1286,.T.);
#1652=ORIENTED_EDGE('',*,*,#1281,.F.);
#1653=ORIENTED_EDGE('',*,*,#1287,.T.);
#1654=ORIENTED_EDGE('',*,*,#1288,.T.);
#1655=ORIENTED_EDGE('',*,*,#1289,.T.);
#1656=ORIENTED_EDGE('',*,*,#1290,.T.);
#1657=ORIENTED_EDGE('',*,*,#1260,.T.);
#1658=ORIENTED_EDGE('',*,*,#1291,.T.);
#1659=ORIENTED_EDGE('',*,*,#1292,.T.);
#1660=ORIENTED_EDGE('',*,*,#1293,.T.);
#1661=ORIENTED_EDGE('',*,*,#1294,.T.);
#1662=ORIENTED_EDGE('',*,*,#1295,.F.);
#1663=ORIENTED_EDGE('',*,*,#1296,.T.);
#1664=ORIENTED_EDGE('',*,*,#1284,.F.);
#1665=ORIENTED_EDGE('',*,*,#1285,.F.);
#1666=ORIENTED_EDGE('',*,*,#1296,.F.);
#1667=ORIENTED_EDGE('',*,*,#1297,.T.);
#1668=ORIENTED_EDGE('',*,*,#1298,.T.);
#1669=ORIENTED_EDGE('',*,*,#1299,.T.);
#1670=ORIENTED_EDGE('',*,*,#1300,.T.);
#1671=ORIENTED_EDGE('',*,*,#1301,.T.);
#1672=ORIENTED_EDGE('',*,*,#1267,.T.);
#1673=ORIENTED_EDGE('',*,*,#1302,.T.);
#1674=ORIENTED_EDGE('',*,*,#1300,.F.);
#1675=ORIENTED_EDGE('',*,*,#1297,.F.);
#1676=ORIENTED_EDGE('',*,*,#1299,.F.);
#1677=ORIENTED_EDGE('',*,*,#1303,.T.);
#1678=ORIENTED_EDGE('',*,*,#1304,.T.);
#1679=ORIENTED_EDGE('',*,*,#1305,.T.);
#1680=ORIENTED_EDGE('',*,*,#1306,.T.);
#1681=ORIENTED_EDGE('',*,*,#1278,.T.);
#1682=ORIENTED_EDGE('',*,*,#1274,.T.);
#1683=ORIENTED_EDGE('',*,*,#1275,.T.);
#1684=ORIENTED_EDGE('',*,*,#1280,.T.);
#1685=ORIENTED_EDGE('',*,*,#1307,.T.);
#1686=ORIENTED_EDGE('',*,*,#1308,.T.);
#1687=ORIENTED_EDGE('',*,*,#1309,.T.);
#1688=ORIENTED_EDGE('',*,*,#1310,.T.);
#1689=ORIENTED_EDGE('',*,*,#1272,.F.);
#1690=ORIENTED_EDGE('',*,*,#1301,.F.);
#1691=ORIENTED_EDGE('',*,*,#1302,.F.);
#1692=ORIENTED_EDGE('',*,*,#1276,.F.);
#1693=ORIENTED_EDGE('',*,*,#1311,.F.);
#1694=ORIENTED_EDGE('',*,*,#1312,.F.);
#1695=ORIENTED_EDGE('',*,*,#1293,.F.);
#1696=ORIENTED_EDGE('',*,*,#1288,.F.);
#1697=ORIENTED_EDGE('',*,*,#1313,.F.);
#1698=ORIENTED_EDGE('',*,*,#1314,.T.);
#1699=ORIENTED_EDGE('',*,*,#1304,.F.);
#1700=ORIENTED_EDGE('',*,*,#1315,.F.);
#1701=ORIENTED_EDGE('',*,*,#1316,.T.);
#1702=ORIENTED_EDGE('',*,*,#1311,.T.);
#1703=ORIENTED_EDGE('',*,*,#1292,.F.);
#1704=ORIENTED_EDGE('',*,*,#1317,.F.);
#1705=ORIENTED_EDGE('',*,*,#1318,.F.);
#1706=ORIENTED_EDGE('',*,*,#1309,.F.);
#1707=ORIENTED_EDGE('',*,*,#1319,.F.);
#1708=ORIENTED_EDGE('',*,*,#1320,.F.);
#1709=ORIENTED_EDGE('',*,*,#1289,.F.);
#1710=ORIENTED_EDGE('',*,*,#1314,.F.);
#1711=ORIENTED_EDGE('',*,*,#1316,.F.);
#1712=ORIENTED_EDGE('',*,*,#1321,.F.);
#1713=ORIENTED_EDGE('',*,*,#1305,.F.);
#1714=ORIENTED_EDGE('',*,*,#1317,.T.);
#1715=ORIENTED_EDGE('',*,*,#1322,.T.);
#1716=ORIENTED_EDGE('',*,*,#1321,.T.);
#1717=ORIENTED_EDGE('',*,*,#1315,.T.);
#1718=ORIENTED_EDGE('',*,*,#1323,.T.);
#1719=ORIENTED_EDGE('',*,*,#1312,.T.);
#1720=ORIENTED_EDGE('',*,*,#1308,.F.);
#1721=ORIENTED_EDGE('',*,*,#1324,.F.);
#1722=ORIENTED_EDGE('',*,*,#1319,.T.);
#1723=ORIENTED_EDGE('',*,*,#1320,.T.);
#1724=ORIENTED_EDGE('',*,*,#1313,.T.);
#1725=ORIENTED_EDGE('',*,*,#1325,.T.);
#1726=ORIENTED_EDGE('',*,*,#1318,.T.);
#1727=ORIENTED_EDGE('',*,*,#1324,.T.);
#1728=ORIENTED_EDGE('',*,*,#1326,.T.);
#1729=ORIENTED_EDGE('',*,*,#1306,.F.);
#1730=ORIENTED_EDGE('',*,*,#1322,.F.);
#1731=ORIENTED_EDGE('',*,*,#1291,.F.);
#1732=ORIENTED_EDGE('',*,*,#1259,.F.);
#1733=ORIENTED_EDGE('',*,*,#1327,.F.);
#1734=ORIENTED_EDGE('',*,*,#1261,.F.);
#1735=ORIENTED_EDGE('',*,*,#1290,.F.);
#1736=ORIENTED_EDGE('',*,*,#1326,.F.);
#1737=ORIENTED_EDGE('',*,*,#1307,.F.);
#1738=ORIENTED_EDGE('',*,*,#1279,.F.);
#1739=ORIENTED_EDGE('',*,*,#1328,.F.);
#1740=ORIENTED_EDGE('',*,*,#1329,.F.);
#1741=ORIENTED_EDGE('',*,*,#1330,.F.);
#1742=ORIENTED_EDGE('',*,*,#1331,.F.);
#1743=ORIENTED_EDGE('',*,*,#1332,.F.);
#1744=ORIENTED_EDGE('',*,*,#1333,.F.);
#1745=ORIENTED_EDGE('',*,*,#1334,.F.);
#1746=ORIENTED_EDGE('',*,*,#1335,.F.);
#1747=ORIENTED_EDGE('',*,*,#1258,.T.);
#1748=ORIENTED_EDGE('',*,*,#1336,.F.);
#1749=ORIENTED_EDGE('',*,*,#1262,.F.);
#1750=ORIENTED_EDGE('',*,*,#1327,.T.);
#1751=ORIENTED_EDGE('',*,*,#1282,.F.);
#1752=ORIENTED_EDGE('',*,*,#1294,.F.);
#1753=ORIENTED_EDGE('',*,*,#1323,.F.);
#1754=ORIENTED_EDGE('',*,*,#1303,.F.);
#1755=ORIENTED_EDGE('',*,*,#1298,.F.);
#1756=ORIENTED_EDGE('',*,*,#1310,.F.);
#1757=ORIENTED_EDGE('',*,*,#1325,.F.);
#1758=ORIENTED_EDGE('',*,*,#1287,.F.);
#1759=ORIENTED_EDGE('',*,*,#1286,.F.);
#1760=ORIENTED_EDGE('',*,*,#1334,.T.);
#1761=ORIENTED_EDGE('',*,*,#1337,.T.);
#1762=ORIENTED_EDGE('',*,*,#1338,.T.);
#1763=ORIENTED_EDGE('',*,*,#1339,.T.);
#1764=ORIENTED_EDGE('',*,*,#1340,.T.);
#1765=ORIENTED_EDGE('',*,*,#1332,.T.);
#1766=ORIENTED_EDGE('',*,*,#1341,.T.);
#1767=ORIENTED_EDGE('',*,*,#1342,.T.);
#1768=ORIENTED_EDGE('',*,*,#1343,.T.);
#1769=ORIENTED_EDGE('',*,*,#1344,.T.);
#1770=ORIENTED_EDGE('',*,*,#1345,.T.);
#1771=ORIENTED_EDGE('',*,*,#1341,.F.);
#1772=ORIENTED_EDGE('',*,*,#1335,.T.);
#1773=ORIENTED_EDGE('',*,*,#1340,.F.);
#1774=ORIENTED_EDGE('',*,*,#1346,.F.);
#1775=ORIENTED_EDGE('',*,*,#1347,.T.);
#1776=ORIENTED_EDGE('',*,*,#1348,.T.);
#1777=ORIENTED_EDGE('',*,*,#1337,.F.);
#1778=ORIENTED_EDGE('',*,*,#1333,.T.);
#1779=ORIENTED_EDGE('',*,*,#1344,.F.);
#1780=ORIENTED_EDGE('',*,*,#1349,.T.);
#1781=ORIENTED_EDGE('',*,*,#1350,.T.);
#1782=ORIENTED_EDGE('',*,*,#1345,.F.);
#1783=ORIENTED_EDGE('',*,*,#1339,.F.);
#1784=ORIENTED_EDGE('',*,*,#1351,.F.);
#1785=ORIENTED_EDGE('',*,*,#1352,.F.);
#1786=ORIENTED_EDGE('',*,*,#1353,.F.);
#1787=ORIENTED_EDGE('',*,*,#1342,.F.);
#1788=ORIENTED_EDGE('',*,*,#1354,.T.);
#1789=ORIENTED_EDGE('',*,*,#1338,.F.);
#1790=ORIENTED_EDGE('',*,*,#1348,.F.);
#1791=ORIENTED_EDGE('',*,*,#1355,.F.);
#1792=ORIENTED_EDGE('',*,*,#1356,.F.);
#1793=ORIENTED_EDGE('',*,*,#1351,.T.);
#1794=ORIENTED_EDGE('',*,*,#1330,.T.);
#1795=ORIENTED_EDGE('',*,*,#1357,.T.);
#1796=ORIENTED_EDGE('',*,*,#1358,.T.);
#1797=ORIENTED_EDGE('',*,*,#1359,.T.);
#1798=ORIENTED_EDGE('',*,*,#1360,.T.);
#1799=ORIENTED_EDGE('',*,*,#1328,.T.);
#1800=ORIENTED_EDGE('',*,*,#1361,.T.);
#1801=ORIENTED_EDGE('',*,*,#1362,.T.);
#1802=ORIENTED_EDGE('',*,*,#1363,.T.);
#1803=ORIENTED_EDGE('',*,*,#1364,.T.);
#1804=ORIENTED_EDGE('',*,*,#1365,.T.);
#1805=ORIENTED_EDGE('',*,*,#1361,.F.);
#1806=ORIENTED_EDGE('',*,*,#1331,.T.);
#1807=ORIENTED_EDGE('',*,*,#1360,.F.);
#1808=ORIENTED_EDGE('',*,*,#1366,.F.);
#1809=ORIENTED_EDGE('',*,*,#1367,.T.);
#1810=ORIENTED_EDGE('',*,*,#1368,.T.);
#1811=ORIENTED_EDGE('',*,*,#1357,.F.);
#1812=ORIENTED_EDGE('',*,*,#1329,.T.);
#1813=ORIENTED_EDGE('',*,*,#1364,.F.);
#1814=ORIENTED_EDGE('',*,*,#1369,.T.);
#1815=ORIENTED_EDGE('',*,*,#1370,.T.);
#1816=ORIENTED_EDGE('',*,*,#1365,.F.);
#1817=ORIENTED_EDGE('',*,*,#1359,.F.);
#1818=ORIENTED_EDGE('',*,*,#1371,.F.);
#1819=ORIENTED_EDGE('',*,*,#1372,.F.);
#1820=ORIENTED_EDGE('',*,*,#1373,.F.);
#1821=ORIENTED_EDGE('',*,*,#1362,.F.);
#1822=ORIENTED_EDGE('',*,*,#1374,.T.);
#1823=ORIENTED_EDGE('',*,*,#1358,.F.);
#1824=ORIENTED_EDGE('',*,*,#1368,.F.);
#1825=ORIENTED_EDGE('',*,*,#1375,.F.);
#1826=ORIENTED_EDGE('',*,*,#1376,.F.);
#1827=ORIENTED_EDGE('',*,*,#1371,.T.);
#1828=ORIENTED_EDGE('',*,*,#1366,.T.);
#1829=ORIENTED_EDGE('',*,*,#1377,.F.);
#1830=ORIENTED_EDGE('',*,*,#1378,.T.);
#1831=ORIENTED_EDGE('',*,*,#1379,.F.);
#1832=ORIENTED_EDGE('',*,*,#1346,.T.);
#1833=ORIENTED_EDGE('',*,*,#1380,.F.);
#1834=ORIENTED_EDGE('',*,*,#1378,.F.);
#1835=ORIENTED_EDGE('',*,*,#1381,.F.);
#1836=ORIENTED_EDGE('',*,*,#1350,.F.);
#1837=ORIENTED_EDGE('',*,*,#1382,.T.);
#1838=ORIENTED_EDGE('',*,*,#1383,.T.);
#1839=ORIENTED_EDGE('',*,*,#1355,.T.);
#1840=ORIENTED_EDGE('',*,*,#1347,.F.);
#1841=ORIENTED_EDGE('',*,*,#1379,.T.);
#1842=ORIENTED_EDGE('',*,*,#1380,.T.);
#1843=ORIENTED_EDGE('',*,*,#1384,.T.);
#1844=ORIENTED_EDGE('',*,*,#1385,.F.);
#1845=ORIENTED_EDGE('',*,*,#1352,.T.);
#1846=ORIENTED_EDGE('',*,*,#1356,.T.);
#1847=ORIENTED_EDGE('',*,*,#1383,.F.);
#1848=ORIENTED_EDGE('',*,*,#1343,.F.);
#1849=ORIENTED_EDGE('',*,*,#1353,.T.);
#1850=ORIENTED_EDGE('',*,*,#1385,.T.);
#1851=ORIENTED_EDGE('',*,*,#1382,.F.);
#1852=ORIENTED_EDGE('',*,*,#1349,.F.);
#1853=ORIENTED_EDGE('',*,*,#1370,.F.);
#1854=ORIENTED_EDGE('',*,*,#1386,.T.);
#1855=ORIENTED_EDGE('',*,*,#1387,.T.);
#1856=ORIENTED_EDGE('',*,*,#1375,.T.);
#1857=ORIENTED_EDGE('',*,*,#1367,.F.);
#1858=ORIENTED_EDGE('',*,*,#1381,.T.);
#1859=ORIENTED_EDGE('',*,*,#1377,.T.);
#1860=ORIENTED_EDGE('',*,*,#1388,.T.);
#1861=ORIENTED_EDGE('',*,*,#1336,.T.);
#1862=ORIENTED_EDGE('',*,*,#1263,.T.);
#1863=ORIENTED_EDGE('',*,*,#1295,.T.);
#1864=ORIENTED_EDGE('',*,*,#1354,.F.);
#1865=ORIENTED_EDGE('',*,*,#1389,.T.);
#1866=ORIENTED_EDGE('',*,*,#1384,.F.);
#1867=ORIENTED_EDGE('',*,*,#1389,.F.);
#1868=ORIENTED_EDGE('',*,*,#1374,.F.);
#1869=ORIENTED_EDGE('',*,*,#1390,.T.);
#1870=ORIENTED_EDGE('',*,*,#1388,.F.);
#1871=ORIENTED_EDGE('',*,*,#1390,.F.);
#1872=ORIENTED_EDGE('',*,*,#1372,.T.);
#1873=ORIENTED_EDGE('',*,*,#1376,.T.);
#1874=ORIENTED_EDGE('',*,*,#1387,.F.);
#1875=ORIENTED_EDGE('',*,*,#1391,.F.);
#1876=ORIENTED_EDGE('',*,*,#1363,.F.);
#1877=ORIENTED_EDGE('',*,*,#1373,.T.);
#1878=ORIENTED_EDGE('',*,*,#1391,.T.);
#1879=ORIENTED_EDGE('',*,*,#1386,.F.);
#1880=ORIENTED_EDGE('',*,*,#1369,.F.);
#1881=ORIENTED_EDGE('',*,*,#1392,.F.);
#1882=ORIENTED_EDGE('',*,*,#1393,.T.);
#1883=ORIENTED_EDGE('',*,*,#1394,.T.);
#1884=ORIENTED_EDGE('',*,*,#1393,.F.);
#1885=ORIENTED_EDGE('',*,*,#1394,.F.);
#1886=ORIENTED_EDGE('',*,*,#1395,.F.);
#1887=ORIENTED_EDGE('',*,*,#1396,.T.);
#1888=ORIENTED_EDGE('',*,*,#1397,.T.);
#1889=ORIENTED_EDGE('',*,*,#1396,.F.);
#1890=ORIENTED_EDGE('',*,*,#1397,.F.);
#1891=ORIENTED_EDGE('',*,*,#1398,.F.);
#1892=ORIENTED_EDGE('',*,*,#1399,.T.);
#1893=ORIENTED_EDGE('',*,*,#1400,.T.);
#1894=ORIENTED_EDGE('',*,*,#1399,.F.);
#1895=ORIENTED_EDGE('',*,*,#1400,.F.);
#1896=ORIENTED_EDGE('',*,*,#1401,.F.);
#1897=ORIENTED_EDGE('',*,*,#1402,.T.);
#1898=ORIENTED_EDGE('',*,*,#1403,.T.);
#1899=ORIENTED_EDGE('',*,*,#1402,.F.);
#1900=ORIENTED_EDGE('',*,*,#1403,.F.);
#1901=ORIENTED_EDGE('',*,*,#1404,.T.);
#1902=ORIENTED_EDGE('',*,*,#1405,.T.);
#1903=ORIENTED_EDGE('',*,*,#1406,.T.);
#1904=ORIENTED_EDGE('',*,*,#1407,.T.);
#1905=ORIENTED_EDGE('',*,*,#1405,.F.);
#1906=ORIENTED_EDGE('',*,*,#1408,.F.);
#1907=ORIENTED_EDGE('',*,*,#1409,.F.);
#1908=ORIENTED_EDGE('',*,*,#1410,.T.);
#1909=ORIENTED_EDGE('',*,*,#1404,.F.);
#1910=ORIENTED_EDGE('',*,*,#1411,.T.);
#1911=ORIENTED_EDGE('',*,*,#1412,.F.);
#1912=ORIENTED_EDGE('',*,*,#1413,.T.);
#1913=ORIENTED_EDGE('',*,*,#1414,.F.);
#1914=ORIENTED_EDGE('',*,*,#1415,.T.);
#1915=ORIENTED_EDGE('',*,*,#1416,.F.);
#1916=ORIENTED_EDGE('',*,*,#1408,.T.);
#1917=ORIENTED_EDGE('',*,*,#1416,.T.);
#1918=ORIENTED_EDGE('',*,*,#1417,.T.);
#1919=ORIENTED_EDGE('',*,*,#1418,.T.);
#1920=ORIENTED_EDGE('',*,*,#1409,.T.);
#1921=ORIENTED_EDGE('',*,*,#1407,.F.);
#1922=ORIENTED_EDGE('',*,*,#1419,.T.);
#1923=ORIENTED_EDGE('',*,*,#1420,.F.);
#1924=ORIENTED_EDGE('',*,*,#1411,.F.);
#1925=ORIENTED_EDGE('',*,*,#1406,.F.);
#1926=ORIENTED_EDGE('',*,*,#1410,.F.);
#1927=ORIENTED_EDGE('',*,*,#1418,.F.);
#1928=ORIENTED_EDGE('',*,*,#1421,.F.);
#1929=ORIENTED_EDGE('',*,*,#1422,.F.);
#1930=ORIENTED_EDGE('',*,*,#1423,.F.);
#1931=ORIENTED_EDGE('',*,*,#1424,.F.);
#1932=ORIENTED_EDGE('',*,*,#1419,.F.);
#1933=ORIENTED_EDGE('',*,*,#1392,.T.);
#1934=ORIENTED_EDGE('',*,*,#1395,.T.);
#1935=ORIENTED_EDGE('',*,*,#1398,.T.);
#1936=ORIENTED_EDGE('',*,*,#1401,.T.);
#1937=ORIENTED_EDGE('',*,*,#1417,.F.);
#1938=ORIENTED_EDGE('',*,*,#1415,.F.);
#1939=ORIENTED_EDGE('',*,*,#1425,.F.);
#1940=ORIENTED_EDGE('',*,*,#1421,.T.);
#1941=ORIENTED_EDGE('',*,*,#1414,.T.);
#1942=ORIENTED_EDGE('',*,*,#1426,.T.);
#1943=ORIENTED_EDGE('',*,*,#1422,.T.);
#1944=ORIENTED_EDGE('',*,*,#1425,.T.);
#1945=ORIENTED_EDGE('',*,*,#1426,.F.);
#1946=ORIENTED_EDGE('',*,*,#1413,.F.);
#1947=ORIENTED_EDGE('',*,*,#1427,.F.);
#1948=ORIENTED_EDGE('',*,*,#1423,.T.);
#1949=ORIENTED_EDGE('',*,*,#1424,.T.);
#1950=ORIENTED_EDGE('',*,*,#1427,.T.);
#1951=ORIENTED_EDGE('',*,*,#1412,.T.);
#1952=ORIENTED_EDGE('',*,*,#1420,.T.);
#1953=ORIENTED_EDGE('',*,*,#1428,.F.);
#1954=ORIENTED_EDGE('',*,*,#1429,.F.);
#1955=ORIENTED_EDGE('',*,*,#1430,.F.);
#1956=ORIENTED_EDGE('',*,*,#1431,.F.);
#1957=ORIENTED_EDGE('',*,*,#1432,.F.);
#1958=ORIENTED_EDGE('',*,*,#1433,.F.);
#1959=ORIENTED_EDGE('',*,*,#1434,.F.);
#1960=ORIENTED_EDGE('',*,*,#1435,.F.);
#1961=ORIENTED_EDGE('',*,*,#1432,.T.);
#1962=ORIENTED_EDGE('',*,*,#1436,.T.);
#1963=ORIENTED_EDGE('',*,*,#1437,.F.);
#1964=ORIENTED_EDGE('',*,*,#1438,.F.);
#1965=ORIENTED_EDGE('',*,*,#1431,.T.);
#1966=ORIENTED_EDGE('',*,*,#1439,.T.);
#1967=ORIENTED_EDGE('',*,*,#1440,.T.);
#1968=ORIENTED_EDGE('',*,*,#1441,.T.);
#1969=ORIENTED_EDGE('',*,*,#1442,.T.);
#1970=ORIENTED_EDGE('',*,*,#1443,.F.);
#1971=ORIENTED_EDGE('',*,*,#1444,.F.);
#1972=ORIENTED_EDGE('',*,*,#1436,.F.);
#1973=ORIENTED_EDGE('',*,*,#1445,.F.);
#1974=ORIENTED_EDGE('',*,*,#1446,.T.);
#1975=ORIENTED_EDGE('',*,*,#1439,.F.);
#1976=ORIENTED_EDGE('',*,*,#1430,.T.);
#1977=ORIENTED_EDGE('',*,*,#1429,.T.);
#1978=ORIENTED_EDGE('',*,*,#1447,.T.);
#1979=ORIENTED_EDGE('',*,*,#1448,.F.);
#1980=ORIENTED_EDGE('',*,*,#1449,.F.);
#1981=ORIENTED_EDGE('',*,*,#1450,.T.);
#1982=ORIENTED_EDGE('',*,*,#1451,.T.);
#1983=ORIENTED_EDGE('',*,*,#1452,.T.);
#1984=ORIENTED_EDGE('',*,*,#1445,.T.);
#1985=ORIENTED_EDGE('',*,*,#1428,.T.);
#1986=ORIENTED_EDGE('',*,*,#1453,.T.);
#1987=ORIENTED_EDGE('',*,*,#1454,.F.);
#1988=ORIENTED_EDGE('',*,*,#1447,.F.);
#1989=ORIENTED_EDGE('',*,*,#1455,.T.);
#1990=ORIENTED_EDGE('',*,*,#1456,.T.);
#1991=ORIENTED_EDGE('',*,*,#1457,.F.);
#1992=ORIENTED_EDGE('',*,*,#1458,.F.);
#1993=ORIENTED_EDGE('',*,*,#1459,.T.);
#1994=ORIENTED_EDGE('',*,*,#1460,.T.);
#1995=ORIENTED_EDGE('',*,*,#1461,.F.);
#1996=ORIENTED_EDGE('',*,*,#1462,.T.);
#1997=ORIENTED_EDGE('',*,*,#1463,.T.);
#1998=ORIENTED_EDGE('',*,*,#1464,.F.);
#1999=ORIENTED_EDGE('',*,*,#1453,.F.);
#2000=ORIENTED_EDGE('',*,*,#1435,.T.);
#2001=ORIENTED_EDGE('',*,*,#1465,.T.);
#2002=ORIENTED_EDGE('',*,*,#1449,.T.);
#2003=ORIENTED_EDGE('',*,*,#1466,.F.);
#2004=ORIENTED_EDGE('',*,*,#1467,.F.);
#2005=ORIENTED_EDGE('',*,*,#1468,.T.);
#2006=ORIENTED_EDGE('',*,*,#1467,.T.);
#2007=ORIENTED_EDGE('',*,*,#1469,.F.);
#2008=ORIENTED_EDGE('',*,*,#1470,.F.);
#2009=ORIENTED_EDGE('',*,*,#1471,.T.);
#2010=ORIENTED_EDGE('',*,*,#1470,.T.);
#2011=ORIENTED_EDGE('',*,*,#1472,.F.);
#2012=ORIENTED_EDGE('',*,*,#1456,.F.);
#2013=ORIENTED_EDGE('',*,*,#1473,.T.);
#2014=ORIENTED_EDGE('',*,*,#1474,.F.);
#2015=ORIENTED_EDGE('',*,*,#1475,.T.);
#2016=ORIENTED_EDGE('',*,*,#1476,.F.);
#2017=ORIENTED_EDGE('',*,*,#1477,.T.);
#2018=ORIENTED_EDGE('',*,*,#1478,.T.);
#2019=ORIENTED_EDGE('',*,*,#1479,.T.);
#2020=ORIENTED_EDGE('',*,*,#1480,.T.);
#2021=ORIENTED_EDGE('',*,*,#1481,.F.);
#2022=ORIENTED_EDGE('',*,*,#1482,.T.);
#2023=ORIENTED_EDGE('',*,*,#1483,.T.);
#2024=ORIENTED_EDGE('',*,*,#1482,.F.);
#2025=ORIENTED_EDGE('',*,*,#1484,.T.);
#2026=ORIENTED_EDGE('',*,*,#1485,.T.);
#2027=ORIENTED_EDGE('',*,*,#1486,.F.);
#2028=ORIENTED_EDGE('',*,*,#1485,.F.);
#2029=ORIENTED_EDGE('',*,*,#1487,.F.);
#2030=ORIENTED_EDGE('',*,*,#1488,.F.);
#2031=ORIENTED_EDGE('',*,*,#1473,.F.);
#2032=ORIENTED_EDGE('',*,*,#1489,.F.);
#2033=ORIENTED_EDGE('',*,*,#1481,.T.);
#2034=ORIENTED_EDGE('',*,*,#1490,.F.);
#2035=ORIENTED_EDGE('',*,*,#1491,.F.);
#2036=ORIENTED_EDGE('',*,*,#1492,.F.);
#2037=ORIENTED_EDGE('',*,*,#1475,.F.);
#2038=ORIENTED_EDGE('',*,*,#1493,.F.);
#2039=ORIENTED_EDGE('',*,*,#1494,.F.);
#2040=ORIENTED_EDGE('',*,*,#1486,.T.);
#2041=ORIENTED_EDGE('',*,*,#1495,.F.);
#2042=ORIENTED_EDGE('',*,*,#1493,.T.);
#2043=ORIENTED_EDGE('',*,*,#1474,.T.);
#2044=ORIENTED_EDGE('',*,*,#1488,.T.);
#2045=ORIENTED_EDGE('',*,*,#1496,.F.);
#2046=ORIENTED_EDGE('',*,*,#1489,.T.);
#2047=ORIENTED_EDGE('',*,*,#1476,.T.);
#2048=ORIENTED_EDGE('',*,*,#1492,.T.);
#2049=ORIENTED_EDGE('',*,*,#1497,.F.);
#2050=ORIENTED_EDGE('',*,*,#1462,.F.);
#2051=ORIENTED_EDGE('',*,*,#1498,.F.);
#2052=ORIENTED_EDGE('',*,*,#1450,.F.);
#2053=ORIENTED_EDGE('',*,*,#1465,.F.);
#2054=ORIENTED_EDGE('',*,*,#1468,.F.);
#2055=ORIENTED_EDGE('',*,*,#1471,.F.);
#2056=ORIENTED_EDGE('',*,*,#1455,.F.);
#2057=ORIENTED_EDGE('',*,*,#1499,.T.);
#2058=ORIENTED_EDGE('',*,*,#1500,.T.);
#2059=ORIENTED_EDGE('',*,*,#1501,.T.);
#2060=ORIENTED_EDGE('',*,*,#1502,.T.);
#2061=ORIENTED_EDGE('',*,*,#1503,.T.);
#2062=ORIENTED_EDGE('',*,*,#1491,.T.);
#2063=ORIENTED_EDGE('',*,*,#1490,.T.);
#2064=ORIENTED_EDGE('',*,*,#1494,.T.);
#2065=ORIENTED_EDGE('',*,*,#1495,.T.);
#2066=ORIENTED_EDGE('',*,*,#1487,.T.);
#2067=ORIENTED_EDGE('',*,*,#1496,.T.);
#2068=ORIENTED_EDGE('',*,*,#1504,.F.);
#2069=ORIENTED_EDGE('',*,*,#1505,.T.);
#2070=ORIENTED_EDGE('',*,*,#1506,.F.);
#2071=ORIENTED_EDGE('',*,*,#1507,.F.);
#2072=ORIENTED_EDGE('',*,*,#1508,.F.);
#2073=ORIENTED_EDGE('',*,*,#1507,.T.);
#2074=ORIENTED_EDGE('',*,*,#1509,.F.);
#2075=ORIENTED_EDGE('',*,*,#1510,.F.);
#2076=ORIENTED_EDGE('',*,*,#1511,.F.);
#2077=ORIENTED_EDGE('',*,*,#1510,.T.);
#2078=ORIENTED_EDGE('',*,*,#1512,.F.);
#2079=ORIENTED_EDGE('',*,*,#1513,.F.);
#2080=ORIENTED_EDGE('',*,*,#1514,.F.);
#2081=ORIENTED_EDGE('',*,*,#1513,.T.);
#2082=ORIENTED_EDGE('',*,*,#1515,.F.);
#2083=ORIENTED_EDGE('',*,*,#1505,.F.);
#2084=ORIENTED_EDGE('',*,*,#1516,.T.);
#2085=ORIENTED_EDGE('',*,*,#1451,.F.);
#2086=ORIENTED_EDGE('',*,*,#1498,.T.);
#2087=ORIENTED_EDGE('',*,*,#1461,.T.);
#2088=ORIENTED_EDGE('',*,*,#1517,.T.);
#2089=ORIENTED_EDGE('',*,*,#1518,.T.);
#2090=ORIENTED_EDGE('',*,*,#1519,.T.);
#2091=ORIENTED_EDGE('',*,*,#1437,.T.);
#2092=ORIENTED_EDGE('',*,*,#1444,.T.);
#2093=ORIENTED_EDGE('',*,*,#1520,.T.);
#2094=ORIENTED_EDGE('',*,*,#1521,.T.);
#2095=ORIENTED_EDGE('',*,*,#1522,.T.);
#2096=ORIENTED_EDGE('',*,*,#1472,.T.);
#2097=ORIENTED_EDGE('',*,*,#1469,.T.);
#2098=ORIENTED_EDGE('',*,*,#1466,.T.);
#2099=ORIENTED_EDGE('',*,*,#1448,.T.);
#2100=ORIENTED_EDGE('',*,*,#1454,.T.);
#2101=ORIENTED_EDGE('',*,*,#1464,.T.);
#2102=ORIENTED_EDGE('',*,*,#1523,.T.);
#2103=ORIENTED_EDGE('',*,*,#1457,.T.);
#2104=ORIENTED_EDGE('',*,*,#1524,.F.);
#2105=ORIENTED_EDGE('',*,*,#1525,.T.);
#2106=ORIENTED_EDGE('',*,*,#1459,.F.);
#2107=ORIENTED_EDGE('',*,*,#1434,.T.);
#2108=ORIENTED_EDGE('',*,*,#1526,.F.);
#2109=ORIENTED_EDGE('',*,*,#1440,.F.);
#2110=ORIENTED_EDGE('',*,*,#1446,.F.);
#2111=ORIENTED_EDGE('',*,*,#1452,.F.);
#2112=ORIENTED_EDGE('',*,*,#1516,.F.);
#2113=ORIENTED_EDGE('',*,*,#1460,.F.);
#2114=ORIENTED_EDGE('',*,*,#1525,.F.);
#2115=ORIENTED_EDGE('',*,*,#1527,.F.);
#2116=ORIENTED_EDGE('',*,*,#1528,.T.);
#2117=ORIENTED_EDGE('',*,*,#1529,.T.);
#2118=ORIENTED_EDGE('',*,*,#1530,.F.);
#2119=ORIENTED_EDGE('',*,*,#1531,.F.);
#2120=ORIENTED_EDGE('',*,*,#1532,.F.);
#2121=ORIENTED_EDGE('',*,*,#1533,.T.);
#2122=ORIENTED_EDGE('',*,*,#1528,.F.);
#2123=ORIENTED_EDGE('',*,*,#1534,.F.);
#2124=ORIENTED_EDGE('',*,*,#1535,.F.);
#2125=ORIENTED_EDGE('',*,*,#1536,.F.);
#2126=ORIENTED_EDGE('',*,*,#1529,.F.);
#2127=ORIENTED_EDGE('',*,*,#1533,.F.);
#2128=ORIENTED_EDGE('',*,*,#1537,.F.);
#2129=ORIENTED_EDGE('',*,*,#1534,.T.);
#2130=ORIENTED_EDGE('',*,*,#1531,.T.);
#2131=ORIENTED_EDGE('',*,*,#1538,.F.);
#2132=ORIENTED_EDGE('',*,*,#1539,.F.);
#2133=ORIENTED_EDGE('',*,*,#1538,.T.);
#2134=ORIENTED_EDGE('',*,*,#1530,.T.);
#2135=ORIENTED_EDGE('',*,*,#1536,.T.);
#2136=ORIENTED_EDGE('',*,*,#1540,.T.);
#2137=ORIENTED_EDGE('',*,*,#1540,.F.);
#2138=ORIENTED_EDGE('',*,*,#1541,.T.);
#2139=ORIENTED_EDGE('',*,*,#1502,.F.);
#2140=ORIENTED_EDGE('',*,*,#1541,.F.);
#2141=ORIENTED_EDGE('',*,*,#1542,.T.);
#2142=ORIENTED_EDGE('',*,*,#1542,.F.);
#2143=ORIENTED_EDGE('',*,*,#1543,.T.);
#2144=ORIENTED_EDGE('',*,*,#1501,.F.);
#2145=ORIENTED_EDGE('',*,*,#1543,.F.);
#2146=ORIENTED_EDGE('',*,*,#1544,.T.);
#2147=ORIENTED_EDGE('',*,*,#1544,.F.);
#2148=ORIENTED_EDGE('',*,*,#1545,.T.);
#2149=ORIENTED_EDGE('',*,*,#1500,.F.);
#2150=ORIENTED_EDGE('',*,*,#1545,.F.);
#2151=ORIENTED_EDGE('',*,*,#1546,.T.);
#2152=ORIENTED_EDGE('',*,*,#1546,.F.);
#2153=ORIENTED_EDGE('',*,*,#1547,.T.);
#2154=ORIENTED_EDGE('',*,*,#1499,.F.);
#2155=ORIENTED_EDGE('',*,*,#1547,.F.);
#2156=ORIENTED_EDGE('',*,*,#1548,.F.);
#2157=ORIENTED_EDGE('',*,*,#1549,.T.);
#2158=ORIENTED_EDGE('',*,*,#1550,.F.);
#2159=ORIENTED_EDGE('',*,*,#1551,.T.);
#2160=ORIENTED_EDGE('',*,*,#1552,.F.);
#2161=ORIENTED_EDGE('',*,*,#1553,.T.);
#2162=ORIENTED_EDGE('',*,*,#1554,.F.);
#2163=ORIENTED_EDGE('',*,*,#1555,.T.);
#2164=ORIENTED_EDGE('',*,*,#1556,.F.);
#2165=ORIENTED_EDGE('',*,*,#1551,.F.);
#2166=ORIENTED_EDGE('',*,*,#1557,.F.);
#2167=ORIENTED_EDGE('',*,*,#1555,.F.);
#2168=ORIENTED_EDGE('',*,*,#1497,.T.);
#2169=ORIENTED_EDGE('',*,*,#1458,.T.);
#2170=ORIENTED_EDGE('',*,*,#1523,.F.);
#2171=ORIENTED_EDGE('',*,*,#1463,.F.);
#2172=ORIENTED_EDGE('',*,*,#1537,.T.);
#2173=ORIENTED_EDGE('',*,*,#1539,.T.);
#2174=ORIENTED_EDGE('',*,*,#1535,.T.);
#2175=ORIENTED_EDGE('',*,*,#1532,.T.);
#2176=ORIENTED_EDGE('',*,*,#1554,.T.);
#2177=ORIENTED_EDGE('',*,*,#1558,.T.);
#2178=ORIENTED_EDGE('',*,*,#1548,.T.);
#2179=ORIENTED_EDGE('',*,*,#1556,.T.);
#2180=ORIENTED_EDGE('',*,*,#1515,.T.);
#2181=ORIENTED_EDGE('',*,*,#1512,.T.);
#2182=ORIENTED_EDGE('',*,*,#1509,.T.);
#2183=ORIENTED_EDGE('',*,*,#1506,.T.);
#2184=ORIENTED_EDGE('',*,*,#1559,.F.);
#2185=ORIENTED_EDGE('',*,*,#1549,.F.);
#2186=ORIENTED_EDGE('',*,*,#1558,.F.);
#2187=ORIENTED_EDGE('',*,*,#1553,.F.);
#2188=ORIENTED_EDGE('',*,*,#1560,.T.);
#2189=ORIENTED_EDGE('',*,*,#1561,.T.);
#2190=ORIENTED_EDGE('',*,*,#1503,.F.);
#2191=ORIENTED_EDGE('',*,*,#1561,.F.);
#2192=ORIENTED_EDGE('',*,*,#1562,.T.);
#2193=ORIENTED_EDGE('',*,*,#1563,.F.);
#2194=ORIENTED_EDGE('',*,*,#1522,.F.);
#2195=ORIENTED_EDGE('',*,*,#1564,.T.);
#2196=ORIENTED_EDGE('',*,*,#1565,.T.);
#2197=ORIENTED_EDGE('',*,*,#1564,.F.);
#2198=ORIENTED_EDGE('',*,*,#1521,.F.);
#2199=ORIENTED_EDGE('',*,*,#1566,.T.);
#2200=ORIENTED_EDGE('',*,*,#1567,.T.);
#2201=ORIENTED_EDGE('',*,*,#1568,.T.);
#2202=ORIENTED_EDGE('',*,*,#1517,.F.);
#2203=ORIENTED_EDGE('',*,*,#1563,.T.);
#2204=ORIENTED_EDGE('',*,*,#1569,.T.);
#2205=ORIENTED_EDGE('',*,*,#1566,.F.);
#2206=ORIENTED_EDGE('',*,*,#1520,.F.);
#2207=ORIENTED_EDGE('',*,*,#1443,.T.);
#2208=ORIENTED_EDGE('',*,*,#1570,.T.);
#2209=ORIENTED_EDGE('',*,*,#1571,.F.);
#2210=ORIENTED_EDGE('',*,*,#1518,.F.);
#2211=ORIENTED_EDGE('',*,*,#1568,.F.);
#2212=ORIENTED_EDGE('',*,*,#1552,.T.);
#2213=ORIENTED_EDGE('',*,*,#1557,.T.);
#2214=ORIENTED_EDGE('',*,*,#1550,.T.);
#2215=ORIENTED_EDGE('',*,*,#1559,.T.);
#2216=ORIENTED_EDGE('',*,*,#1514,.T.);
#2217=ORIENTED_EDGE('',*,*,#1504,.T.);
#2218=ORIENTED_EDGE('',*,*,#1508,.T.);
#2219=ORIENTED_EDGE('',*,*,#1511,.T.);
#2220=ORIENTED_EDGE('',*,*,#1572,.T.);
#2221=ORIENTED_EDGE('',*,*,#1441,.F.);
#2222=ORIENTED_EDGE('',*,*,#1526,.T.);
#2223=ORIENTED_EDGE('',*,*,#1573,.T.);
#2224=ORIENTED_EDGE('',*,*,#1433,.T.);
#2225=ORIENTED_EDGE('',*,*,#1438,.T.);
#2226=ORIENTED_EDGE('',*,*,#1519,.F.);
#2227=ORIENTED_EDGE('',*,*,#1571,.T.);
#2228=ORIENTED_EDGE('',*,*,#1574,.T.);
#2229=ORIENTED_EDGE('',*,*,#1573,.F.);
#2230=ORIENTED_EDGE('',*,*,#1527,.T.);
#2231=ORIENTED_EDGE('',*,*,#1524,.T.);
#2232=ORIENTED_EDGE('',*,*,#1575,.T.);
#2233=ORIENTED_EDGE('',*,*,#1576,.F.);
#2234=ORIENTED_EDGE('',*,*,#1478,.F.);
#2235=ORIENTED_EDGE('',*,*,#1577,.F.);
#2236=ORIENTED_EDGE('',*,*,#1578,.T.);
#2237=ORIENTED_EDGE('',*,*,#1577,.T.);
#2238=ORIENTED_EDGE('',*,*,#1477,.F.);
#2239=ORIENTED_EDGE('',*,*,#1579,.T.);
#2240=ORIENTED_EDGE('',*,*,#1484,.F.);
#2241=ORIENTED_EDGE('',*,*,#1580,.T.);
#2242=ORIENTED_EDGE('',*,*,#1579,.F.);
#2243=ORIENTED_EDGE('',*,*,#1480,.F.);
#2244=ORIENTED_EDGE('',*,*,#1581,.F.);
#2245=ORIENTED_EDGE('',*,*,#1582,.T.);
#2246=ORIENTED_EDGE('',*,*,#1581,.T.);
#2247=ORIENTED_EDGE('',*,*,#1479,.F.);
#2248=ORIENTED_EDGE('',*,*,#1576,.T.);
#2249=ORIENTED_EDGE('',*,*,#1483,.F.);
#2250=ORIENTED_EDGE('',*,*,#1562,.F.);
#2251=ORIENTED_EDGE('',*,*,#1565,.F.);
#2252=ORIENTED_EDGE('',*,*,#1569,.F.);
#2253=ORIENTED_EDGE('',*,*,#1442,.F.);
#2254=ORIENTED_EDGE('',*,*,#1572,.F.);
#2255=ORIENTED_EDGE('',*,*,#1574,.F.);
#2256=ORIENTED_EDGE('',*,*,#1570,.F.);
#2257=ORIENTED_EDGE('',*,*,#1567,.F.);
#2258=ORIENTED_EDGE('',*,*,#1575,.F.);
#2259=ORIENTED_EDGE('',*,*,#1578,.F.);
#2260=ORIENTED_EDGE('',*,*,#1580,.F.);
#2261=ORIENTED_EDGE('',*,*,#1582,.F.);
#2262=ORIENTED_EDGE('',*,*,#1560,.F.);
#2263=ORIENTED_EDGE('',*,*,#1583,.F.);
#2264=ORIENTED_EDGE('',*,*,#1584,.F.);
#2265=ORIENTED_EDGE('',*,*,#1585,.F.);
#2266=ORIENTED_EDGE('',*,*,#1586,.F.);
#2267=ORIENTED_EDGE('',*,*,#1587,.F.);
#2268=ORIENTED_EDGE('',*,*,#1588,.F.);
#2269=ORIENTED_EDGE('',*,*,#1589,.F.);
#2270=ORIENTED_EDGE('',*,*,#1590,.F.);
#2271=ORIENTED_EDGE('',*,*,#1591,.F.);
#2272=ORIENTED_EDGE('',*,*,#1590,.T.);
#2273=ORIENTED_EDGE('',*,*,#1592,.T.);
#2274=ORIENTED_EDGE('',*,*,#1584,.T.);
#2275=ORIENTED_EDGE('',*,*,#1593,.F.);
#2276=ORIENTED_EDGE('',*,*,#1586,.T.);
#2277=ORIENTED_EDGE('',*,*,#1594,.T.);
#2278=ORIENTED_EDGE('',*,*,#1588,.T.);
#2279=ORIENTED_EDGE('',*,*,#1594,.F.);
#2280=ORIENTED_EDGE('',*,*,#1585,.T.);
#2281=ORIENTED_EDGE('',*,*,#1592,.F.);
#2282=ORIENTED_EDGE('',*,*,#1589,.T.);
#2283=ORIENTED_EDGE('',*,*,#1595,.F.);
#2284=ORIENTED_EDGE('',*,*,#1596,.T.);
#2285=ORIENTED_EDGE('',*,*,#1597,.F.);
#2286=ORIENTED_EDGE('',*,*,#1598,.F.);
#2287=ORIENTED_EDGE('',*,*,#1599,.F.);
#2288=ORIENTED_EDGE('',*,*,#1600,.T.);
#2289=ORIENTED_EDGE('',*,*,#1601,.F.);
#2290=ORIENTED_EDGE('',*,*,#1602,.F.);
#2291=ORIENTED_EDGE('',*,*,#1600,.F.);
#2292=ORIENTED_EDGE('',*,*,#1603,.F.);
#2293=ORIENTED_EDGE('',*,*,#1604,.F.);
#2294=ORIENTED_EDGE('',*,*,#1605,.F.);
#2295=ORIENTED_EDGE('',*,*,#1596,.F.);
#2296=ORIENTED_EDGE('',*,*,#1606,.F.);
#2297=ORIENTED_EDGE('',*,*,#1602,.T.);
#2298=ORIENTED_EDGE('',*,*,#1607,.F.);
#2299=ORIENTED_EDGE('',*,*,#1607,.T.);
#2300=ORIENTED_EDGE('',*,*,#1601,.T.);
#2301=ORIENTED_EDGE('',*,*,#1595,.T.);
#2302=ORIENTED_EDGE('',*,*,#1608,.T.);
#2303=ORIENTED_EDGE('',*,*,#1608,.F.);
#2304=ORIENTED_EDGE('',*,*,#1606,.T.);
#2305=ORIENTED_EDGE('',*,*,#1598,.T.);
#2306=ORIENTED_EDGE('',*,*,#1609,.T.);
#2307=ORIENTED_EDGE('',*,*,#1603,.T.);
#2308=ORIENTED_EDGE('',*,*,#1599,.T.);
#2309=ORIENTED_EDGE('',*,*,#1609,.F.);
#2310=ORIENTED_EDGE('',*,*,#1597,.T.);
#2311=ORIENTED_EDGE('',*,*,#1610,.T.);
#2312=ORIENTED_EDGE('',*,*,#1611,.F.);
#2313=ORIENTED_EDGE('',*,*,#1610,.F.);
#2314=ORIENTED_EDGE('',*,*,#1605,.T.);
#2315=ORIENTED_EDGE('',*,*,#1612,.F.);
#2316=ORIENTED_EDGE('',*,*,#1611,.T.);
#2317=ORIENTED_EDGE('',*,*,#1593,.T.);
#2318=ORIENTED_EDGE('',*,*,#1587,.T.);
#2319=ORIENTED_EDGE('',*,*,#1591,.T.);
#2320=ORIENTED_EDGE('',*,*,#1583,.T.);
#2321=ORIENTED_EDGE('',*,*,#1604,.T.);
#2322=ORIENTED_EDGE('',*,*,#1612,.T.);
#2323=B_SPLINE_SURFACE_WITH_KNOTS('',3,3,((#3454,#3455,#3456,#3457,#3458,
#3459,#3460,#3461,#3462,#3463,#3464,#3465,#3466,#3467,#3468,#3469),(#3470,
#3471,#3472,#3473,#3474,#3475,#3476,#3477,#3478,#3479,#3480,#3481,#3482,
#3483,#3484,#3485),(#3486,#3487,#3488,#3489,#3490,#3491,#3492,#3493,#3494,
#3495,#3496,#3497,#3498,#3499,#3500,#3501),(#3502,#3503,#3504,#3505,#3506,
#3507,#3508,#3509,#3510,#3511,#3512,#3513,#3514,#3515,#3516,#3517),(#3518,
#3519,#3520,#3521,#3522,#3523,#3524,#3525,#3526,#3527,#3528,#3529,#3530,
#3531,#3532,#3533)),.UNSPECIFIED.,.F.,.F.,.F.,(4,1,4),(4,1,1,1,1,1,1,1,
1,1,1,1,1,4),(0.,0.571428571428571,1.),(-6.43992960036392,-5.97994169072485,
-5.74994773590531,-5.51995378108577,-5.36662447787274,-5.05996587144669,
-4.90663656823367,-4.59997796180762,-4.36998400698808,-4.13999005216854,
-3.909996097349,-3.68000214252947,-3.45000818770993,-3.22001423289039),
 .UNSPECIFIED.);
#2324=B_SPLINE_SURFACE_WITH_KNOTS('',3,3,((#3910,#3911,#3912,#3913,#3914,
#3915,#3916,#3917,#3918,#3919,#3920,#3921,#3922,#3923,#3924),(#3925,#3926,
#3927,#3928,#3929,#3930,#3931,#3932,#3933,#3934,#3935,#3936,#3937,#3938,
#3939),(#3940,#3941,#3942,#3943,#3944,#3945,#3946,#3947,#3948,#3949,#3950,
#3951,#3952,#3953,#3954),(#3955,#3956,#3957,#3958,#3959,#3960,#3961,#3962,
#3963,#3964,#3965,#3966,#3967,#3968,#3969),(#3970,#3971,#3972,#3973,#3974,
#3975,#3976,#3977,#3978,#3979,#3980,#3981,#3982,#3983,#3984)),
 .UNSPECIFIED.,.F.,.F.,.F.,(4,1,4),(4,1,1,1,1,1,1,1,1,1,1,1,4),(0.,0.571428571428571,
1.),(-1.10466141044274E-15,0.159890828801509,0.319781657603019,0.639563315206038,
0.799454144007548,0.959344972809058,1.11923580161057,1.27912663041208,1.47899016641397,
1.5989082880151,1.91868994561812,2.07858077441963,2.23847160322114),
 .UNSPECIFIED.);
#2325=B_SPLINE_SURFACE_WITH_KNOTS('',3,3,((#4319,#4320,#4321,#4322),(#4323,
#4324,#4325,#4326),(#4327,#4328,#4329,#4330),(#4331,#4332,#4333,#4334),
(#4335,#4336,#4337,#4338)),.UNSPECIFIED.,.F.,.F.,.F.,(4,1,4),(4,4),(0.,
0.571428571428571,1.),(-0.339478568876865,-0.260584887181495),
 .UNSPECIFIED.);
#2326=B_SPLINE_SURFACE_WITH_KNOTS('',3,3,((#4350,#4351,#4352,#4353),(#4354,
#4355,#4356,#4357),(#4358,#4359,#4360,#4361),(#4362,#4363,#4364,#4365),
(#4366,#4367,#4368,#4369)),.UNSPECIFIED.,.F.,.F.,.F.,(4,1,4),(4,4),(0.,
0.571428571428571,1.),(-0.0776096086565013,0.),.UNSPECIFIED.);
#2327=B_SPLINE_SURFACE_WITH_KNOTS('',3,3,((#4378,#4379,#4380,#4381,#4382,
#4383,#4384,#4385,#4386,#4387,#4388,#4389,#4390,#4391),(#4392,#4393,#4394,
#4395,#4396,#4397,#4398,#4399,#4400,#4401,#4402,#4403,#4404,#4405),(#4406,
#4407,#4408,#4409,#4410,#4411,#4412,#4413,#4414,#4415,#4416,#4417,#4418,
#4419),(#4420,#4421,#4422,#4423,#4424,#4425,#4426,#4427,#4428,#4429,#4430,
#4431,#4432,#4433),(#4434,#4435,#4436,#4437,#4438,#4439,#4440,#4441,#4442,
#4443,#4444,#4445,#4446,#4447)),.UNSPECIFIED.,.F.,.F.,.F.,(4,1,4),(4,1,
1,1,1,1,1,1,1,1,1,4),(0.177941020695377,0.588970510347689,1.),(-3.06026905937314,
-2.84722377419319,-2.63417848901323,-2.42113320383328,-2.20808791865332,
-1.78199734829342,-1.35590677793351,-0.929816207573599,-0.716770922393645,
-0.50372563721369,-0.290680352033736,-0.0776350668537824),.UNSPECIFIED.);
#2328=B_SPLINE_SURFACE_WITH_KNOTS('',3,3,((#4496,#4497,#4498,#4499,#4500,
#4501,#4502,#4503,#4504,#4505,#4506,#4507,#4508,#4509,#4510,#4511),(#4512,
#4513,#4514,#4515,#4516,#4517,#4518,#4519,#4520,#4521,#4522,#4523,#4524,
#4525,#4526,#4527),(#4528,#4529,#4530,#4531,#4532,#4533,#4534,#4535,#4536,
#4537,#4538,#4539,#4540,#4541,#4542,#4543),(#4544,#4545,#4546,#4547,#4548,
#4549,#4550,#4551,#4552,#4553,#4554,#4555,#4556,#4557,#4558,#4559)),
 .UNSPECIFIED.,.F.,.F.,.F.,(4,4),(4,1,1,1,1,1,1,1,1,1,1,1,1,4),(0.458038248672562,
1.),(-6.04888721921675,-5.63357912254845,-5.21827102588015,-4.80296292921185,
-4.38765483254355,-3.83391070365248,-3.55703863920695,-3.00329451031588,
-2.72642244587035,-1.89580625253375,-1.48049815586545,-1.06519005919715,
-0.649881962528846,-0.234573865860546),.UNSPECIFIED.);
#2329=B_SPLINE_SURFACE_WITH_KNOTS('',3,3,((#4560,#4561,#4562,#4563,#4564,
#4565,#4566,#4567,#4568,#4569,#4570,#4571,#4572,#4573,#4574,#4575),(#4576,
#4577,#4578,#4579,#4580,#4581,#4582,#4583,#4584,#4585,#4586,#4587,#4588,
#4589,#4590,#4591),(#4592,#4593,#4594,#4595,#4596,#4597,#4598,#4599,#4600,
#4601,#4602,#4603,#4604,#4605,#4606,#4607),(#4608,#4609,#4610,#4611,#4612,
#4613,#4614,#4615,#4616,#4617,#4618,#4619,#4620,#4621,#4622,#4623),(#4624,
#4625,#4626,#4627,#4628,#4629,#4630,#4631,#4632,#4633,#4634,#4635,#4636,
#4637,#4638,#4639),(#4640,#4641,#4642,#4643,#4644,#4645,#4646,#4647,#4648,
#4649,#4650,#4651,#4652,#4653,#4654,#4655)),.UNSPECIFIED.,.F.,.T.,.F.,(4,
1,1,4),(4,1,1,1,1,1,1,1,1,1,1,1,1,4),(0.,0.285714285714286,0.571428571428571,
1.),(0.,0.0653477446782434,0.130695489356487,0.19604323403473,0.261390978712973,
0.304956141831802,0.39208646806946,0.479216794307118,0.522781957425947,
0.58812970210419,0.653477446782434,0.78417293613892,0.849520680817164,0.914868425495407),
 .UNSPECIFIED.);
#2330=B_SPLINE_SURFACE_WITH_KNOTS('',3,3,((#4748,#4749,#4750,#4751,#4752,
#4753,#4754,#4755,#4756,#4757,#4758,#4759,#4760,#4761,#4762,#4763),(#4764,
#4765,#4766,#4767,#4768,#4769,#4770,#4771,#4772,#4773,#4774,#4775,#4776,
#4777,#4778,#4779),(#4780,#4781,#4782,#4783,#4784,#4785,#4786,#4787,#4788,
#4789,#4790,#4791,#4792,#4793,#4794,#4795),(#4796,#4797,#4798,#4799,#4800,
#4801,#4802,#4803,#4804,#4805,#4806,#4807,#4808,#4809,#4810,#4811),(#4812,
#4813,#4814,#4815,#4816,#4817,#4818,#4819,#4820,#4821,#4822,#4823,#4824,
#4825,#4826,#4827),(#4828,#4829,#4830,#4831,#4832,#4833,#4834,#4835,#4836,
#4837,#4838,#4839,#4840,#4841,#4842,#4843)),.UNSPECIFIED.,.F.,.T.,.F.,(4,
1,1,4),(4,1,1,1,1,1,1,1,1,1,1,1,1,4),(0.,0.285714285714286,0.571428571428571,
1.),(0.,0.0654587000636348,0.13091740012727,0.229105450222722,0.261834800254539,
0.327293500318174,0.392752200381809,0.458210900445443,0.523669600509078,
0.545489167196956,0.654587000636348,0.785504400763617,0.850963100827252,
0.916421800890887),.UNSPECIFIED.);
#2331=B_SPLINE_SURFACE_WITH_KNOTS('',3,3,((#5009,#5010,#5011,#5012),(#5013,
#5014,#5015,#5016),(#5017,#5018,#5019,#5020),(#5021,#5022,#5023,#5024),
(#5025,#5026,#5027,#5028)),.UNSPECIFIED.,.F.,.F.,.F.,(4,1,4),(4,4),(0.,
0.571428571428571,1.),(0.,9.88654168572794E-5),.UNSPECIFIED.);
#2332=ADVANCED_FACE('',(#552),#2323,.F.);
#2333=ADVANCED_FACE('',(#553),#2324,.F.);
#2334=ADVANCED_FACE('',(#554),#540,.T.);
#2335=ADVANCED_FACE('',(#555),#541,.T.);
#2336=ADVANCED_FACE('',(#556),#2325,.F.);
#2337=ADVANCED_FACE('',(#557),#2326,.F.);
#2338=ADVANCED_FACE('',(#558),#2327,.F.);
#2339=ADVANCED_FACE('',(#559),#2328,.T.);
#2340=ADVANCED_FACE('',(#560),#2329,.F.);
#2341=ADVANCED_FACE('',(#561),#498,.T.);
#2342=ADVANCED_FACE('',(#562),#499,.F.);
#2343=ADVANCED_FACE('',(#563),#2330,.F.);
#2344=ADVANCED_FACE('',(#564),#500,.T.);
#2345=ADVANCED_FACE('',(#565),#501,.F.);
#2346=ADVANCED_FACE('',(#566),#542,.T.);
#2347=ADVANCED_FACE('',(#567),#543,.T.);
#2348=ADVANCED_FACE('',(#568),#544,.T.);
#2349=ADVANCED_FACE('',(#569),#545,.T.);
#2350=ADVANCED_FACE('',(#570),#546,.T.);
#2351=ADVANCED_FACE('',(#571),#547,.T.);
#2352=ADVANCED_FACE('',(#572),#548,.T.);
#2353=ADVANCED_FACE('',(#573),#124,.T.);
#2354=ADVANCED_FACE('',(#574),#549,.T.);
#2355=ADVANCED_FACE('',(#575),#125,.T.);
#2356=ADVANCED_FACE('',(#576,#94,#95),#502,.T.);
#2357=ADVANCED_FACE('',(#577),#2331,.F.);
#2358=ADVANCED_FACE('',(#578),#503,.F.);
#2359=ADVANCED_FACE('',(#579),#126,.F.);
#2360=ADVANCED_FACE('',(#580),#127,.F.);
#2361=ADVANCED_FACE('',(#581),#504,.F.);
#2362=ADVANCED_FACE('',(#582),#505,.F.);
#2363=ADVANCED_FACE('',(#583,#96),#25,.F.);
#2364=ADVANCED_FACE('',(#584),#26,.T.);
#2365=ADVANCED_FACE('',(#585),#128,.F.);
#2366=ADVANCED_FACE('',(#586),#129,.F.);
#2367=ADVANCED_FACE('',(#587),#506,.F.);
#2368=ADVANCED_FACE('',(#588),#507,.F.);
#2369=ADVANCED_FACE('',(#589,#97),#27,.F.);
#2370=ADVANCED_FACE('',(#590),#28,.T.);
#2371=ADVANCED_FACE('',(#591),#508,.T.);
#2372=ADVANCED_FACE('',(#592,#98),#29,.T.);
#2373=ADVANCED_FACE('',(#593),#509,.T.);
#2374=ADVANCED_FACE('',(#594),#30,.T.);
#2375=ADVANCED_FACE('',(#595,#99),#31,.T.);
#2376=ADVANCED_FACE('',(#596,#100),#32,.T.);
#2377=ADVANCED_FACE('',(#597),#510,.F.);
#2378=ADVANCED_FACE('',(#598),#511,.F.);
#2379=ADVANCED_FACE('',(#599),#512,.T.);
#2380=ADVANCED_FACE('',(#600),#33,.T.);
#2381=ADVANCED_FACE('',(#601),#513,.F.);
#2382=ADVANCED_FACE('',(#602),#34,.T.);
#2383=ADVANCED_FACE('',(#603),#514,.F.);
#2384=ADVANCED_FACE('',(#604),#35,.T.);
#2385=ADVANCED_FACE('',(#605),#515,.F.);
#2386=ADVANCED_FACE('',(#606),#36,.T.);
#2387=ADVANCED_FACE('',(#607),#516,.F.);
#2388=ADVANCED_FACE('',(#608),#37,.T.);
#2389=ADVANCED_FACE('',(#609),#517,.T.);
#2390=ADVANCED_FACE('',(#610),#38,.T.);
#2391=ADVANCED_FACE('',(#611),#39,.T.);
#2392=ADVANCED_FACE('',(#612),#518,.T.);
#2393=ADVANCED_FACE('',(#613),#40,.T.);
#2394=ADVANCED_FACE('',(#614,#101,#102,#103,#104),#41,.F.);
#2395=ADVANCED_FACE('',(#615),#42,.T.);
#2396=ADVANCED_FACE('',(#616),#519,.T.);
#2397=ADVANCED_FACE('',(#617),#43,.T.);
#2398=ADVANCED_FACE('',(#618),#520,.T.);
#2399=ADVANCED_FACE('',(#619),#44,.F.);
#2400=ADVANCED_FACE('',(#620),#45,.T.);
#2401=ADVANCED_FACE('',(#621),#521,.T.);
#2402=ADVANCED_FACE('',(#622),#46,.F.);
#2403=ADVANCED_FACE('',(#623),#522,.F.);
#2404=ADVANCED_FACE('',(#624),#47,.F.);
#2405=ADVANCED_FACE('',(#625),#523,.F.);
#2406=ADVANCED_FACE('',(#626),#524,.F.);
#2407=ADVANCED_FACE('',(#627),#48,.F.);
#2408=ADVANCED_FACE('',(#628),#525,.F.);
#2409=ADVANCED_FACE('',(#629),#49,.F.);
#2410=ADVANCED_FACE('',(#630),#50,.T.);
#2411=ADVANCED_FACE('',(#631),#51,.T.);
#2412=ADVANCED_FACE('',(#632),#526,.F.);
#2413=ADVANCED_FACE('',(#633),#527,.F.);
#2414=ADVANCED_FACE('',(#634,#105),#52,.T.);
#2415=ADVANCED_FACE('',(#635,#106),#53,.T.);
#2416=ADVANCED_FACE('',(#636),#54,.T.);
#2417=ADVANCED_FACE('',(#637),#55,.T.);
#2418=ADVANCED_FACE('',(#638,#107,#108,#109,#110,#111,#112),#56,.F.);
#2419=ADVANCED_FACE('',(#639),#528,.F.);
#2420=ADVANCED_FACE('',(#640),#57,.F.);
#2421=ADVANCED_FACE('',(#641),#529,.F.);
#2422=ADVANCED_FACE('',(#642),#58,.F.);
#2423=ADVANCED_FACE('',(#643),#59,.F.);
#2424=ADVANCED_FACE('',(#644,#113),#60,.F.);
#2425=ADVANCED_FACE('',(#645),#61,.F.);
#2426=ADVANCED_FACE('',(#646),#62,.T.);
#2427=ADVANCED_FACE('',(#647),#63,.T.);
#2428=ADVANCED_FACE('',(#648),#64,.T.);
#2429=ADVANCED_FACE('',(#649),#65,.T.);
#2430=ADVANCED_FACE('',(#650),#66,.T.);
#2431=ADVANCED_FACE('',(#651),#67,.T.);
#2432=ADVANCED_FACE('',(#652),#68,.T.);
#2433=ADVANCED_FACE('',(#653),#530,.T.);
#2434=ADVANCED_FACE('',(#654),#69,.T.);
#2435=ADVANCED_FACE('',(#655),#531,.T.);
#2436=ADVANCED_FACE('',(#656),#70,.T.);
#2437=ADVANCED_FACE('',(#657),#532,.T.);
#2438=ADVANCED_FACE('',(#658),#71,.T.);
#2439=ADVANCED_FACE('',(#659),#533,.T.);
#2440=ADVANCED_FACE('',(#660),#72,.T.);
#2441=ADVANCED_FACE('',(#661),#73,.F.);
#2442=ADVANCED_FACE('',(#662),#74,.F.);
#2443=ADVANCED_FACE('',(#663,#114,#115,#116),#75,.F.);
#2444=ADVANCED_FACE('',(#664),#76,.F.);
#2445=ADVANCED_FACE('',(#665),#534,.F.);
#2446=ADVANCED_FACE('',(#666),#77,.T.);
#2447=ADVANCED_FACE('',(#667),#535,.T.);
#2448=ADVANCED_FACE('',(#668),#536,.T.);
#2449=ADVANCED_FACE('',(#669),#78,.T.);
#2450=ADVANCED_FACE('',(#670,#117,#118),#79,.T.);
#2451=ADVANCED_FACE('',(#671),#80,.T.);
#2452=ADVANCED_FACE('',(#672),#537,.T.);
#2453=ADVANCED_FACE('',(#673),#81,.F.);
#2454=ADVANCED_FACE('',(#674,#119),#82,.F.);
#2455=ADVANCED_FACE('',(#675),#83,.F.);
#2456=ADVANCED_FACE('',(#676,#120),#84,.F.);
#2457=ADVANCED_FACE('',(#677,#121,#122),#85,.T.);
#2458=ADVANCED_FACE('',(#678),#86,.F.);
#2459=ADVANCED_FACE('',(#679),#87,.F.);
#2460=ADVANCED_FACE('',(#680),#88,.F.);
#2461=ADVANCED_FACE('',(#681),#89,.F.);
#2462=ADVANCED_FACE('',(#682),#90,.F.);
#2463=ADVANCED_FACE('',(#683),#538,.T.);
#2464=ADVANCED_FACE('',(#684),#550,.T.);
#2465=ADVANCED_FACE('',(#685),#551,.T.);
#2466=ADVANCED_FACE('',(#686),#91,.F.);
#2467=ADVANCED_FACE('',(#687),#539,.T.);
#2468=ADVANCED_FACE('',(#688,#123),#92,.T.);
#2469=ADVANCED_FACE('',(#689),#93,.F.);
#2470=CLOSED_SHELL('',(#2332,#2333,#2334,#2335,#2336,#2337,#2338,#2339,
#2340,#2341,#2342,#2343,#2344,#2345,#2346,#2347,#2348,#2349,#2350,#2351,
#2352,#2353,#2354,#2355,#2356,#2357,#2358,#2359,#2360,#2361,#2362,#2363,
#2364,#2365,#2366,#2367,#2368,#2369,#2370,#2371,#2372,#2373,#2374,#2375,
#2376,#2377,#2378,#2379,#2380));
#2471=CLOSED_SHELL('',(#2381,#2382,#2383,#2384,#2385,#2386,#2387,#2388,
#2389,#2390,#2391,#2392,#2393,#2394,#2395,#2396,#2397,#2398));
#2472=CLOSED_SHELL('',(#2399,#2400,#2401,#2402,#2403,#2404,#2405,#2406,
#2407,#2408,#2409,#2410,#2411,#2412,#2413,#2414,#2415,#2416,#2417,#2418,
#2419,#2420,#2421,#2422,#2423,#2424,#2425,#2426,#2427,#2428,#2429,#2430,
#2431,#2432,#2433,#2434,#2435,#2436,#2437,#2438,#2439,#2440,#2441,#2442,
#2443,#2444,#2445,#2446,#2447,#2448,#2449,#2450,#2451,#2452,#2453,#2454,
#2455,#2456,#2457));
#2473=CLOSED_SHELL('',(#2458,#2459,#2460,#2461,#2462,#2463,#2464,#2465,
#2466,#2467,#2468,#2469));
#2474=DERIVED_UNIT_ELEMENT(#2476,1.);
#2475=DERIVED_UNIT_ELEMENT(#5747,-3.);
#2476=(
MASS_UNIT()
NAMED_UNIT(*)
SI_UNIT(.KILO.,.GRAM.)
);
#2477=DERIVED_UNIT((#2474,#2475));
#2478=MEASURE_REPRESENTATION_ITEM('density measure',
POSITIVE_RATIO_MEASURE(7850.),#2477);
#2479=PROPERTY_DEFINITION_REPRESENTATION(#2484,#2481);
#2480=PROPERTY_DEFINITION_REPRESENTATION(#2485,#2482);
#2481=REPRESENTATION('material name',(#2483),#5744);
#2482=REPRESENTATION('density',(#2478),#5744);
#2483=DESCRIPTIVE_REPRESENTATION_ITEM('Acier','Acier');
#2484=PROPERTY_DEFINITION('material property','material name',#5754);
#2485=PROPERTY_DEFINITION('material property','density of part',#5754);
#2486=AXIS2_PLACEMENT_3D('',#3453,#2747,#2748);
#2487=AXIS2_PLACEMENT_3D('',#3908,#2749,#2750);
#2488=AXIS2_PLACEMENT_3D('',#3909,#2751,#2752);
#2489=AXIS2_PLACEMENT_3D('',#3987,#2753,#2754);
#2490=AXIS2_PLACEMENT_3D('',#4273,#2755,#2756);
#2491=AXIS2_PLACEMENT_3D('',#4311,#2757,#2758);
#2492=AXIS2_PLACEMENT_3D('',#4313,#2759,#2760);
#2493=AXIS2_PLACEMENT_3D('',#4314,#2761,#2762);
#2494=AXIS2_PLACEMENT_3D('',#4315,#2763,#2764);
#2495=AXIS2_PLACEMENT_3D('',#4317,#2765,#2766);
#2496=AXIS2_PLACEMENT_3D('',#4318,#2767,#2768);
#2497=AXIS2_PLACEMENT_3D('',#4345,#2769,#2770);
#2498=AXIS2_PLACEMENT_3D('',#4698,#2771,#2772);
#2499=AXIS2_PLACEMENT_3D('',#4729,#2773,#2774);
#2500=AXIS2_PLACEMENT_3D('',#4733,#2776,#2777);
#2501=AXIS2_PLACEMENT_3D('',#4735,#2778,#2779);
#2502=AXIS2_PLACEMENT_3D('',#4740,#2782,#2783);
#2503=AXIS2_PLACEMENT_3D('',#4742,#2784,#2785);
#2504=AXIS2_PLACEMENT_3D('',#4744,#2787,#2788);
#2505=AXIS2_PLACEMENT_3D('',#4746,#2789,#2790);
#2506=AXIS2_PLACEMENT_3D('',#4942,#2792,#2793);
#2507=AXIS2_PLACEMENT_3D('',#4946,#2795,#2796);
#2508=AXIS2_PLACEMENT_3D('',#4948,#2797,#2798);
#2509=AXIS2_PLACEMENT_3D('',#4953,#2801,#2802);
#2510=AXIS2_PLACEMENT_3D('',#4955,#2803,#2804);
#2511=AXIS2_PLACEMENT_3D('',#4957,#2806,#2807);
#2512=AXIS2_PLACEMENT_3D('',#4958,#2808,#2809);
#2513=AXIS2_PLACEMENT_3D('',#4960,#2810,#2811);
#2514=AXIS2_PLACEMENT_3D('',#4961,#2812,#2813);
#2515=AXIS2_PLACEMENT_3D('',#4962,#2814,#2815);
#2516=AXIS2_PLACEMENT_3D('',#4964,#2816,#2817);
#2517=AXIS2_PLACEMENT_3D('',#4965,#2818,#2819);
#2518=AXIS2_PLACEMENT_3D('',#4966,#2820,#2821);
#2519=AXIS2_PLACEMENT_3D('',#4968,#2822,#2823);
#2520=AXIS2_PLACEMENT_3D('',#4969,#2824,#2825);
#2521=AXIS2_PLACEMENT_3D('',#4970,#2826,#2827);
#2522=AXIS2_PLACEMENT_3D('',#4971,#2828,#2829);
#2523=AXIS2_PLACEMENT_3D('',#4972,#2830,#2831);
#2524=AXIS2_PLACEMENT_3D('',#4974,#2832,#2833);
#2525=AXIS2_PLACEMENT_3D('',#4975,#2834,#2835);
#2526=AXIS2_PLACEMENT_3D('',#4976,#2836,#2837);
#2527=AXIS2_PLACEMENT_3D('',#4977,#2838,#2839);
#2528=AXIS2_PLACEMENT_3D('',#4978,#2840,#2841);
#2529=AXIS2_PLACEMENT_3D('',#4979,#2842,#2843);
#2530=AXIS2_PLACEMENT_3D('',#4980,#2844,#2845);
#2531=AXIS2_PLACEMENT_3D('',#4981,#2846,#2847);
#2532=AXIS2_PLACEMENT_3D('',#4982,#2848,#2849);
#2533=AXIS2_PLACEMENT_3D('',#4983,#2850,#2851);
#2534=AXIS2_PLACEMENT_3D('',#4984,#2852,#2853);
#2535=AXIS2_PLACEMENT_3D('',#4985,#2854,#2855);
#2536=AXIS2_PLACEMENT_3D('',#4986,#2856,#2857);
#2537=AXIS2_PLACEMENT_3D('',#4987,#2858,#2859);
#2538=AXIS2_PLACEMENT_3D('',#4988,#2860,#2861);
#2539=AXIS2_PLACEMENT_3D('',#4995,#2862,#2863);
#2540=AXIS2_PLACEMENT_3D('',#4999,#2865,#2866);
#2541=AXIS2_PLACEMENT_3D('',#5003,#2868,#2869);
#2542=AXIS2_PLACEMENT_3D('',#5007,#2871,#2872);
#2543=AXIS2_PLACEMENT_3D('',#5029,#2874,#2875);
#2544=AXIS2_PLACEMENT_3D('',#5030,#2876,#2877);
#2545=AXIS2_PLACEMENT_3D('',#5031,#2878,#2879);
#2546=AXIS2_PLACEMENT_3D('',#5048,#2880,#2881);
#2547=AXIS2_PLACEMENT_3D('',#5066,#2882,#2883);
#2548=AXIS2_PLACEMENT_3D('',#5086,#2884,#2885);
#2549=AXIS2_PLACEMENT_3D('',#5099,#2886,#2887);
#2550=AXIS2_PLACEMENT_3D('',#5101,#2889,#2890);
#2551=AXIS2_PLACEMENT_3D('',#5124,#2892,#2893);
#2552=AXIS2_PLACEMENT_3D('',#5126,#2894,#2895);
#2553=AXIS2_PLACEMENT_3D('',#5128,#2897,#2898);
#2554=AXIS2_PLACEMENT_3D('',#5132,#2900,#2901);
#2555=AXIS2_PLACEMENT_3D('',#5135,#2903,#2904);
#2556=AXIS2_PLACEMENT_3D('',#5136,#2905,#2906);
#2557=AXIS2_PLACEMENT_3D('',#5140,#2909,#2910);
#2558=AXIS2_PLACEMENT_3D('',#5157,#2911,#2912);
#2559=AXIS2_PLACEMENT_3D('',#5175,#2913,#2914);
#2560=AXIS2_PLACEMENT_3D('',#5195,#2915,#2916);
#2561=AXIS2_PLACEMENT_3D('',#5210,#2917,#2918);
#2562=AXIS2_PLACEMENT_3D('',#5212,#2920,#2921);
#2563=AXIS2_PLACEMENT_3D('',#5236,#2923,#2924);
#2564=AXIS2_PLACEMENT_3D('',#5238,#2925,#2926);
#2565=AXIS2_PLACEMENT_3D('',#5240,#2928,#2929);
#2566=AXIS2_PLACEMENT_3D('',#5244,#2931,#2932);
#2567=AXIS2_PLACEMENT_3D('',#5247,#2934,#2935);
#2568=AXIS2_PLACEMENT_3D('',#5248,#2936,#2937);
#2569=AXIS2_PLACEMENT_3D('',#5252,#2940,#2941);
#2570=AXIS2_PLACEMENT_3D('',#5254,#2942,#2943);
#2571=AXIS2_PLACEMENT_3D('',#5257,#2945,#2946);
#2572=AXIS2_PLACEMENT_3D('',#5258,#2947,#2948);
#2573=AXIS2_PLACEMENT_3D('',#5259,#2949,#2950);
#2574=AXIS2_PLACEMENT_3D('',#5260,#2951,#2952);
#2575=AXIS2_PLACEMENT_3D('',#5263,#2954,#2955);
#2576=AXIS2_PLACEMENT_3D('',#5265,#2956,#2957);
#2577=AXIS2_PLACEMENT_3D('',#5266,#2958,#2959);
#2578=AXIS2_PLACEMENT_3D('',#5268,#2961,#2962);
#2579=AXIS2_PLACEMENT_3D('',#5269,#2963,#2964);
#2580=AXIS2_PLACEMENT_3D('',#5272,#2966,#2967);
#2581=AXIS2_PLACEMENT_3D('',#5274,#2968,#2969);
#2582=AXIS2_PLACEMENT_3D('',#5275,#2970,#2971);
#2583=AXIS2_PLACEMENT_3D('',#5276,#2972,#2973);
#2584=AXIS2_PLACEMENT_3D('',#5278,#2975,#2976);
#2585=AXIS2_PLACEMENT_3D('',#5280,#2978,#2979);
#2586=AXIS2_PLACEMENT_3D('',#5282,#2981,#2982);
#2587=AXIS2_PLACEMENT_3D('',#5283,#2983,#2984);
#2588=AXIS2_PLACEMENT_3D('',#5285,#2985,#2986);
#2589=AXIS2_PLACEMENT_3D('',#5288,#2988,#2989);
#2590=AXIS2_PLACEMENT_3D('',#5289,#2990,#2991);
#2591=AXIS2_PLACEMENT_3D('',#5290,#2992,#2993);
#2592=AXIS2_PLACEMENT_3D('',#5292,#2994,#2995);
#2593=AXIS2_PLACEMENT_3D('',#5295,#2997,#2998);
#2594=AXIS2_PLACEMENT_3D('',#5296,#2999,#3000);
#2595=AXIS2_PLACEMENT_3D('',#5297,#3001,#3002);
#2596=AXIS2_PLACEMENT_3D('',#5299,#3003,#3004);
#2597=AXIS2_PLACEMENT_3D('',#5302,#3006,#3007);
#2598=AXIS2_PLACEMENT_3D('',#5303,#3008,#3009);
#2599=AXIS2_PLACEMENT_3D('',#5304,#3010,#3011);
#2600=AXIS2_PLACEMENT_3D('',#5306,#3012,#3013);
#2601=AXIS2_PLACEMENT_3D('',#5309,#3015,#3016);
#2602=AXIS2_PLACEMENT_3D('',#5310,#3017,#3018);
#2603=AXIS2_PLACEMENT_3D('',#5311,#3019,#3020);
#2604=AXIS2_PLACEMENT_3D('',#5314,#3021,#3022);
#2605=AXIS2_PLACEMENT_3D('',#5318,#3024,#3025);
#2606=AXIS2_PLACEMENT_3D('',#5320,#3027,#3028);
#2607=AXIS2_PLACEMENT_3D('',#5326,#3032,#3033);
#2608=AXIS2_PLACEMENT_3D('',#5330,#3035,#3036);
#2609=AXIS2_PLACEMENT_3D('',#5334,#3038,#3039);
#2610=AXIS2_PLACEMENT_3D('',#5337,#3041,#3042);
#2611=AXIS2_PLACEMENT_3D('',#5338,#3043,#3044);
#2612=AXIS2_PLACEMENT_3D('',#5341,#3046,#3047);
#2613=AXIS2_PLACEMENT_3D('',#5342,#3048,#3049);
#2614=AXIS2_PLACEMENT_3D('',#5346,#3052,#3053);
#2615=AXIS2_PLACEMENT_3D('',#5350,#3055,#3056);
#2616=AXIS2_PLACEMENT_3D('',#5353,#3058,#3059);
#2617=AXIS2_PLACEMENT_3D('',#5354,#3060,#3061);
#2618=AXIS2_PLACEMENT_3D('',#5356,#3063,#3064);
#2619=AXIS2_PLACEMENT_3D('',#5358,#3066,#3067);
#2620=AXIS2_PLACEMENT_3D('',#5360,#3069,#3070);
#2621=AXIS2_PLACEMENT_3D('',#5361,#3071,#3072);
#2622=AXIS2_PLACEMENT_3D('',#5366,#3074,#3075);
#2623=AXIS2_PLACEMENT_3D('',#5370,#3077,#3078);
#2624=AXIS2_PLACEMENT_3D('',#5374,#3080,#3081);
#2625=AXIS2_PLACEMENT_3D('',#5377,#3083,#3084);
#2626=AXIS2_PLACEMENT_3D('',#5378,#3085,#3086);
#2627=AXIS2_PLACEMENT_3D('',#5384,#3090,#3091);
#2628=AXIS2_PLACEMENT_3D('',#5388,#3093,#3094);
#2629=AXIS2_PLACEMENT_3D('',#5392,#3096,#3097);
#2630=AXIS2_PLACEMENT_3D('',#5395,#3099,#3100);
#2631=AXIS2_PLACEMENT_3D('',#5396,#3101,#3102);
#2632=AXIS2_PLACEMENT_3D('',#5400,#3105,#3106);
#2633=AXIS2_PLACEMENT_3D('',#5404,#3108,#3109);
#2634=AXIS2_PLACEMENT_3D('',#5408,#3111,#3112);
#2635=AXIS2_PLACEMENT_3D('',#5411,#3114,#3115);
#2636=AXIS2_PLACEMENT_3D('',#5412,#3116,#3117);
#2637=AXIS2_PLACEMENT_3D('',#5416,#3120,#3121);
#2638=AXIS2_PLACEMENT_3D('',#5419,#3122,#3123);
#2639=AXIS2_PLACEMENT_3D('',#5423,#3125,#3126);
#2640=AXIS2_PLACEMENT_3D('',#5425,#3128,#3129);
#2641=AXIS2_PLACEMENT_3D('',#5429,#3131,#3132);
#2642=AXIS2_PLACEMENT_3D('',#5433,#3134,#3135);
#2643=AXIS2_PLACEMENT_3D('',#5436,#3137,#3138);
#2644=AXIS2_PLACEMENT_3D('',#5437,#3139,#3140);
#2645=AXIS2_PLACEMENT_3D('',#5443,#3144,#3145);
#2646=AXIS2_PLACEMENT_3D('',#5445,#3146,#3147);
#2647=AXIS2_PLACEMENT_3D('',#5447,#3148,#3149);
#2648=AXIS2_PLACEMENT_3D('',#5449,#3151,#3152);
#2649=AXIS2_PLACEMENT_3D('',#5452,#3155,#3156);
#2650=AXIS2_PLACEMENT_3D('',#5461,#3161,#3162);
#2651=AXIS2_PLACEMENT_3D('',#5470,#3167,#3168);
#2652=AXIS2_PLACEMENT_3D('',#5472,#3169,#3170);
#2653=AXIS2_PLACEMENT_3D('',#5475,#3172,#3173);
#2654=AXIS2_PLACEMENT_3D('',#5476,#3174,#3175);
#2655=AXIS2_PLACEMENT_3D('',#5478,#3176,#3177);
#2656=AXIS2_PLACEMENT_3D('',#5481,#3179,#3180);
#2657=AXIS2_PLACEMENT_3D('',#5482,#3181,#3182);
#2658=AXIS2_PLACEMENT_3D('',#5488,#3186,#3187);
#2659=AXIS2_PLACEMENT_3D('',#5498,#3193,#3194);
#2660=AXIS2_PLACEMENT_3D('',#5500,#3196,#3197);
#2661=AXIS2_PLACEMENT_3D('',#5502,#3199,#3200);
#2662=AXIS2_PLACEMENT_3D('',#5506,#3203,#3204);
#2663=AXIS2_PLACEMENT_3D('',#5508,#3205,#3206);
#2664=AXIS2_PLACEMENT_3D('',#5510,#3207,#3208);
#2665=AXIS2_PLACEMENT_3D('',#5512,#3209,#3210);
#2666=AXIS2_PLACEMENT_3D('',#5514,#3211,#3212);
#2667=AXIS2_PLACEMENT_3D('',#5515,#3213,#3214);
#2668=AXIS2_PLACEMENT_3D('',#5518,#3215,#3216);
#2669=AXIS2_PLACEMENT_3D('',#5522,#3218,#3219);
#2670=AXIS2_PLACEMENT_3D('',#5524,#3221,#3222);
#2671=AXIS2_PLACEMENT_3D('',#5530,#3226,#3227);
#2672=AXIS2_PLACEMENT_3D('',#5532,#3228,#3229);
#2673=AXIS2_PLACEMENT_3D('',#5534,#3230,#3231);
#2674=AXIS2_PLACEMENT_3D('',#5536,#3233,#3234);
#2675=AXIS2_PLACEMENT_3D('',#5539,#3237,#3238);
#2676=AXIS2_PLACEMENT_3D('',#5541,#3240,#3241);
#2677=AXIS2_PLACEMENT_3D('',#5544,#3242,#3243);
#2678=AXIS2_PLACEMENT_3D('',#5547,#3245,#3246);
#2679=AXIS2_PLACEMENT_3D('',#5551,#3248,#3249);
#2680=AXIS2_PLACEMENT_3D('',#5554,#3252,#3253);
#2681=AXIS2_PLACEMENT_3D('',#5558,#3256,#3257);
#2682=AXIS2_PLACEMENT_3D('',#5561,#3259,#3260);
#2683=AXIS2_PLACEMENT_3D('',#5562,#3261,#3262);
#2684=AXIS2_PLACEMENT_3D('',#5571,#3267,#3268);
#2685=AXIS2_PLACEMENT_3D('',#5577,#3272,#3273);
#2686=AXIS2_PLACEMENT_3D('',#5581,#3276,#3277);
#2687=AXIS2_PLACEMENT_3D('',#5585,#3280,#3281);
#2688=AXIS2_PLACEMENT_3D('',#5587,#3283,#3284);
#2689=AXIS2_PLACEMENT_3D('',#5589,#3285,#3286);
#2690=AXIS2_PLACEMENT_3D('',#5590,#3287,#3288);
#2691=AXIS2_PLACEMENT_3D('',#5592,#3290,#3291);
#2692=AXIS2_PLACEMENT_3D('',#5594,#3292,#3293);
#2693=AXIS2_PLACEMENT_3D('',#5595,#3294,#3295);
#2694=AXIS2_PLACEMENT_3D('',#5597,#3297,#3298);
#2695=AXIS2_PLACEMENT_3D('',#5599,#3299,#3300);
#2696=AXIS2_PLACEMENT_3D('',#5600,#3301,#3302);
#2697=AXIS2_PLACEMENT_3D('',#5602,#3304,#3305);
#2698=AXIS2_PLACEMENT_3D('',#5604,#3306,#3307);
#2699=AXIS2_PLACEMENT_3D('',#5605,#3308,#3309);
#2700=AXIS2_PLACEMENT_3D('',#5607,#3311,#3312);
#2701=AXIS2_PLACEMENT_3D('',#5616,#3317,#3318);
#2702=AXIS2_PLACEMENT_3D('',#5625,#3323,#3324);
#2703=AXIS2_PLACEMENT_3D('',#5628,#3327,#3328);
#2704=AXIS2_PLACEMENT_3D('',#5630,#3330,#3331);
#2705=AXIS2_PLACEMENT_3D('',#5632,#3333,#3334);
#2706=AXIS2_PLACEMENT_3D('',#5634,#3335,#3336);
#2707=AXIS2_PLACEMENT_3D('',#5636,#3338,#3339);
#2708=AXIS2_PLACEMENT_3D('',#5642,#3343,#3344);
#2709=AXIS2_PLACEMENT_3D('',#5644,#3345,#3346);
#2710=AXIS2_PLACEMENT_3D('',#5646,#3348,#3349);
#2711=AXIS2_PLACEMENT_3D('',#5648,#3350,#3351);
#2712=AXIS2_PLACEMENT_3D('',#5650,#3353,#3354);
#2713=AXIS2_PLACEMENT_3D('',#5652,#3356,#3357);
#2714=AXIS2_PLACEMENT_3D('',#5656,#3360,#3361);
#2715=AXIS2_PLACEMENT_3D('',#5660,#3364,#3365);
#2716=AXIS2_PLACEMENT_3D('',#5661,#3366,#3367);
#2717=AXIS2_PLACEMENT_3D('',#5662,#3368,#3369);
#2718=AXIS2_PLACEMENT_3D('',#5668,#3373,#3374);
#2719=AXIS2_PLACEMENT_3D('',#5672,#3377,#3378);
#2720=AXIS2_PLACEMENT_3D('',#5676,#3381,#3382);
#2721=AXIS2_PLACEMENT_3D('',#5678,#3384,#3385);
#2722=AXIS2_PLACEMENT_3D('',#5679,#3386,#3387);
#2723=AXIS2_PLACEMENT_3D('',#5688,#3392,#3393);
#2724=AXIS2_PLACEMENT_3D('',#5697,#3398,#3399);
#2725=AXIS2_PLACEMENT_3D('',#5700,#3402,#3403);
#2726=AXIS2_PLACEMENT_3D('',#5703,#3406,#3407);
#2727=AXIS2_PLACEMENT_3D('',#5704,#3408,#3409);
#2728=AXIS2_PLACEMENT_3D('',#5707,#3410,#3411);
#2729=AXIS2_PLACEMENT_3D('',#5711,#3413,#3414);
#2730=AXIS2_PLACEMENT_3D('',#5715,#3416,#3417);
#2731=AXIS2_PLACEMENT_3D('',#5719,#3419,#3420);
#2732=AXIS2_PLACEMENT_3D('',#5720,#3421,#3422);
#2733=AXIS2_PLACEMENT_3D('',#5722,#3423,#3424);
#2734=AXIS2_PLACEMENT_3D('',#5725,#3426,#3427);
#2735=AXIS2_PLACEMENT_3D('',#5726,#3428,#3429);
#2736=AXIS2_PLACEMENT_3D('',#5727,#3430,#3431);
#2737=AXIS2_PLACEMENT_3D('',#5729,#3432,#3433);
#2738=AXIS2_PLACEMENT_3D('',#5730,#3434,#3435);
#2739=AXIS2_PLACEMENT_3D('',#5732,#3436,#3437);
#2740=AXIS2_PLACEMENT_3D('',#5733,#3438,#3439);
#2741=AXIS2_PLACEMENT_3D('',#5734,#3440,#3441);
#2742=AXIS2_PLACEMENT_3D('',#5735,#3442,#3443);
#2743=AXIS2_PLACEMENT_3D('',#5738,#3445,#3446);
#2744=AXIS2_PLACEMENT_3D('',#5739,#3447,#3448);
#2745=AXIS2_PLACEMENT_3D('',#5740,#3449,#3450);
#2746=AXIS2_PLACEMENT_3D('',#5741,#3451,#3452);
#2747=DIRECTION('axis',(0.,0.,1.));
#2748=DIRECTION('refdir',(1.,0.,0.));
#2749=DIRECTION('center_axis',(0.000181062942904021,0.999999983321545,-2.3939917174698E-5));
#2750=DIRECTION('ref_axis',(0.131077981187957,1.29252868618093E-32,0.991372060756046));
#2751=DIRECTION('center_axis',(0.,0.,1.));
#2752=DIRECTION('ref_axis',(-1.,-9.86076131526265E-32,0.));
#2753=DIRECTION('center_axis',(0.194640536531751,-0.980815937273724,0.0107312034972404));
#2754=DIRECTION('ref_axis',(0.980872416909977,0.194651744778156,0.));
#2755=DIRECTION('center_axis',(0.194640536531636,0.980815937273746,0.010731203497236));
#2756=DIRECTION('ref_axis',(0.278254392960959,-0.0657032974997873,0.958257569495583));
#2757=DIRECTION('center_axis',(0.,0.,1.));
#2758=DIRECTION('ref_axis',(1.,0.,0.));
#2759=DIRECTION('center_axis',(0.194484837625453,-0.980031352667484,0.0414028467927338));
#2760=DIRECTION('ref_axis',(0.980872416909977,0.194651744778156,0.));
#2761=DIRECTION('center_axis',(-0.118097660872126,0.992428153237782,-0.0337535651091457));
#2762=DIRECTION('ref_axis',(0.278254392960946,0.065703297499823,0.958257569495585));
#2763=DIRECTION('center_axis',(0.,0.,1.));
#2764=DIRECTION('ref_axis',(1.,0.,0.));
#2765=DIRECTION('center_axis',(0.194484837625339,0.980031352667508,0.04140284679271));
#2766=DIRECTION('ref_axis',(-0.103079717703522,-0.0215556208573771,0.994439503945622));
#2767=DIRECTION('center_axis',(-0.118097660872054,-0.992428153237791,-0.0337535651091286));
#2768=DIRECTION('ref_axis',(0.278254392960959,-0.0657032974997873,0.958257569495583));
#2769=DIRECTION('center_axis',(-0.00161315055716833,-0.999998646724031,
-0.000322947962408657));
#2770=DIRECTION('ref_axis',(0.999998698871658,-0.00161315064129042,0.));
#2771=DIRECTION('center_axis',(9.86076131526265E-32,-1.,0.));
#2772=DIRECTION('ref_axis',(-0.151724141014029,-1.49611554030259E-32,-0.988422877635658));
#2773=DIRECTION('center_axis',(-9.86076131526265E-32,1.,0.));
#2774=DIRECTION('ref_axis',(0.793902843950906,7.82848645170809E-32,0.608044631887054));
#2775=DIRECTION('',(-9.86076131526265E-32,1.,0.));
#2776=DIRECTION('center_axis',(-9.86076131526265E-32,1.,0.));
#2777=DIRECTION('ref_axis',(-0.260563451266644,-2.56935400042145E-32,-0.965456725008436));
#2778=DIRECTION('center_axis',(-9.86076131526265E-32,1.,0.));
#2779=DIRECTION('ref_axis',(1.,9.86076131526265E-32,0.));
#2780=DIRECTION('',(9.86076131526265E-32,-1.,0.));
#2781=DIRECTION('',(9.86076131526265E-32,-1.,0.));
#2782=DIRECTION('center_axis',(9.86076131526265E-32,-1.,0.));
#2783=DIRECTION('ref_axis',(0.260563451266651,2.56935400042152E-32,0.965456725008434));
#2784=DIRECTION('center_axis',(9.86076131526265E-32,-1.,0.));
#2785=DIRECTION('ref_axis',(1.,9.86076131526265E-32,0.));
#2786=DIRECTION('',(-9.86076131526265E-32,1.,0.));
#2787=DIRECTION('center_axis',(0.,0.,-1.));
#2788=DIRECTION('ref_axis',(-1.,-9.86076131526265E-32,0.));
#2789=DIRECTION('center_axis',(0.,0.,-1.));
#2790=DIRECTION('ref_axis',(-1.,-9.86076131526265E-32,0.));
#2791=DIRECTION('',(0.,0.,-1.));
#2792=DIRECTION('center_axis',(9.86076131526265E-32,-1.,0.));
#2793=DIRECTION('ref_axis',(-0.794850451269879,-7.83783058130108E-32,0.606805372517474));
#2794=DIRECTION('',(9.86076131526265E-32,-1.,0.));
#2795=DIRECTION('center_axis',(9.86076131526265E-32,-1.,0.));
#2796=DIRECTION('ref_axis',(0.263574479767831,2.59904503378511E-32,-0.96463904835701));
#2797=DIRECTION('center_axis',(9.86076131526265E-32,-1.,0.));
#2798=DIRECTION('ref_axis',(-1.,-9.86076131526265E-32,0.));
#2799=DIRECTION('',(-9.86076131526265E-32,1.,0.));
#2800=DIRECTION('',(-9.86076131526265E-32,1.,0.));
#2801=DIRECTION('center_axis',(-9.86076131526265E-32,1.,0.));
#2802=DIRECTION('ref_axis',(-0.263574479767835,-2.59904503378515E-32,0.964639048357009));
#2803=DIRECTION('center_axis',(-9.86076131526265E-32,1.,0.));
#2804=DIRECTION('ref_axis',(-1.,-9.86076131526265E-32,0.));
#2805=DIRECTION('',(9.86076131526265E-32,-1.,0.));
#2806=DIRECTION('center_axis',(0.,0.,-1.));
#2807=DIRECTION('ref_axis',(-1.,-9.86076131526265E-32,0.));
#2808=DIRECTION('center_axis',(-0.882853015586428,-0.337876676782143,-0.326205309822826));
#2809=DIRECTION('ref_axis',(0.469649393558588,-0.635144955118999,-0.61320496827483));
#2810=DIRECTION('center_axis',(0.,0.,1.));
#2811=DIRECTION('ref_axis',(0.707106781186547,-0.707106781186547,0.));
#2812=DIRECTION('center_axis',(0.965456725008434,9.52013832552334E-32,-0.260563451266651));
#2813=DIRECTION('ref_axis',(-0.260563451266651,-2.56935400042152E-32,-0.965456725008434));
#2814=DIRECTION('center_axis',(-0.882853015586421,0.337876676782162,-0.326205309822825));
#2815=DIRECTION('ref_axis',(0.469649393558599,0.635144955119013,-0.613204968274807));
#2816=DIRECTION('center_axis',(0.965456725008434,9.52013832552334E-32,-0.260563451266651));
#2817=DIRECTION('ref_axis',(-9.86076131526265E-32,1.,0.));
#2818=DIRECTION('center_axis',(0.,0.,-1.));
#2819=DIRECTION('ref_axis',(0.707106781186547,0.707106781186547,0.));
#2820=DIRECTION('center_axis',(-0.883566273107291,0.337047992031548,0.32512965428394));
#2821=DIRECTION('ref_axis',(-0.468306140283572,-0.635917859196302,-0.613431198528324));
#2822=DIRECTION('center_axis',(-0.96463904835701,-9.51207541123058E-32,
-0.263574479767828));
#2823=DIRECTION('ref_axis',(9.86076131526265E-32,-1.,0.));
#2824=DIRECTION('center_axis',(0.,0.,-1.));
#2825=DIRECTION('ref_axis',(-0.707106781186547,-0.707106781186547,0.));
#2826=DIRECTION('center_axis',(0.,0.,1.));
#2827=DIRECTION('ref_axis',(1.,0.,0.));
#2828=DIRECTION('center_axis',(0.965456725008435,9.52013832552335E-32,-0.260563451266648));
#2829=DIRECTION('ref_axis',(9.86076131526265E-32,-1.,0.));
#2830=DIRECTION('center_axis',(-0.883566273107295,-0.337047992031535,0.32512965428394));
#2831=DIRECTION('ref_axis',(-0.468306140283562,0.635917859196291,-0.613431198528343));
#2832=DIRECTION('center_axis',(-0.96463904835701,-9.51207541123058E-32,
-0.263574479767828));
#2833=DIRECTION('ref_axis',(0.263574479767828,2.59904503378508E-32,-0.96463904835701));
#2834=DIRECTION('center_axis',(0.,0.,1.));
#2835=DIRECTION('ref_axis',(-0.707106781186547,0.707106781186547,0.));
#2836=DIRECTION('center_axis',(0.,0.,1.));
#2837=DIRECTION('ref_axis',(1.,0.,0.));
#2838=DIRECTION('center_axis',(0.965456725008435,9.52013832552335E-32,-0.260563451266648));
#2839=DIRECTION('ref_axis',(0.260563451266648,2.56935400042149E-32,0.965456725008435));
#2840=DIRECTION('center_axis',(0.,0.,1.));
#2841=DIRECTION('ref_axis',(1.,0.,0.));
#2842=DIRECTION('center_axis',(-0.964639048357009,-9.51207541123057E-32,
-0.263574479767835));
#2843=DIRECTION('ref_axis',(-0.263574479767835,-2.59904503378515E-32,0.964639048357009));
#2844=DIRECTION('center_axis',(-9.86076131526265E-32,1.,0.));
#2845=DIRECTION('ref_axis',(0.,0.,1.));
#2846=DIRECTION('center_axis',(9.86076131526265E-32,-1.,0.));
#2847=DIRECTION('ref_axis',(-0.00151908604621127,-1.49793449190354E-34,
0.999998846188126));
#2848=DIRECTION('center_axis',(-9.86076131526265E-32,1.,0.));
#2849=DIRECTION('ref_axis',(-0.00163848142278005,-1.6156674229526E-34,0.999998657688413));
#2850=DIRECTION('center_axis',(0.,0.,1.));
#2851=DIRECTION('ref_axis',(1.,0.,0.));
#2852=DIRECTION('center_axis',(-0.964639048357009,-9.51207541123057E-32,
-0.263574479767835));
#2853=DIRECTION('ref_axis',(-9.86076131526265E-32,1.,0.));
#2854=DIRECTION('center_axis',(-9.86076131526265E-32,1.,0.));
#2855=DIRECTION('ref_axis',(0.,0.,1.));
#2856=DIRECTION('center_axis',(9.86076131526265E-32,-1.,0.));
#2857=DIRECTION('ref_axis',(-0.00163848142278005,-1.6156674229526E-34,0.999998657688413));
#2858=DIRECTION('center_axis',(-9.86076131526265E-32,1.,0.));
#2859=DIRECTION('ref_axis',(-0.00151908604621127,-1.49793449190354E-34,
0.999998846188126));
#2860=DIRECTION('center_axis',(-9.86076131526265E-32,1.,0.));
#2861=DIRECTION('ref_axis',(1.,9.86076131526265E-32,0.));
#2862=DIRECTION('center_axis',(9.86076131526265E-32,-1.,0.));
#2863=DIRECTION('ref_axis',(-0.0710300259289445,-7.00410131902239E-33,0.997474177819423));
#2864=DIRECTION('',(-9.86076131526265E-32,1.,0.));
#2865=DIRECTION('center_axis',(-9.86076131526265E-32,1.,0.));
#2866=DIRECTION('ref_axis',(-0.0710300259289445,-7.00410131902239E-33,0.997474177819423));
#2867=DIRECTION('',(9.86076131526265E-32,-1.,0.));
#2868=DIRECTION('center_axis',(1.66533453693773E-16,1.,0.));
#2869=DIRECTION('ref_axis',(0.0611213576666387,-7.40148683083437E-18,0.99813034200799));
#2870=DIRECTION('',(9.86076131526265E-32,-1.,0.));
#2871=DIRECTION('center_axis',(-1.66533453693773E-16,-1.,0.));
#2872=DIRECTION('ref_axis',(0.0611213576666387,-1.11022302462516E-17,0.99813034200799));
#2873=DIRECTION('',(-9.86076131526265E-32,1.,0.));
#2874=DIRECTION('center_axis',(0.,0.,1.));
#2875=DIRECTION('ref_axis',(-1.,-9.86076131526265E-32,0.));
#2876=DIRECTION('center_axis',(-9.86076131526265E-32,1.,0.));
#2877=DIRECTION('ref_axis',(1.,9.86076131526265E-32,0.));
#2878=DIRECTION('center_axis',(1.66533453693773E-16,1.,0.));
#2879=DIRECTION('ref_axis',(0.,0.,1.));
#2880=DIRECTION('center_axis',(1.66533453693773E-16,1.,0.));
#2881=DIRECTION('ref_axis',(0.0611213576666387,-1.01787507866777E-17,0.99813034200799));
#2882=DIRECTION('center_axis',(-1.66533453693773E-16,-1.,0.));
#2883=DIRECTION('ref_axis',(0.0592310307060465,0.,0.99824430126172));
#2884=DIRECTION('center_axis',(-1.66533453693773E-16,-1.,0.));
#2885=DIRECTION('ref_axis',(0.0611213576666387,-1.01787507866777E-17,0.99813034200799));
#2886=DIRECTION('center_axis',(9.86076131526265E-32,-1.,0.));
#2887=DIRECTION('ref_axis',(-0.747789479972823,-7.37377357607639E-32,-0.663935910794087));
#2888=DIRECTION('',(-1.66533453693773E-16,-1.,0.));
#2889=DIRECTION('center_axis',(-9.86076131526265E-32,1.,0.));
#2890=DIRECTION('ref_axis',(0.707150978607255,6.97304701390055E-32,-0.707062581003125));
#2891=DIRECTION('',(1.66533453693773E-16,1.,0.));
#2892=DIRECTION('center_axis',(1.66533453693773E-16,1.,0.));
#2893=DIRECTION('ref_axis',(0.707150978607255,6.97304701390055E-32,-0.707062581003125));
#2894=DIRECTION('center_axis',(-1.66533453693773E-16,-1.,0.));
#2895=DIRECTION('ref_axis',(0.707150978607255,6.97304701390055E-32,-0.707062581003125));
#2896=DIRECTION('',(1.66533453693773E-16,1.,0.));
#2897=DIRECTION('center_axis',(-1.,1.66533453693773E-16,0.));
#2898=DIRECTION('ref_axis',(-1.66533453693773E-16,-1.,0.));
#2899=DIRECTION('',(0.,0.,-1.));
#2900=DIRECTION('center_axis',(-1.,1.66533453693773E-16,0.));
#2901=DIRECTION('ref_axis',(-1.66533453693773E-16,-1.,0.));
#2902=DIRECTION('',(0.,0.,1.));
#2903=DIRECTION('center_axis',(-1.,1.66533453693773E-16,0.));
#2904=DIRECTION('ref_axis',(1.75785312232316E-16,1.,0.));
#2905=DIRECTION('center_axis',(1.66533453693773E-16,1.,0.));
#2906=DIRECTION('ref_axis',(0.,0.,-1.));
#2907=DIRECTION('',(0.,0.,-1.));
#2908=DIRECTION('',(-1.,-9.86076131526265E-32,0.));
#2909=DIRECTION('center_axis',(9.86076131526265E-32,-1.,0.));
#2910=DIRECTION('ref_axis',(0.,0.,-1.));
#2911=DIRECTION('center_axis',(9.86076131526265E-32,-1.,0.));
#2912=DIRECTION('ref_axis',(-0.0710300259289445,-7.00410131902238E-33,0.997474177819423));
#2913=DIRECTION('center_axis',(-9.86076131526265E-32,1.,0.));
#2914=DIRECTION('ref_axis',(0.,0.,1.));
#2915=DIRECTION('center_axis',(-9.86076131526265E-32,1.,0.));
#2916=DIRECTION('ref_axis',(-0.0710300259289445,-7.00410131902238E-33,0.997474177819423));
#2917=DIRECTION('center_axis',(-9.86076131526265E-32,1.,0.));
#2918=DIRECTION('ref_axis',(0.751342883796907,7.40881284304242E-32,-0.659912017596094));
#2919=DIRECTION('',(-9.86076131526265E-32,1.,0.));
#2920=DIRECTION('center_axis',(9.86076131526265E-32,-1.,0.));
#2921=DIRECTION('ref_axis',(-0.70413525093757,-6.94330964315795E-32,-0.710065876089737));
#2922=DIRECTION('',(9.86076131526265E-32,-1.,0.));
#2923=DIRECTION('center_axis',(9.86076131526265E-32,-1.,0.));
#2924=DIRECTION('ref_axis',(-0.70413525093757,-6.94330964315795E-32,-0.710065876089737));
#2925=DIRECTION('center_axis',(-9.86076131526265E-32,1.,0.));
#2926=DIRECTION('ref_axis',(-0.70413525093757,-6.94330964315795E-32,-0.710065876089737));
#2927=DIRECTION('',(9.86076131526265E-32,-1.,0.));
#2928=DIRECTION('center_axis',(1.,9.86076131526265E-32,0.));
#2929=DIRECTION('ref_axis',(-9.86076131526265E-32,1.,0.));
#2930=DIRECTION('',(0.,0.,-1.));
#2931=DIRECTION('center_axis',(1.,9.86076131526265E-32,0.));
#2932=DIRECTION('ref_axis',(-9.86076131526265E-32,1.,0.));
#2933=DIRECTION('',(0.,0.,1.));
#2934=DIRECTION('center_axis',(1.,9.86076131526265E-32,0.));
#2935=DIRECTION('ref_axis',(9.86076131526265E-32,-1.,0.));
#2936=DIRECTION('center_axis',(9.86076131526265E-32,-1.,0.));
#2937=DIRECTION('ref_axis',(0.,0.,-1.));
#2938=DIRECTION('',(0.,0.,-1.));
#2939=DIRECTION('',(1.,9.86076131526265E-32,0.));
#2940=DIRECTION('center_axis',(-1.,-9.86076131526265E-32,0.));
#2941=DIRECTION('ref_axis',(9.86076131526265E-32,-1.,0.));
#2942=DIRECTION('center_axis',(-1.,-9.86076131526265E-32,0.));
#2943=DIRECTION('ref_axis',(9.86076131526265E-32,-1.,0.));
#2944=DIRECTION('',(1.,9.86076131526265E-32,0.));
#2945=DIRECTION('center_axis',(1.,-1.66533453693773E-16,0.));
#2946=DIRECTION('ref_axis',(9.86076131526265E-32,-1.,0.));
#2947=DIRECTION('center_axis',(1.,-1.66533453693773E-16,0.));
#2948=DIRECTION('ref_axis',(9.86076131526265E-32,-1.,0.));
#2949=DIRECTION('center_axis',(-1.,-9.86076131526265E-32,0.));
#2950=DIRECTION('ref_axis',(9.86076131526265E-32,-1.,0.));
#2951=DIRECTION('center_axis',(-1.,1.66533453693773E-16,0.));
#2952=DIRECTION('ref_axis',(-1.66533453693773E-16,-1.,0.));
#2953=DIRECTION('',(0.,0.,1.));
#2954=DIRECTION('center_axis',(-1.,1.66533453693773E-16,0.));
#2955=DIRECTION('ref_axis',(-1.66533453693773E-16,-1.,0.));
#2956=DIRECTION('center_axis',(1.,-1.66533453693773E-16,0.));
#2957=DIRECTION('ref_axis',(1.75785312232316E-16,1.,0.));
#2958=DIRECTION('center_axis',(-1.,1.66533453693773E-16,0.));
#2959=DIRECTION('ref_axis',(-1.66533453693773E-16,-1.,0.));
#2960=DIRECTION('',(-1.,1.66533453693773E-16,0.));
#2961=DIRECTION('center_axis',(-1.66533453693773E-16,-1.,0.));
#2962=DIRECTION('ref_axis',(0.,0.,1.));
#2963=DIRECTION('center_axis',(1.,9.86076131526265E-32,0.));
#2964=DIRECTION('ref_axis',(-9.86076131526265E-32,1.,0.));
#2965=DIRECTION('',(0.,0.,1.));
#2966=DIRECTION('center_axis',(1.,9.86076131526265E-32,0.));
#2967=DIRECTION('ref_axis',(-9.86076131526265E-32,1.,0.));
#2968=DIRECTION('center_axis',(-1.,-9.86076131526265E-32,0.));
#2969=DIRECTION('ref_axis',(9.86076131526265E-32,-1.,0.));
#2970=DIRECTION('center_axis',(0.,0.,1.));
#2971=DIRECTION('ref_axis',(1.,9.86076131526265E-32,0.));
#2972=DIRECTION('center_axis',(-1.,1.66533453693773E-16,0.));
#2973=DIRECTION('ref_axis',(1.75785312232316E-16,1.,0.));
#2974=DIRECTION('',(-1.,1.66533453693773E-16,0.));
#2975=DIRECTION('center_axis',(1.,9.86076131526265E-32,0.));
#2976=DIRECTION('ref_axis',(9.86076131526265E-32,-1.,0.));
#2977=DIRECTION('',(1.,9.86076131526265E-32,0.));
#2978=DIRECTION('center_axis',(1.,9.86076131526265E-32,0.));
#2979=DIRECTION('ref_axis',(-9.86076131526265E-32,1.,0.));
#2980=DIRECTION('',(1.,9.86076131526265E-32,0.));
#2981=DIRECTION('center_axis',(-9.86076131526265E-32,1.,0.));
#2982=DIRECTION('ref_axis',(0.,0.,1.));
#2983=DIRECTION('center_axis',(0.,0.,1.));
#2984=DIRECTION('ref_axis',(1.,0.,0.));
#2985=DIRECTION('center_axis',(0.,0.,1.));
#2986=DIRECTION('ref_axis',(1.,0.,0.));
#2987=DIRECTION('',(0.,0.,1.));
#2988=DIRECTION('center_axis',(0.,0.,1.));
#2989=DIRECTION('ref_axis',(1.,0.,0.));
#2990=DIRECTION('center_axis',(0.,0.,-1.));
#2991=DIRECTION('ref_axis',(1.,0.,0.));
#2992=DIRECTION('center_axis',(0.,0.,1.));
#2993=DIRECTION('ref_axis',(1.,0.,0.));
#2994=DIRECTION('center_axis',(0.,0.,1.));
#2995=DIRECTION('ref_axis',(1.,0.,0.));
#2996=DIRECTION('',(0.,0.,1.));
#2997=DIRECTION('center_axis',(0.,0.,1.));
#2998=DIRECTION('ref_axis',(1.,0.,0.));
#2999=DIRECTION('center_axis',(0.,0.,-1.));
#3000=DIRECTION('ref_axis',(1.,0.,0.));
#3001=DIRECTION('center_axis',(0.,0.,1.));
#3002=DIRECTION('ref_axis',(1.,0.,0.));
#3003=DIRECTION('center_axis',(0.,0.,1.));
#3004=DIRECTION('ref_axis',(1.,0.,0.));
#3005=DIRECTION('',(0.,0.,1.));
#3006=DIRECTION('center_axis',(0.,0.,1.));
#3007=DIRECTION('ref_axis',(1.,0.,0.));
#3008=DIRECTION('center_axis',(0.,0.,-1.));
#3009=DIRECTION('ref_axis',(1.,0.,0.));
#3010=DIRECTION('center_axis',(0.,0.,1.));
#3011=DIRECTION('ref_axis',(1.,0.,0.));
#3012=DIRECTION('center_axis',(0.,0.,1.));
#3013=DIRECTION('ref_axis',(1.,0.,0.));
#3014=DIRECTION('',(0.,0.,1.));
#3015=DIRECTION('center_axis',(0.,0.,1.));
#3016=DIRECTION('ref_axis',(1.,0.,0.));
#3017=DIRECTION('center_axis',(0.,0.,-1.));
#3018=DIRECTION('ref_axis',(1.,0.,0.));
#3019=DIRECTION('center_axis',(0.,0.,1.));
#3020=DIRECTION('ref_axis',(-0.707106781186548,-0.707106781186547,0.));
#3021=DIRECTION('center_axis',(0.,0.,-1.));
#3022=DIRECTION('ref_axis',(-0.707106781186548,-0.707106781186547,0.));
#3023=DIRECTION('',(0.,0.,-1.));
#3024=DIRECTION('center_axis',(0.,0.,1.));
#3025=DIRECTION('ref_axis',(-0.707106781186548,-0.707106781186547,0.));
#3026=DIRECTION('',(0.,0.,1.));
#3027=DIRECTION('center_axis',(-1.,1.61486985400023E-16,0.));
#3028=DIRECTION('ref_axis',(1.61486985400023E-16,1.,0.));
#3029=DIRECTION('',(1.61486985400023E-16,1.,0.));
#3030=DIRECTION('',(0.,0.,1.));
#3031=DIRECTION('',(1.61486985400023E-16,1.,0.));
#3032=DIRECTION('center_axis',(0.,0.,1.));
#3033=DIRECTION('ref_axis',(1.,0.,0.));
#3034=DIRECTION('',(-1.,0.,0.));
#3035=DIRECTION('center_axis',(0.,0.,-1.));
#3036=DIRECTION('ref_axis',(0.707106781186548,-0.707106781186547,0.));
#3037=DIRECTION('',(0.,-1.,0.));
#3038=DIRECTION('center_axis',(0.,0.,-1.));
#3039=DIRECTION('ref_axis',(0.707106781186548,0.707106781186547,0.));
#3040=DIRECTION('',(1.,-3.22973970800046E-16,0.));
#3041=DIRECTION('center_axis',(0.,0.,-1.));
#3042=DIRECTION('ref_axis',(-0.707106781186548,0.707106781186547,0.));
#3043=DIRECTION('center_axis',(0.,0.,1.));
#3044=DIRECTION('ref_axis',(-0.707106781186548,0.707106781186547,0.));
#3045=DIRECTION('',(0.,0.,-1.));
#3046=DIRECTION('center_axis',(0.,0.,1.));
#3047=DIRECTION('ref_axis',(-0.707106781186548,0.707106781186547,0.));
#3048=DIRECTION('center_axis',(0.,-1.,0.));
#3049=DIRECTION('ref_axis',(-1.,0.,0.));
#3050=DIRECTION('',(-1.,0.,0.));
#3051=DIRECTION('',(0.,0.,-1.));
#3052=DIRECTION('center_axis',(0.,0.,1.));
#3053=DIRECTION('ref_axis',(1.,0.,0.));
#3054=DIRECTION('',(1.,-3.22973970800046E-16,0.));
#3055=DIRECTION('center_axis',(0.,0.,1.));
#3056=DIRECTION('ref_axis',(0.707106781186548,0.707106781186547,0.));
#3057=DIRECTION('',(0.,-1.,0.));
#3058=DIRECTION('center_axis',(0.,0.,1.));
#3059=DIRECTION('ref_axis',(0.707106781186548,-0.707106781186547,0.));
#3060=DIRECTION('center_axis',(3.22973970800046E-16,1.,0.));
#3061=DIRECTION('ref_axis',(1.,-3.22973970800046E-16,0.));
#3062=DIRECTION('',(0.,0.,1.));
#3063=DIRECTION('center_axis',(0.,0.,1.));
#3064=DIRECTION('ref_axis',(0.707106781186548,0.707106781186547,0.));
#3065=DIRECTION('',(0.,0.,-1.));
#3066=DIRECTION('center_axis',(1.,0.,0.));
#3067=DIRECTION('ref_axis',(0.,-1.,0.));
#3068=DIRECTION('',(0.,0.,1.));
#3069=DIRECTION('center_axis',(0.,0.,-1.));
#3070=DIRECTION('ref_axis',(0.707106781186548,-0.707106781186547,0.));
#3071=DIRECTION('center_axis',(0.,0.,-1.));
#3072=DIRECTION('ref_axis',(-1.,0.,0.));
#3073=DIRECTION('',(0.,1.,0.));
#3074=DIRECTION('center_axis',(0.,0.,1.));
#3075=DIRECTION('ref_axis',(-4.44089209850063E-16,-1.,0.));
#3076=DIRECTION('',(-1.,8.88178419700125E-15,0.));
#3077=DIRECTION('center_axis',(0.,0.,-1.));
#3078=DIRECTION('ref_axis',(-4.44089209850063E-16,-1.,0.));
#3079=DIRECTION('',(0.,-1.,0.));
#3080=DIRECTION('center_axis',(0.,0.,-1.));
#3081=DIRECTION('ref_axis',(1.,-5.92118946466751E-16,0.));
#3082=DIRECTION('',(1.,0.,0.));
#3083=DIRECTION('center_axis',(0.,0.,1.));
#3084=DIRECTION('ref_axis',(1.,-5.92118946466751E-16,0.));
#3085=DIRECTION('center_axis',(1.,0.,0.));
#3086=DIRECTION('ref_axis',(0.,-1.,0.));
#3087=DIRECTION('',(0.,0.,-1.));
#3088=DIRECTION('',(0.,-1.,0.));
#3089=DIRECTION('',(0.,0.,-1.));
#3090=DIRECTION('center_axis',(0.,0.,-1.));
#3091=DIRECTION('ref_axis',(-4.44089209850063E-16,-1.,0.));
#3092=DIRECTION('',(0.,0.,1.));
#3093=DIRECTION('center_axis',(0.,0.,1.));
#3094=DIRECTION('ref_axis',(-4.44089209850063E-16,-1.,0.));
#3095=DIRECTION('',(0.,0.,1.));
#3096=DIRECTION('center_axis',(0.,0.,-1.));
#3097=DIRECTION('ref_axis',(-4.44089209850063E-16,-1.,0.));
#3098=DIRECTION('',(0.,0.,1.));
#3099=DIRECTION('center_axis',(0.,0.,-1.));
#3100=DIRECTION('ref_axis',(-4.44089209850063E-16,-1.,0.));
#3101=DIRECTION('center_axis',(-8.88178419700125E-15,-1.,0.));
#3102=DIRECTION('ref_axis',(0.,0.,-1.));
#3103=DIRECTION('',(0.,0.,-1.));
#3104=DIRECTION('',(1.,-8.88178419700134E-15,0.));
#3105=DIRECTION('center_axis',(0.,0.,-1.));
#3106=DIRECTION('ref_axis',(-4.44089209850063E-16,-1.,0.));
#3107=DIRECTION('',(0.,0.,-1.));
#3108=DIRECTION('center_axis',(0.,0.,1.));
#3109=DIRECTION('ref_axis',(-4.44089209850063E-16,-1.,0.));
#3110=DIRECTION('',(0.,0.,-1.));
#3111=DIRECTION('center_axis',(0.,0.,-1.));
#3112=DIRECTION('ref_axis',(-4.44089209850063E-16,-1.,0.));
#3113=DIRECTION('',(0.,0.,-1.));
#3114=DIRECTION('center_axis',(0.,0.,-1.));
#3115=DIRECTION('ref_axis',(-4.44089209850063E-16,-1.,0.));
#3116=DIRECTION('center_axis',(1.,0.,0.));
#3117=DIRECTION('ref_axis',(0.,-1.,0.));
#3118=DIRECTION('',(0.,0.,-1.));
#3119=DIRECTION('',(0.,1.,0.));
#3120=DIRECTION('center_axis',(0.,0.,-1.));
#3121=DIRECTION('ref_axis',(-1.62832710278356E-15,1.,0.));
#3122=DIRECTION('center_axis',(0.,0.,-1.));
#3123=DIRECTION('ref_axis',(-1.62832710278356E-15,1.,0.));
#3124=DIRECTION('',(0.,0.,-1.));
#3125=DIRECTION('center_axis',(0.,0.,1.));
#3126=DIRECTION('ref_axis',(-1.62832710278356E-15,1.,0.));
#3127=DIRECTION('',(0.,0.,-1.));
#3128=DIRECTION('center_axis',(0.,0.,-1.));
#3129=DIRECTION('ref_axis',(1.,-5.92118946466751E-16,0.));
#3130=DIRECTION('',(0.,0.,1.));
#3131=DIRECTION('center_axis',(0.,0.,-1.));
#3132=DIRECTION('ref_axis',(1.,-5.92118946466751E-16,0.));
#3133=DIRECTION('',(0.,0.,-1.));
#3134=DIRECTION('center_axis',(0.,0.,-1.));
#3135=DIRECTION('ref_axis',(1.,-5.92118946466751E-16,0.));
#3136=DIRECTION('',(0.,0.,-1.));
#3137=DIRECTION('center_axis',(0.,0.,1.));
#3138=DIRECTION('ref_axis',(1.,-5.92118946466751E-16,0.));
#3139=DIRECTION('center_axis',(0.,-1.,0.));
#3140=DIRECTION('ref_axis',(-1.,0.,0.));
#3141=DIRECTION('',(-1.,0.,0.));
#3142=DIRECTION('',(1.,0.,0.));
#3143=DIRECTION('',(0.,0.,-1.));
#3144=DIRECTION('center_axis',(0.,0.,-1.));
#3145=DIRECTION('ref_axis',(-1.,4.44089209850063E-16,0.));
#3146=DIRECTION('center_axis',(0.,0.,-1.));
#3147=DIRECTION('ref_axis',(-1.,4.44089209850063E-16,0.));
#3148=DIRECTION('center_axis',(0.,0.,1.));
#3149=DIRECTION('ref_axis',(-1.,4.44089209850063E-16,0.));
#3150=DIRECTION('',(0.,0.,-1.));
#3151=DIRECTION('center_axis',(-1.,1.61486985400023E-16,0.));
#3152=DIRECTION('ref_axis',(1.61486985400023E-16,1.,0.));
#3153=DIRECTION('',(1.61486985400023E-16,1.,0.));
#3154=DIRECTION('',(-1.61486985400023E-16,-1.,0.));
#3155=DIRECTION('center_axis',(0.,0.,-1.));
#3156=DIRECTION('ref_axis',(-1.,0.,0.));
#3157=DIRECTION('',(0.,-1.,0.));
#3158=DIRECTION('',(1.,0.,0.));
#3159=DIRECTION('',(0.,1.,0.));
#3160=DIRECTION('',(-1.,0.,0.));
#3161=DIRECTION('center_axis',(0.,0.,1.));
#3162=DIRECTION('ref_axis',(0.,1.,0.));
#3163=DIRECTION('',(0.,-1.,0.));
#3164=DIRECTION('',(1.,-1.36642833800019E-15,0.));
#3165=DIRECTION('',(0.,1.,0.));
#3166=DIRECTION('',(-1.,0.,0.));
#3167=DIRECTION('center_axis',(-1.,0.,0.));
#3168=DIRECTION('ref_axis',(0.,1.,0.));
#3169=DIRECTION('center_axis',(-1.,0.,0.));
#3170=DIRECTION('ref_axis',(0.,1.,0.));
#3171=DIRECTION('',(-1.,0.,0.));
#3172=DIRECTION('center_axis',(-1.,-3.94745964311166E-15,0.));
#3173=DIRECTION('ref_axis',(0.,1.,0.));
#3174=DIRECTION('center_axis',(-1.,0.,0.));
#3175=DIRECTION('ref_axis',(0.,1.,0.));
#3176=DIRECTION('center_axis',(1.,3.94745964311167E-15,0.));
#3177=DIRECTION('ref_axis',(0.,1.,0.));
#3178=DIRECTION('',(-1.,0.,0.));
#3179=DIRECTION('center_axis',(1.,3.94745964311167E-15,0.));
#3180=DIRECTION('ref_axis',(0.,1.,0.));
#3181=DIRECTION('center_axis',(1.,0.,0.));
#3182=DIRECTION('ref_axis',(0.,-1.,0.));
#3183=DIRECTION('',(0.,1.,0.));
#3184=DIRECTION('',(0.,0.,1.));
#3185=DIRECTION('',(0.,0.,-1.));
#3186=DIRECTION('center_axis',(-1.,-3.94745964311167E-15,0.));
#3187=DIRECTION('ref_axis',(-3.94745964311167E-15,1.,0.));
#3188=DIRECTION('',(3.94745964311167E-15,-1.,0.));
#3189=DIRECTION('',(0.,-1.,0.));
#3190=DIRECTION('',(0.,0.,1.));
#3191=DIRECTION('',(0.,0.,-1.));
#3192=DIRECTION('',(0.,-1.,0.));
#3193=DIRECTION('center_axis',(0.,-1.,0.));
#3194=DIRECTION('ref_axis',(0.,0.,-1.));
#3195=DIRECTION('',(1.,0.,0.));
#3196=DIRECTION('center_axis',(0.,1.,0.));
#3197=DIRECTION('ref_axis',(0.,0.,1.));
#3198=DIRECTION('',(-1.,0.,0.));
#3199=DIRECTION('center_axis',(0.,0.,1.));
#3200=DIRECTION('ref_axis',(1.,0.,0.));
#3201=DIRECTION('',(1.,-3.22973970800046E-16,0.));
#3202=DIRECTION('',(0.,-1.,0.));
#3203=DIRECTION('center_axis',(0.,0.,1.));
#3204=DIRECTION('ref_axis',(1.,0.,0.));
#3205=DIRECTION('center_axis',(0.,0.,1.));
#3206=DIRECTION('ref_axis',(1.,0.,0.));
#3207=DIRECTION('center_axis',(0.,0.,1.));
#3208=DIRECTION('ref_axis',(1.,0.,0.));
#3209=DIRECTION('center_axis',(0.,0.,1.));
#3210=DIRECTION('ref_axis',(1.,0.,0.));
#3211=DIRECTION('center_axis',(0.,0.,-1.));
#3212=DIRECTION('ref_axis',(-1.,0.,0.));
#3213=DIRECTION('center_axis',(0.,-1.,0.));
#3214=DIRECTION('ref_axis',(1.,0.,-1.22464679914735E-16));
#3215=DIRECTION('center_axis',(-3.22973970800046E-16,-1.,0.));
#3216=DIRECTION('ref_axis',(-1.,0.,0.));
#3217=DIRECTION('',(0.,-1.,0.));
#3218=DIRECTION('center_axis',(-3.22973970800046E-16,-1.,0.));
#3219=DIRECTION('ref_axis',(-1.,0.,0.));
#3220=DIRECTION('',(0.,-1.,0.));
#3221=DIRECTION('center_axis',(0.,0.,1.));
#3222=DIRECTION('ref_axis',(-1.,0.,0.));
#3223=DIRECTION('',(-1.,3.22973970800046E-16,0.));
#3224=DIRECTION('',(-1.,3.22973970800046E-16,0.));
#3225=DIRECTION('',(0.,-1.,0.));
#3226=DIRECTION('center_axis',(0.,-1.,0.));
#3227=DIRECTION('ref_axis',(-1.,0.,0.));
#3228=DIRECTION('center_axis',(-3.22973970800046E-16,-1.,0.));
#3229=DIRECTION('ref_axis',(-1.,0.,0.));
#3230=DIRECTION('center_axis',(-3.22973970800046E-16,-1.,0.));
#3231=DIRECTION('ref_axis',(-1.,0.,0.));
#3232=DIRECTION('',(0.,-1.,0.));
#3233=DIRECTION('center_axis',(0.,0.,-1.));
#3234=DIRECTION('ref_axis',(1.,0.,0.));
#3235=DIRECTION('',(1.,-3.22973970800046E-16,0.));
#3236=DIRECTION('',(1.,-3.22973970800046E-16,0.));
#3237=DIRECTION('center_axis',(1.,0.,0.));
#3238=DIRECTION('ref_axis',(0.,-1.,0.));
#3239=DIRECTION('',(0.,-1.,0.));
#3240=DIRECTION('center_axis',(0.,0.,1.));
#3241=DIRECTION('ref_axis',(1.,0.,0.));
#3242=DIRECTION('center_axis',(0.,0.,-1.));
#3243=DIRECTION('ref_axis',(-1.62832710278356E-15,1.,0.));
#3244=DIRECTION('',(1.,-3.22973970800046E-16,0.));
#3245=DIRECTION('center_axis',(0.,0.,-1.));
#3246=DIRECTION('ref_axis',(1.,-5.92118946466751E-16,0.));
#3247=DIRECTION('',(-1.,0.,0.));
#3248=DIRECTION('center_axis',(0.,0.,-1.));
#3249=DIRECTION('ref_axis',(-1.,4.44089209850063E-16,0.));
#3250=DIRECTION('',(1.61486985400023E-16,1.,0.));
#3251=DIRECTION('',(-1.,3.22973970800046E-16,0.));
#3252=DIRECTION('center_axis',(0.,1.,0.));
#3253=DIRECTION('ref_axis',(0.,0.,1.));
#3254=DIRECTION('',(0.,0.,-1.));
#3255=DIRECTION('',(-1.,0.,0.));
#3256=DIRECTION('center_axis',(0.,0.,-1.));
#3257=DIRECTION('ref_axis',(-1.,0.,0.));
#3258=DIRECTION('',(0.,1.,0.));
#3259=DIRECTION('center_axis',(0.,0.,1.));
#3260=DIRECTION('ref_axis',(1.,-5.92118946466751E-16,0.));
#3261=DIRECTION('center_axis',(0.,-1.,0.));
#3262=DIRECTION('ref_axis',(0.,0.,-1.));
#3263=DIRECTION('',(-1.,0.,0.));
#3264=DIRECTION('',(0.,0.,-1.));
#3265=DIRECTION('',(-1.,0.,0.));
#3266=DIRECTION('',(0.,0.,-1.));
#3267=DIRECTION('center_axis',(0.,0.,1.));
#3268=DIRECTION('ref_axis',(-1.,0.,0.));
#3269=DIRECTION('',(1.,-3.22973970800046E-16,0.));
#3270=DIRECTION('',(0.,-1.,0.));
#3271=DIRECTION('',(0.,-1.,0.));
#3272=DIRECTION('center_axis',(-1.,0.,0.));
#3273=DIRECTION('ref_axis',(0.,0.,-1.));
#3274=DIRECTION('',(0.,0.,1.));
#3275=DIRECTION('',(0.,1.,0.));
#3276=DIRECTION('center_axis',(1.,0.,0.));
#3277=DIRECTION('ref_axis',(0.,0.,1.));
#3278=DIRECTION('',(0.,0.,-1.));
#3279=DIRECTION('',(0.,-1.,0.));
#3280=DIRECTION('center_axis',(0.,0.,-1.));
#3281=DIRECTION('ref_axis',(-1.,0.,0.));
#3282=DIRECTION('',(-1.,3.22973970800046E-16,0.));
#3283=DIRECTION('center_axis',(0.,0.,-1.));
#3284=DIRECTION('ref_axis',(1.,0.,0.));
#3285=DIRECTION('center_axis',(0.,0.,-1.));
#3286=DIRECTION('ref_axis',(1.,0.,0.));
#3287=DIRECTION('center_axis',(0.,0.,-1.));
#3288=DIRECTION('ref_axis',(1.,0.,0.));
#3289=DIRECTION('',(0.,0.,1.));
#3290=DIRECTION('center_axis',(0.,0.,-1.));
#3291=DIRECTION('ref_axis',(1.,0.,0.));
#3292=DIRECTION('center_axis',(0.,0.,-1.));
#3293=DIRECTION('ref_axis',(1.,0.,0.));
#3294=DIRECTION('center_axis',(0.,0.,-1.));
#3295=DIRECTION('ref_axis',(1.,0.,0.));
#3296=DIRECTION('',(0.,0.,1.));
#3297=DIRECTION('center_axis',(0.,0.,-1.));
#3298=DIRECTION('ref_axis',(1.,0.,0.));
#3299=DIRECTION('center_axis',(0.,0.,-1.));
#3300=DIRECTION('ref_axis',(1.,0.,0.));
#3301=DIRECTION('center_axis',(0.,0.,-1.));
#3302=DIRECTION('ref_axis',(1.,0.,0.));
#3303=DIRECTION('',(0.,0.,1.));
#3304=DIRECTION('center_axis',(0.,0.,-1.));
#3305=DIRECTION('ref_axis',(1.,0.,0.));
#3306=DIRECTION('center_axis',(0.,0.,-1.));
#3307=DIRECTION('ref_axis',(1.,0.,0.));
#3308=DIRECTION('center_axis',(0.,0.,-1.));
#3309=DIRECTION('ref_axis',(1.,0.,0.));
#3310=DIRECTION('',(0.,0.,1.));
#3311=DIRECTION('center_axis',(0.,0.,1.));
#3312=DIRECTION('ref_axis',(1.,0.,0.));
#3313=DIRECTION('',(-1.,3.22973970800046E-16,0.));
#3314=DIRECTION('',(0.,1.,0.));
#3315=DIRECTION('',(1.,-3.22973970800046E-16,0.));
#3316=DIRECTION('',(0.,-1.,0.));
#3317=DIRECTION('center_axis',(0.,0.,1.));
#3318=DIRECTION('ref_axis',(1.,0.,0.));
#3319=DIRECTION('',(-1.,3.22973970800046E-16,0.));
#3320=DIRECTION('',(0.,-1.,0.));
#3321=DIRECTION('',(1.,-3.22973970800046E-16,0.));
#3322=DIRECTION('',(0.,1.,0.));
#3323=DIRECTION('center_axis',(-1.,0.,0.));
#3324=DIRECTION('ref_axis',(0.,0.,1.));
#3325=DIRECTION('',(0.,0.,1.));
#3326=DIRECTION('',(0.,0.,-1.));
#3327=DIRECTION('center_axis',(3.22973970800046E-16,1.,0.));
#3328=DIRECTION('ref_axis',(1.,-3.22973970800046E-16,0.));
#3329=DIRECTION('',(0.,0.,-1.));
#3330=DIRECTION('center_axis',(1.,0.,0.));
#3331=DIRECTION('ref_axis',(0.,0.,-1.));
#3332=DIRECTION('',(0.,0.,1.));
#3333=DIRECTION('center_axis',(0.,0.,-1.));
#3334=DIRECTION('ref_axis',(-1.,0.,0.));
#3335=DIRECTION('center_axis',(0.,0.,1.));
#3336=DIRECTION('ref_axis',(-1.,0.,0.));
#3337=DIRECTION('',(0.,0.,-1.));
#3338=DIRECTION('center_axis',(-1.,1.61486985400023E-16,0.));
#3339=DIRECTION('ref_axis',(1.61486985400023E-16,1.,0.));
#3340=DIRECTION('',(1.61486985400023E-16,1.,0.));
#3341=DIRECTION('',(0.,0.,1.));
#3342=DIRECTION('',(0.,0.,1.));
#3343=DIRECTION('center_axis',(0.,0.,-1.));
#3344=DIRECTION('ref_axis',(-1.,4.44089209850063E-16,0.));
#3345=DIRECTION('center_axis',(0.,0.,-1.));
#3346=DIRECTION('ref_axis',(-1.,4.44089209850063E-16,0.));
#3347=DIRECTION('',(0.,0.,1.));
#3348=DIRECTION('center_axis',(0.,0.,-1.));
#3349=DIRECTION('ref_axis',(-1.62832710278356E-15,1.,0.));
#3350=DIRECTION('center_axis',(0.,0.,-1.));
#3351=DIRECTION('ref_axis',(-1.62832710278356E-15,1.,0.));
#3352=DIRECTION('',(0.,0.,-1.));
#3353=DIRECTION('center_axis',(0.,-1.,0.));
#3354=DIRECTION('ref_axis',(-1.,0.,0.));
#3355=DIRECTION('',(-1.,0.,0.));
#3356=DIRECTION('center_axis',(3.22973970800046E-16,1.,0.));
#3357=DIRECTION('ref_axis',(1.,-3.22973970800046E-16,0.));
#3358=DIRECTION('',(1.,-3.22973970800046E-16,0.));
#3359=DIRECTION('',(0.,0.,1.));
#3360=DIRECTION('center_axis',(1.,0.,0.));
#3361=DIRECTION('ref_axis',(0.,-1.,0.));
#3362=DIRECTION('',(0.,-1.,0.));
#3363=DIRECTION('',(0.,0.,1.));
#3364=DIRECTION('center_axis',(0.,0.,-1.));
#3365=DIRECTION('ref_axis',(1.,-5.92118946466751E-16,0.));
#3366=DIRECTION('center_axis',(0.,0.,-1.));
#3367=DIRECTION('ref_axis',(1.,-5.92118946466751E-16,0.));
#3368=DIRECTION('center_axis',(0.,-1.,0.));
#3369=DIRECTION('ref_axis',(0.,0.,-1.));
#3370=DIRECTION('',(1.,0.,0.));
#3371=DIRECTION('',(0.,0.,1.));
#3372=DIRECTION('',(0.,0.,-1.));
#3373=DIRECTION('center_axis',(-1.,-3.94745964311167E-15,0.));
#3374=DIRECTION('ref_axis',(-3.94745964311167E-15,1.,0.));
#3375=DIRECTION('',(3.94745964311167E-15,-1.,0.));
#3376=DIRECTION('',(0.,0.,1.));
#3377=DIRECTION('center_axis',(0.,1.,0.));
#3378=DIRECTION('ref_axis',(0.,0.,1.));
#3379=DIRECTION('',(-1.,0.,0.));
#3380=DIRECTION('',(0.,0.,-1.));
#3381=DIRECTION('center_axis',(1.,3.94745964311166E-15,0.));
#3382=DIRECTION('ref_axis',(3.94745964311166E-15,-1.,0.));
#3383=DIRECTION('',(-3.94745964311166E-15,1.,0.));
#3384=DIRECTION('center_axis',(0.,0.,1.));
#3385=DIRECTION('ref_axis',(1.,0.,0.));
#3386=DIRECTION('center_axis',(1.,0.,0.));
#3387=DIRECTION('ref_axis',(0.,-1.,2.22044604925031E-16));
#3388=DIRECTION('',(0.,2.22044604925031E-16,1.));
#3389=DIRECTION('',(0.,1.,-2.22044604925031E-16));
#3390=DIRECTION('',(0.,-2.22044604925031E-16,-1.));
#3391=DIRECTION('',(0.,-1.,2.22044604925031E-16));
#3392=DIRECTION('center_axis',(-1.,0.,0.));
#3393=DIRECTION('ref_axis',(0.,1.,-2.22044604925031E-16));
#3394=DIRECTION('',(0.,-2.22044604925031E-16,-1.));
#3395=DIRECTION('',(0.,1.,-2.22044604925031E-16));
#3396=DIRECTION('',(0.,2.22044604925031E-16,1.));
#3397=DIRECTION('',(0.,-1.,2.22044604925031E-16));
#3398=DIRECTION('center_axis',(0.,-2.22044604925031E-16,-1.));
#3399=DIRECTION('ref_axis',(1.,0.,0.));
#3400=DIRECTION('',(1.,0.,0.));
#3401=DIRECTION('',(1.,0.,0.));
#3402=DIRECTION('center_axis',(0.,2.22044604925031E-16,1.));
#3403=DIRECTION('ref_axis',(-1.,0.,0.));
#3404=DIRECTION('',(-1.,0.,0.));
#3405=DIRECTION('',(-1.,0.,0.));
#3406=DIRECTION('center_axis',(0.,-1.,2.22044604925031E-16));
#3407=DIRECTION('ref_axis',(-1.,0.,0.));
#3408=DIRECTION('center_axis',(-1.,2.22044604925031E-16,-4.93038065763132E-32));
#3409=DIRECTION('ref_axis',(-2.22044604925031E-16,-1.,2.08166817117217E-16));
#3410=DIRECTION('center_axis',(-1.,2.22044604925031E-16,-4.93038065763132E-32));
#3411=DIRECTION('ref_axis',(0.,-1.,2.08166817117217E-16));
#3412=DIRECTION('',(1.,-2.22044604925031E-16,4.93038065763132E-32));
#3413=DIRECTION('center_axis',(0.707106781186548,0.707106781186547,-1.57009245868377E-16));
#3414=DIRECTION('ref_axis',(0.707106781186547,-0.707106781186548,1.47196168001604E-16));
#3415=DIRECTION('',(-1.,2.22044604925031E-16,-4.93038065763132E-32));
#3416=DIRECTION('center_axis',(-0.707106781186548,0.707106781186548,-1.57009245868377E-16));
#3417=DIRECTION('ref_axis',(-0.707106781186548,-0.707106781186547,1.47196168001604E-16));
#3418=DIRECTION('',(1.,-2.22044604925031E-16,4.93038065763132E-32));
#3419=DIRECTION('center_axis',(1.,-2.22044604925031E-16,4.93038065763132E-32));
#3420=DIRECTION('ref_axis',(0.,-1.,2.08166817117217E-16));
#3421=DIRECTION('center_axis',(1.,-2.22044604925031E-16,4.93038065763132E-32));
#3422=DIRECTION('ref_axis',(0.,-1.,2.08166817117217E-16));
#3423=DIRECTION('center_axis',(-0.707106781186548,0.707106781186548,-1.57009245868377E-16));
#3424=DIRECTION('ref_axis',(-0.707106781186548,-0.707106781186547,1.47196168001604E-16));
#3425=DIRECTION('',(1.,-2.22044604925031E-16,4.93038065763132E-32));
#3426=DIRECTION('center_axis',(0.707106781186548,0.707106781186547,-1.57009245868377E-16));
#3427=DIRECTION('ref_axis',(0.707106781186547,-0.707106781186548,1.47196168001604E-16));
#3428=DIRECTION('center_axis',(-1.,2.22044604925031E-16,-4.93038065763132E-32));
#3429=DIRECTION('ref_axis',(0.,-1.,2.08166817117217E-16));
#3430=DIRECTION('center_axis',(1.,0.,0.));
#3431=DIRECTION('ref_axis',(0.,0.,1.));
#3432=DIRECTION('center_axis',(0.,1.,0.));
#3433=DIRECTION('ref_axis',(0.,0.,-1.));
#3434=DIRECTION('center_axis',(1.,0.,0.));
#3435=DIRECTION('ref_axis',(0.,0.,1.));
#3436=DIRECTION('center_axis',(0.,1.,0.));
#3437=DIRECTION('ref_axis',(0.,0.,-1.));
#3438=DIRECTION('center_axis',(0.,1.,-2.22044604925031E-16));
#3439=DIRECTION('ref_axis',(1.,0.,0.));
#3440=DIRECTION('center_axis',(0.,-1.,2.22044604925031E-16));
#3441=DIRECTION('ref_axis',(1.,0.,0.));
#3442=DIRECTION('center_axis',(0.,-1.,2.22044604925031E-16));
#3443=DIRECTION('ref_axis',(1.,0.,0.));
#3444=DIRECTION('',(0.,1.,-2.22044604925031E-16));
#3445=DIRECTION('center_axis',(0.,1.,-2.22044604925031E-16));
#3446=DIRECTION('ref_axis',(1.,0.,0.));
#3447=DIRECTION('center_axis',(0.,-1.,2.22044604925031E-16));
#3448=DIRECTION('ref_axis',(1.,0.,0.));
#3449=DIRECTION('center_axis',(0.,1.,-2.22044604925031E-16));
#3450=DIRECTION('ref_axis',(1.,0.,0.));
#3451=DIRECTION('center_axis',(0.,1.,-2.22044604925031E-16));
#3452=DIRECTION('ref_axis',(1.,0.,0.));
#3453=CARTESIAN_POINT('',(0.,0.,0.));
#3454=CARTESIAN_POINT('Ctrl Pts',(192.000000272042,59.019779135458,-18.0000007001029));
#3455=CARTESIAN_POINT('Ctrl Pts',(192.00015078387,59.8566096231052,-18.0000007001029));
#3456=CARTESIAN_POINT('Ctrl Pts',(192.560077475392,61.1040566294963,-18.0000007001029));
#3457=CARTESIAN_POINT('Ctrl Pts',(194.053530160707,61.9570619666337,-18.0000007001029));
#3458=CARTESIAN_POINT('Ctrl Pts',(195.206330852665,62.0759107216917,-18.0000007001029));
#3459=CARTESIAN_POINT('Ctrl Pts',(196.491644771105,61.7389547726079,-18.0000007001029));
#3460=CARTESIAN_POINT('Ctrl Pts',(197.503132188347,60.904483100029,-18.0000007001029));
#3461=CARTESIAN_POINT('Ctrl Pts',(198.150357810629,59.2312926693625,-18.0000007001029));
#3462=CARTESIAN_POINT('Ctrl Pts',(197.819917349985,57.5372397190562,-18.0000007001029));
#3463=CARTESIAN_POINT('Ctrl Pts',(196.633140331445,56.3820652809421,-18.0000007001029));
#3464=CARTESIAN_POINT('Ctrl Pts',(195.353683221594,55.9463268220358,-18.0000007001029));
#3465=CARTESIAN_POINT('Ctrl Pts',(194.059213690207,56.076619898632,-18.0000007001029));
#3466=CARTESIAN_POINT('Ctrl Pts',(192.942475054058,56.7160374034684,-18.0000007001029));
#3467=CARTESIAN_POINT('Ctrl Pts',(192.179622509669,57.7560409193845,-18.0000007001029));
#3468=CARTESIAN_POINT('Ctrl Pts',(192.000000223517,58.6008288422936,-18.0000007001029));
#3469=CARTESIAN_POINT('Ctrl Pts',(192.000000223517,59.0192395572701,-18.0000007001029));
#3470=CARTESIAN_POINT('Ctrl Pts',(191.966787190302,59.019800964927,-17.3393547092201));
#3471=CARTESIAN_POINT('Ctrl Pts',(191.96693839692,59.8891715353644,-17.3393614535097));
#3472=CARTESIAN_POINT('Ctrl Pts',(192.525196605793,61.1951075293765,-17.3616089596661));
#3473=CARTESIAN_POINT('Ctrl Pts',(194.095641639018,62.1556584737583,-17.4500126416389));
#3474=CARTESIAN_POINT('Ctrl Pts',(195.3448576295,62.3121763748256,-17.5365612258309));
#3475=CARTESIAN_POINT('Ctrl Pts',(196.746032950122,61.9551514316465,-17.6485173178214));
#3476=CARTESIAN_POINT('Ctrl Pts',(197.826174710019,61.0329775174472,-17.7459525683416));
#3477=CARTESIAN_POINT('Ctrl Pts',(198.485282432079,59.2426516229378,-17.8065249965066));
#3478=CARTESIAN_POINT('Ctrl Pts',(198.155399014173,57.4449485033805,-17.7760090690777));
#3479=CARTESIAN_POINT('Ctrl Pts',(196.901437846698,56.1753454103025,-17.6623503141263));
#3480=CARTESIAN_POINT('Ctrl Pts',(195.503782359759,55.7051529065593,-17.5476952476989));
#3481=CARTESIAN_POINT('Ctrl Pts',(194.101589752352,55.8780775228253,-17.4506360868039));
#3482=CARTESIAN_POINT('Ctrl Pts',(192.925601499796,56.5967533820018,-17.3840766677908));
#3483=CARTESIAN_POINT('Ctrl Pts',(192.147307494405,57.7062615908896,-17.3470695715444));
#3484=CARTESIAN_POINT('Ctrl Pts',(191.966787141419,58.5845589779694,-17.3393547070504));
#3485=CARTESIAN_POINT('Ctrl Pts',(191.966787141419,59.0192395572701,-17.3393547070504));
#3486=CARTESIAN_POINT('Ctrl Pts',(191.425259036792,59.0199259285291,-16.2151687433062));
#3487=CARTESIAN_POINT('Ctrl Pts',(191.425446004259,60.0847446855247,-16.2151935791346));
#3488=CARTESIAN_POINT('Ctrl Pts',(192.109676735806,61.6882652271729,-16.3018347101731));
#3489=CARTESIAN_POINT('Ctrl Pts',(194.071400125113,62.8577402253888,-16.6019661314393));
#3490=CARTESIAN_POINT('Ctrl Pts',(195.618725551748,63.0076750437086,-16.8725127703163));
#3491=CARTESIAN_POINT('Ctrl Pts',(197.300028765296,62.4952215857894,-17.197755284696));
#3492=CARTESIAN_POINT('Ctrl Pts',(198.496807824476,61.3215638062164,-17.4549558157485));
#3493=CARTESIAN_POINT('Ctrl Pts',(199.156668747776,59.2647736126557,-17.6023782257295));
#3494=CARTESIAN_POINT('Ctrl Pts',(198.841959396805,57.2472232893762,-17.5307170943562));
#3495=CARTESIAN_POINT('Ctrl Pts',(197.481982752403,55.6669863751328,-17.2361226393733));
#3496=CARTESIAN_POINT('Ctrl Pts',(195.815877750718,55.0103313992398,-16.906961599997));
#3497=CARTESIAN_POINT('Ctrl Pts',(194.080483215252,55.1753130293494,-16.6035676351513));
#3498=CARTESIAN_POINT('Ctrl Pts',(192.611178825887,56.0490235374126,-16.3779134255227));
#3499=CARTESIAN_POINT('Ctrl Pts',(191.646921712978,57.4116242075247,-16.2442861925542));
#3500=CARTESIAN_POINT('Ctrl Pts',(191.425258976548,58.4868359428327,-16.2151687352962));
#3501=CARTESIAN_POINT('Ctrl Pts',(191.425258976548,59.0192395572701,-16.2151687352962));
#3502=CARTESIAN_POINT('Ctrl Pts',(190.322678423573,59.0201376078423,-15.7121252725662));
#3503=CARTESIAN_POINT('Ctrl Pts',(190.32293578995,60.413152459461,-15.7121612760826));
#3504=CARTESIAN_POINT('Ctrl Pts',(191.275482547135,62.501748692601,-15.8360205709431));
#3505=CARTESIAN_POINT('Ctrl Pts',(193.874380116849,63.8832231426927,-16.2832193826195));
#3506=CARTESIAN_POINT('Ctrl Pts',(195.841400015579,63.9527324080827,-16.6842764697242));
#3507=CARTESIAN_POINT('Ctrl Pts',(197.877295478721,63.1738947852472,-17.1524366307472));
#3508=CARTESIAN_POINT('Ctrl Pts',(199.196720390973,61.6635904640822,-17.4961531509104));
#3509=CARTESIAN_POINT('Ctrl Pts',(199.849155755744,59.2888440236192,-17.6742792985385));
#3510=CARTESIAN_POINT('Ctrl Pts',(199.556141810709,57.0198074165052,-17.5920687564118));
#3511=CARTESIAN_POINT('Ctrl Pts',(198.08803453197,55.0343538657253,-17.2064202199199));
#3512=CARTESIAN_POINT('Ctrl Pts',(196.091405824388,54.0759818406121,-16.7354177967988));
#3513=CARTESIAN_POINT('Ctrl Pts',(193.886038551264,54.1484739031215,-16.2859483533839));
#3514=CARTESIAN_POINT('Ctrl Pts',(191.940812759404,55.18158727801,-15.9496032249915));
#3515=CARTESIAN_POINT('Ctrl Pts',(190.629257829507,56.9162173559617,-15.7539523653406));
#3516=CARTESIAN_POINT('Ctrl Pts',(190.322678340623,58.3227396705554,-15.7121252609754));
#3517=CARTESIAN_POINT('Ctrl Pts',(190.322678340623,59.0192395572701,-15.7121252609754));
#3518=CARTESIAN_POINT('Ctrl Pts',(189.830848589097,59.020228216793,-15.6470961433995));
#3519=CARTESIAN_POINT('Ctrl Pts',(189.83113578795,60.5535378446784,-15.6471341164747));
#3520=CARTESIAN_POINT('Ctrl Pts',(190.89754611607,62.8496766269201,-15.7770368332742));
#3521=CARTESIAN_POINT('Ctrl Pts',(193.768277817601,64.322114745455,-16.2609118509793));
#3522=CARTESIAN_POINT('Ctrl Pts',(195.91570151119,64.3573774386483,-16.6988307873556));
#3523=CARTESIAN_POINT('Ctrl Pts',(198.105543118229,63.464638994794,-17.2076397536336));
#3524=CARTESIAN_POINT('Ctrl Pts',(199.480563392907,61.8101542489194,-17.5723235926063));
#3525=CARTESIAN_POINT('Ctrl Pts',(200.132356458052,59.2991718151857,-17.7529216939988));
#3526=CARTESIAN_POINT('Ctrl Pts',(199.84720569236,56.9223526382559,-17.671691048244));
#3527=CARTESIAN_POINT('Ctrl Pts',(198.328947535862,54.7633614867041,-17.2661276849809));
#3528=CARTESIAN_POINT('Ctrl Pts',(196.188370906336,53.6759172161712,-16.7545453429511));
#3529=CARTESIAN_POINT('Ctrl Pts',(193.78096092025,53.7090127823256,-16.2638362832593));
#3530=CARTESIAN_POINT('Ctrl Pts',(191.632635693163,54.8105368652585,-15.8996644376129));
#3531=CARTESIAN_POINT('Ctrl Pts',(190.173499147421,56.7043752474612,-15.6912206923437));
#3532=CARTESIAN_POINT('Ctrl Pts',(189.830848496505,58.2525930412049,-15.6470961311572));
#3533=CARTESIAN_POINT('Ctrl Pts',(189.830848496505,59.0192395572701,-15.6470961311572));
#3534=CARTESIAN_POINT('',(189.830848496505,59.0192395572701,-15.6470961311572));
#3535=CARTESIAN_POINT('',(192.000000223517,59.0192395572701,-18.0000007001029));
#3536=CARTESIAN_POINT('Ctrl Pts',(189.830848496505,59.0192395572701,-15.6470961311572));
#3537=CARTESIAN_POINT('Ctrl Pts',(190.322678340623,59.0192395572701,-15.7121252609754));
#3538=CARTESIAN_POINT('Ctrl Pts',(191.425258976548,59.0192395572701,-16.2151687352962));
#3539=CARTESIAN_POINT('Ctrl Pts',(191.966787141419,59.0192395572701,-17.3393547070504));
#3540=CARTESIAN_POINT('Ctrl Pts',(192.000000223517,59.0192395572701,-18.0000007001029));
#3541=CARTESIAN_POINT('',(199.542258844999,56.770126292964,-17.5907463244704));
#3542=CARTESIAN_POINT('Ctrl Pts',(189.830848496505,59.0192395572701,-15.6470961311572));
#3543=CARTESIAN_POINT('Ctrl Pts',(189.830848496505,58.8789282634546,-15.6470961311572));
#3544=CARTESIAN_POINT('Ctrl Pts',(189.836591534243,58.7380942993527,-15.6478356607292));
#3545=CARTESIAN_POINT('Ctrl Pts',(189.848034483463,58.5973776565045,-15.649330335389));
#3546=CARTESIAN_POINT('Ctrl Pts',(189.859600441519,58.4551483450171,-15.6508410774267));
#3547=CARTESIAN_POINT('Ctrl Pts',(189.876989496445,58.3130396236694,-15.6531233165274));
#3548=CARTESIAN_POINT('Ctrl Pts',(189.900104535638,58.1717154389078,-15.6561864356626));
#3549=CARTESIAN_POINT('Ctrl Pts',(189.923166842718,58.0307136556278,-15.659242566934));
#3550=CARTESIAN_POINT('Ctrl Pts',(189.951928887016,57.8904935764764,-15.6630760320001));
#3551=CARTESIAN_POINT('Ctrl Pts',(189.986243609935,57.7517065529546,-15.6676891805214));
#3552=CARTESIAN_POINT('Ctrl Pts',(190.020050245838,57.6149745040489,-15.6722340236429));
#3553=CARTESIAN_POINT('Ctrl Pts',(190.059246087202,57.4796340383025,-15.6775356268544));
#3554=CARTESIAN_POINT('Ctrl Pts',(190.103644527217,57.3462898716574,-15.6835894340754));
#3555=CARTESIAN_POINT('Ctrl Pts',(190.14639875275,57.2178838607222,-15.6894190496917));
#3556=CARTESIAN_POINT('Ctrl Pts',(190.193976996346,57.091329450851,-15.6959461568996));
#3557=CARTESIAN_POINT('Ctrl Pts',(190.246174529996,56.9671420867433,-15.7031606363936));
#3558=CARTESIAN_POINT('Ctrl Pts',(190.273153715904,56.9029537286098,-15.7068895632199));
#3559=CARTESIAN_POINT('Ctrl Pts',(190.301466210913,56.8391523163467,-15.7108158191791));
#3560=CARTESIAN_POINT('Ctrl Pts',(190.331105297317,56.7758265691006,-15.714941210853));
#3561=CARTESIAN_POINT('Ctrl Pts',(190.385412888218,56.6597950312857,-15.7225001511078));
#3562=CARTESIAN_POINT('Ctrl Pts',(190.444177283832,56.545361408238,-15.7307280405225));
#3563=CARTESIAN_POINT('Ctrl Pts',(190.507188700692,56.4329817170893,-15.7396336333696));
#3564=CARTESIAN_POINT('Ctrl Pts',(190.570775677239,56.3195755259318,-15.7486205717966));
#3565=CARTESIAN_POINT('Ctrl Pts',(190.638687371953,56.2082615053178,-15.7582976847334));
#3566=CARTESIAN_POINT('Ctrl Pts',(190.71065885297,56.0994901878035,-15.7686669437853));
#3567=CARTESIAN_POINT('Ctrl Pts',(190.782643663212,55.990698725681,-15.7790381232393));
#3568=CARTESIAN_POINT('Ctrl Pts',(190.858689416735,55.8844514308909,-15.7901017262307));
#3569=CARTESIAN_POINT('Ctrl Pts',(190.938486457203,55.7811730574925,-15.8018523310236));
#3570=CARTESIAN_POINT('Ctrl Pts',(191.017738697481,55.6785997989354,-15.813522710639));
#3571=CARTESIAN_POINT('Ctrl Pts',(191.100690774467,55.5789555188723,-15.8258707518159));
#3572=CARTESIAN_POINT('Ctrl Pts',(191.187001042068,55.4826233826698,-15.8388836428003));
#3573=CARTESIAN_POINT('Ctrl Pts',(191.259161295065,55.402084282129,-15.8497631537989));
#3574=CARTESIAN_POINT('Ctrl Pts',(191.333668113992,55.3238598959351,-15.8611072608324));
#3575=CARTESIAN_POINT('Ctrl Pts',(191.410304140265,55.2481528387361,-15.8729043493928));
#3576=CARTESIAN_POINT('Ctrl Pts',(191.503891518346,55.155699911177,-15.8873108712474));
#3577=CARTESIAN_POINT('Ctrl Pts',(191.60130804616,55.0663496441713,-15.9024934423136));
#3578=CARTESIAN_POINT('Ctrl Pts',(191.702274251193,54.9805743846439,-15.9184548847327));
#3579=CARTESIAN_POINT('Ctrl Pts',(191.717271746681,54.9678333484983,-15.9208257934997));
#3580=CARTESIAN_POINT('Ctrl Pts',(191.732347485691,54.9551711394056,-15.923213873899));
#3581=CARTESIAN_POINT('Ctrl Pts',(191.747500473387,54.9425892484701,-15.9256191210091));
#3582=CARTESIAN_POINT('Ctrl Pts',(191.84835693755,54.8588456952065,-15.9416281565751));
#3583=CARTESIAN_POINT('Ctrl Pts',(191.952638651383,54.7786632381827,-15.9583983332122));
#3584=CARTESIAN_POINT('Ctrl Pts',(192.059893092863,54.7023924402996,-15.9758901186433));
#3585=CARTESIAN_POINT('Ctrl Pts',(192.167524168589,54.625853810203,-15.9934433281547));
#3586=CARTESIAN_POINT('Ctrl Pts',(192.278148314938,54.5532547743186,-16.0117231887426));
#3587=CARTESIAN_POINT('Ctrl Pts',(192.391275270149,54.4849095738117,-16.0306821146655));
#3588=CARTESIAN_POINT('Ctrl Pts',(192.503548018695,54.4170804388677,-16.049497884248));
#3589=CARTESIAN_POINT('Ctrl Pts',(192.618285302152,54.3534414494227,-16.0689824527982));
#3590=CARTESIAN_POINT('Ctrl Pts',(192.734984477826,54.2942551397226,-16.0890824511697));
#3591=CARTESIAN_POINT('Ctrl Pts',(192.821665949912,54.2502929058634,-16.1040122691202));
#3592=CARTESIAN_POINT('Ctrl Pts',(192.909429305989,54.2087864012819,-16.1192814862225));
#3593=CARTESIAN_POINT('Ctrl Pts',(192.998063133947,54.1698255987468,-16.1348660015199));
#3594=CARTESIAN_POINT('Ctrl Pts',(193.021399253749,54.1595677324613,-16.1389691991863));
#3595=CARTESIAN_POINT('Ctrl Pts',(193.044795696851,54.1494862493586,-16.1430942436165));
#3596=CARTESIAN_POINT('Ctrl Pts',(193.068248571573,54.1395826070606,-16.1472406745328));
#3597=CARTESIAN_POINT('Ctrl Pts',(193.085088679226,54.1324713934276,-16.1502179787582));
#3598=CARTESIAN_POINT('Ctrl Pts',(193.101953649924,54.1254535470665,-16.1532055548423));
#3599=CARTESIAN_POINT('Ctrl Pts',(193.118868809609,54.1185187800669,-16.1562079913064));
#3600=CARTESIAN_POINT('Ctrl Pts',(193.23352838424,54.0715113944355,-16.1765600361135));
#3601=CARTESIAN_POINT('Ctrl Pts',(193.350282315684,54.028417589189,-16.1975577666665));
#3602=CARTESIAN_POINT('Ctrl Pts',(193.468699700714,53.9895637883553,-16.2191611443287));
#3603=CARTESIAN_POINT('Ctrl Pts',(193.585703337061,53.9511738510813,-16.2405066059197));
#3604=CARTESIAN_POINT('Ctrl Pts',(193.704330371379,53.9169235792981,-16.2624432944324));
#3605=CARTESIAN_POINT('Ctrl Pts',(193.824141713417,53.8870842017887,-16.2849258189335));
#3606=CARTESIAN_POINT('Ctrl Pts',(193.943864484626,53.857266883112,-16.3073917231734));
#3607=CARTESIAN_POINT('Ctrl Pts',(194.064769274616,53.8318542846991,-16.3304026183429));
#3608=CARTESIAN_POINT('Ctrl Pts',(194.186339964113,53.8109216998161,-16.353856978113));
#3609=CARTESIAN_POINT('Ctrl Pts',(194.307986404029,53.7899760718871,-16.3773259522413));
#3610=CARTESIAN_POINT('Ctrl Pts',(194.430298914552,53.7735161035663,-16.4012388111163));
#3611=CARTESIAN_POINT('Ctrl Pts',(194.552754239461,53.7615657186267,-16.425489050232));
#3612=CARTESIAN_POINT('Ctrl Pts',(194.67460286635,53.7496745411972,-16.4496191429018));
#3613=CARTESIAN_POINT('Ctrl Pts',(194.796592256808,53.7422483602827,-16.4740831474391));
#3614=CARTESIAN_POINT('Ctrl Pts',(194.918210505611,53.7392594691424,-16.4987733938206));
#3615=CARTESIAN_POINT('Ctrl Pts',(194.938218078762,53.7387677628506,-16.5028352177284));
#3616=CARTESIAN_POINT('Ctrl Pts',(194.958215627545,53.738396034482,-16.5069031611571));
#3617=CARTESIAN_POINT('Ctrl Pts',(194.978200900595,53.738144027452,-16.5109767414284));
#3618=CARTESIAN_POINT('Ctrl Pts',(194.992135009745,53.7379683233996,-16.5138169183924));
#3619=CARTESIAN_POINT('Ctrl Pts',(195.006070814637,53.737850702894,-16.5166613962506));
#3620=CARTESIAN_POINT('Ctrl Pts',(195.020013752641,53.7377912853851,-16.5195112946115));
#3621=CARTESIAN_POINT('Ctrl Pts',(195.139235491601,53.7372832246933,-16.5438798916997));
#3622=CARTESIAN_POINT('Ctrl Pts',(195.25883575561,53.7410367110464,-16.568615948993));
#3623=CARTESIAN_POINT('Ctrl Pts',(195.378313223798,53.7491488966925,-16.5936225204127));
#3624=CARTESIAN_POINT('Ctrl Pts',(195.497370065477,53.757232522976,-16.6185410549246));
#3625=CARTESIAN_POINT('Ctrl Pts',(195.616304336832,53.7696442800716,-16.6437280743935));
#3626=CARTESIAN_POINT('Ctrl Pts',(195.734616798033,53.7864289592866,-16.6690834945603));
#3627=CARTESIAN_POINT('Ctrl Pts',(195.851661341434,53.8030337623219,-16.694167188586));
#3628=CARTESIAN_POINT('Ctrl Pts',(195.968096726691,53.8239182410253,-16.7194155663045));
#3629=CARTESIAN_POINT('Ctrl Pts',(196.083445694448,53.8490751903022,-16.7447295509974));
#3630=CARTESIAN_POINT('Ctrl Pts',(196.103630768675,53.8534774393934,-16.7491592799316));
#3631=CARTESIAN_POINT('Ctrl Pts',(196.123782602863,53.8580103941986,-16.7535910151767));
#3632=CARTESIAN_POINT('Ctrl Pts',(196.143898680243,53.8626738556191,-16.7580242233408));
#3633=CARTESIAN_POINT('Ctrl Pts',(196.259881877759,53.8895619589417,-16.7835847562622));
#3634=CARTESIAN_POINT('Ctrl Pts',(196.37467471603,53.9207924084968,-16.809194108143));
#3635=CARTESIAN_POINT('Ctrl Pts',(196.487817298552,53.9561088173454,-16.8347138651397));
#3636=CARTESIAN_POINT('Ctrl Pts',(196.566478703176,53.980662245987,-16.8524562560791));
#3637=CARTESIAN_POINT('Ctrl Pts',(196.644342792684,54.0071896150063,-16.870155350181));
#3638=CARTESIAN_POINT('Ctrl Pts',(196.721262200588,54.035591809504,-16.8877655593321));
#3639=CARTESIAN_POINT('Ctrl Pts',(196.7397048998,54.0424017050085,-16.8919878980018));
#3640=CARTESIAN_POINT('Ctrl Pts',(196.758093322224,54.049319335239,-16.8962051317927));
#3641=CARTESIAN_POINT('Ctrl Pts',(196.776425497741,54.0563432499956,-16.9004166424846));
#3642=CARTESIAN_POINT('Ctrl Pts',(196.790614429984,54.0617796942663,-16.9036763123362));
#3643=CARTESIAN_POINT('Ctrl Pts',(196.804768290535,54.067279211341,-16.9069322335864));
#3644=CARTESIAN_POINT('Ctrl Pts',(196.818905529248,54.0728489057071,-16.910188588361));
#3645=CARTESIAN_POINT('Ctrl Pts',(196.934273750295,54.1183009026524,-16.936762367376));
#3646=CARTESIAN_POINT('Ctrl Pts',(197.048240238726,54.1683194212924,-16.9632977029227));
#3647=CARTESIAN_POINT('Ctrl Pts',(197.160277318796,54.2227268720753,-16.9896424425706));
#3648=CARTESIAN_POINT('Ctrl Pts',(197.273155905059,54.2775429751249,-17.016185056543));
#3649=CARTESIAN_POINT('Ctrl Pts',(197.384075334312,54.3368139562404,-17.0425339936818));
#3650=CARTESIAN_POINT('Ctrl Pts',(197.492510625527,54.4003077052608,-17.0685334622456));
#3651=CARTESIAN_POINT('Ctrl Pts',(197.600614376915,54.4636073227732,-17.094453437692));
#3652=CARTESIAN_POINT('Ctrl Pts',(197.706248532479,54.5311035822894,-17.1200258705293));
#3653=CARTESIAN_POINT('Ctrl Pts',(197.80891703362,54.602520960311,-17.1450993286486));
#3654=CARTESIAN_POINT('Ctrl Pts',(197.910257492843,54.6730145372582,-17.1698484555171));
#3655=CARTESIAN_POINT('Ctrl Pts',(198.008708000155,54.7473280404786,-17.1941112483432));
#3656=CARTESIAN_POINT('Ctrl Pts',(198.103823497264,54.8251577509494,-17.2177478417739));
#3657=CARTESIAN_POINT('Ctrl Pts',(198.136249652002,54.8516909480794,-17.2258058750003));
#3658=CARTESIAN_POINT('Ctrl Pts',(198.168288517031,54.878632498122,-17.2337911923208));
#3659=CARTESIAN_POINT('Ctrl Pts',(198.199923487749,54.9059694476814,-17.2416984657988));
#3660=CARTESIAN_POINT('Ctrl Pts',(198.222376816752,54.925372200663,-17.247310755265));
#3661=CARTESIAN_POINT('Ctrl Pts',(198.244626692008,54.9449741306271,-17.252883731921));
#3662=CARTESIAN_POINT('Ctrl Pts',(198.266670692315,54.9647684121754,-17.2584161962021));
#3663=CARTESIAN_POINT('Ctrl Pts',(198.28202557441,54.9785562390253,-17.2622698677473));
#3664=CARTESIAN_POINT('Ctrl Pts',(198.297280570567,54.9924373910215,-17.2661038836637));
#3665=CARTESIAN_POINT('Ctrl Pts',(198.312434898808,55.0064095360446,-17.2699178469442));
#3666=CARTESIAN_POINT('Ctrl Pts',(198.322972270701,55.0161248916792,-17.2725698384305));
#3667=CARTESIAN_POINT('Ctrl Pts',(198.333462048591,55.0258851858583,-17.2752124045825));
#3668=CARTESIAN_POINT('Ctrl Pts',(198.343912608432,55.0356979351837,-17.2778475958566));
#3669=CARTESIAN_POINT('Ctrl Pts',(198.433509296847,55.1198264275533,-17.3004401090908));
#3670=CARTESIAN_POINT('Ctrl Pts',(198.52004444487,55.2076521649762,-17.3224457767213));
#3671=CARTESIAN_POINT('Ctrl Pts',(198.603257389021,55.2987817137252,-17.3437615487648));
#3672=CARTESIAN_POINT('Ctrl Pts',(198.68786804241,55.3914419451508,-17.3654353570705));
#3673=CARTESIAN_POINT('Ctrl Pts',(198.769043647841,55.487517450416,-17.3863957598427));
#3674=CARTESIAN_POINT('Ctrl Pts',(198.846545052131,55.5865538931002,-17.4065407994607));
#3675=CARTESIAN_POINT('Ctrl Pts',(198.925543197853,55.687502971412,-17.4270748890027));
#3676=CARTESIAN_POINT('Ctrl Pts',(199.000723516639,55.7915279193709,-17.4467616587842));
#3677=CARTESIAN_POINT('Ctrl Pts',(199.071873605053,55.8981131806144,-17.465501988961));
#3678=CARTESIAN_POINT('Ctrl Pts',(199.143379257804,56.0052310893742,-17.4843359717706));
#3679=CARTESIAN_POINT('Ctrl Pts',(199.210814060445,56.1149342969628,-17.5022138901954));
#3680=CARTESIAN_POINT('Ctrl Pts',(199.27400755032,56.226674368089,-17.5190462508315));
#3681=CARTESIAN_POINT('Ctrl Pts',(199.323722664316,56.3145816886843,-17.5322884808382));
#3682=CARTESIAN_POINT('Ctrl Pts',(199.370813622036,56.4037490485921,-17.5448837968212));
#3683=CARTESIAN_POINT('Ctrl Pts',(199.415218273263,56.4939026951705,-17.5567942666738));
#3684=CARTESIAN_POINT('Ctrl Pts',(199.42154190999,56.5067414157727,-17.5584904287314));
#3685=CARTESIAN_POINT('Ctrl Pts',(199.427811406026,56.5196006747438,-17.5601727927305));
#3686=CARTESIAN_POINT('Ctrl Pts',(199.434032360609,56.5324918699651,-17.561842802411));
#3687=CARTESIAN_POINT('Ctrl Pts',(199.471495022038,56.6101227987123,-17.5718996202848));
#3688=CARTESIAN_POINT('Ctrl Pts',(199.507141711559,56.6887998378939,-17.5814935207852));
#3689=CARTESIAN_POINT('Ctrl Pts',(199.540911080259,56.7684145431769,-17.5905952288917));
#3690=CARTESIAN_POINT('Ctrl Pts',(199.541182704956,56.7690549258964,-17.5906684386909));
#3691=CARTESIAN_POINT('Ctrl Pts',(199.541454208194,56.7696953692644,-17.5907416166445));
#3692=CARTESIAN_POINT('Ctrl Pts',(199.541725589964,56.7703358732379,-17.590814762749));
#3693=CARTESIAN_POINT('',(199.542258844717,61.2683528229117,-17.5907463243944));
#3694=CARTESIAN_POINT('Ctrl Pts',(199.542695604609,61.2716024884063,-17.5908783543341));
#3695=CARTESIAN_POINT('Ctrl Pts',(199.544947830819,61.2605437139155,-17.5914898985355));
#3696=CARTESIAN_POINT('Ctrl Pts',(199.547181530792,61.2494792718719,-17.5920997580174));
#3697=CARTESIAN_POINT('Ctrl Pts',(199.549396848887,61.238409033297,-17.5927078250379));
#3698=CARTESIAN_POINT('Ctrl Pts',(199.571388519187,61.1285137377233,-17.5987441633245));
#3699=CARTESIAN_POINT('Ctrl Pts',(199.591640570184,61.0178813370619,-17.6046216984153));
#3700=CARTESIAN_POINT('Ctrl Pts',(199.610125414456,60.9067601523933,-17.6101994455486));
#3701=CARTESIAN_POINT('Ctrl Pts',(199.628552300071,60.7959873847581,-17.6157597038286));
#3702=CARTESIAN_POINT('Ctrl Pts',(199.645223003508,60.6847290215717,-17.6210219854812));
#3703=CARTESIAN_POINT('Ctrl Pts',(199.660140288291,60.5732622632664,-17.6258744902742));
#3704=CARTESIAN_POINT('Ctrl Pts',(199.667384442626,60.5191316079746,-17.6282309709707));
#3705=CARTESIAN_POINT('Ctrl Pts',(199.674215545132,60.4649522665112,-17.6304912396858));
#3706=CARTESIAN_POINT('Ctrl Pts',(199.680636767576,60.4107583440583,-17.6326449603833));
#3707=CARTESIAN_POINT('Ctrl Pts',(199.695468504942,60.2855812408302,-17.6376196237013));
#3708=CARTESIAN_POINT('Ctrl Pts',(199.708136082998,60.1603656266431,-17.6420282946628));
#3709=CARTESIAN_POINT('Ctrl Pts',(199.718769021037,60.0350906197424,-17.6457901434002));
#3710=CARTESIAN_POINT('Ctrl Pts',(199.726381608599,59.9454007376137,-17.6484834162101));
#3711=CARTESIAN_POINT('Ctrl Pts',(199.732949867169,59.8556809391139,-17.6508454519535));
#3712=CARTESIAN_POINT('Ctrl Pts',(199.738511186782,59.7659280825714,-17.6528528527767));
#3713=CARTESIAN_POINT('Ctrl Pts',(199.741115752232,59.723893600567,-17.6537929905843));
#3714=CARTESIAN_POINT('Ctrl Pts',(199.743499352731,59.681851905638,-17.6546554159252));
#3715=CARTESIAN_POINT('Ctrl Pts',(199.745663801784,59.6398012386234,-17.6554388771857));
#3716=CARTESIAN_POINT('Ctrl Pts',(199.752214924538,59.5125267800321,-17.6578101738817));
#3717=CARTESIAN_POINT('Ctrl Pts',(199.756750581148,59.3851616239808,-17.6594546045609));
#3718=CARTESIAN_POINT('Ctrl Pts',(199.759278551903,59.2576555359599,-17.6603487932388));
#3719=CARTESIAN_POINT('Ctrl Pts',(199.761150253314,59.1632504387042,-17.6610108476584));
#3720=CARTESIAN_POINT('Ctrl Pts',(199.761921453903,59.0687522188494,-17.6612622994082));
#3721=CARTESIAN_POINT('Ctrl Pts',(199.761580066551,58.9741424702662,-17.6611003638913));
#3722=CARTESIAN_POINT('Ctrl Pts',(199.761215200112,58.8730258886632,-17.6609272911779));
#3723=CARTESIAN_POINT('Ctrl Pts',(199.759579876841,58.7717636411706,-17.6602819788418));
#3724=CARTESIAN_POINT('Ctrl Pts',(199.756636523866,58.6703362267483,-17.6591666936924));
#3725=CARTESIAN_POINT('Ctrl Pts',(199.754166462414,58.5852183531509,-17.6582307465334));
#3726=CARTESIAN_POINT('Ctrl Pts',(199.75077119631,58.4999542566498,-17.6569627365766));
#3727=CARTESIAN_POINT('Ctrl Pts',(199.746450347786,58.4148129361292,-17.6553769676408));
#3728=CARTESIAN_POINT('Ctrl Pts',(199.742710520992,58.34112051435,-17.6540044360363));
#3729=CARTESIAN_POINT('Ctrl Pts',(199.738278147105,58.2675202090147,-17.6523941477055));
#3730=CARTESIAN_POINT('Ctrl Pts',(199.733182287664,58.1941830191018,-17.6505664408778));
#3731=CARTESIAN_POINT('Ctrl Pts',(199.72434460152,58.0669952356539,-17.6473966714814));
#3732=CARTESIAN_POINT('Ctrl Pts',(199.713481697317,57.9403936275734,-17.6435641369166));
#3733=CARTESIAN_POINT('Ctrl Pts',(199.700543805451,57.8142651132567,-17.6391472691609));
#3734=CARTESIAN_POINT('Ctrl Pts',(199.687988864597,57.691869899746,-17.6348611370761));
#3735=CARTESIAN_POINT('Ctrl Pts',(199.673480236136,57.5699205352171,-17.6300247885599));
#3736=CARTESIAN_POINT('Ctrl Pts',(199.656930155242,57.4482981185964,-17.6247253292456));
#3737=CARTESIAN_POINT('Ctrl Pts',(199.640700758923,57.329032332938,-17.6195285555237));
#3738=CARTESIAN_POINT('Ctrl Pts',(199.622508385539,57.2100810049113,-17.6138864300211));
#3739=CARTESIAN_POINT('Ctrl Pts',(199.602225952486,57.0913139354913,-17.6078960894257));
#3740=CARTESIAN_POINT('Ctrl Pts',(199.585938437673,56.9959397563927,-17.6030856329617));
#3741=CARTESIAN_POINT('Ctrl Pts',(199.568302274921,56.900683998881,-17.5980508992233));
#3742=CARTESIAN_POINT('Ctrl Pts',(199.549229917484,56.8054709081105,-17.5928495113507));
#3743=CARTESIAN_POINT('Ctrl Pts',(199.547005568187,56.7943665036276,-17.5922428897785));
#3744=CARTESIAN_POINT('Ctrl Pts',(199.544761961044,56.7832636094024,-17.5916340897133));
#3745=CARTESIAN_POINT('Ctrl Pts',(199.542498988937,56.7721621583081,-17.5910232210261));
#3746=CARTESIAN_POINT('',(189.830848589097,59.020228216793,-15.6470961433995));
#3747=CARTESIAN_POINT('Ctrl Pts',(199.542254718841,61.2683528340047,-17.5907616812656));
#3748=CARTESIAN_POINT('Ctrl Pts',(199.540930977708,61.271492629784,-17.5904037684409));
#3749=CARTESIAN_POINT('Ctrl Pts',(199.53960405401,61.2746312205375,-17.5900450332617));
#3750=CARTESIAN_POINT('Ctrl Pts',(199.53827394624,61.2777685976262,-17.5896854757581));
#3751=CARTESIAN_POINT('Ctrl Pts',(199.484749931842,61.4040177785449,-17.5752167526716));
#3752=CARTESIAN_POINT('Ctrl Pts',(199.426065925383,61.5283003714134,-17.5594153719068));
#3753=CARTESIAN_POINT('Ctrl Pts',(199.36249675896,61.6500568868268,-17.5424005786363));
#3754=CARTESIAN_POINT('Ctrl Pts',(199.298898850082,61.7718684537898,-17.5253780922191));
#3755=CARTESIAN_POINT('Ctrl Pts',(199.230411683008,61.8911510114401,-17.5071412545535));
#3756=CARTESIAN_POINT('Ctrl Pts',(199.157356493116,62.0073659627298,-17.4878210223903));
#3757=CARTESIAN_POINT('Ctrl Pts',(199.085044542495,62.1223985816508,-17.468697347861));
#3758=CARTESIAN_POINT('Ctrl Pts',(199.008257438423,62.234425130709,-17.4485123837119));
#3759=CARTESIAN_POINT('Ctrl Pts',(198.927346346243,62.3429534491441,-17.4274019427754));
#3760=CARTESIAN_POINT('Ctrl Pts',(198.86512478307,62.4264129778643,-17.4111677701922));
#3761=CARTESIAN_POINT('Ctrl Pts',(198.80046521852,62.5078042593201,-17.3943864868851));
#3762=CARTESIAN_POINT('Ctrl Pts',(198.733541374064,62.5869189133577,-17.3771225052293));
#3763=CARTESIAN_POINT('Ctrl Pts',(198.657947137508,62.676283353207,-17.3576218694874));
#3764=CARTESIAN_POINT('Ctrl Pts',(198.578942171885,62.7634096572196,-17.3373706680926));
#3765=CARTESIAN_POINT('Ctrl Pts',(198.496729856411,62.8478469660061,-17.3164539738213));
#3766=CARTESIAN_POINT('Ctrl Pts',(198.415198088683,62.9315853087087,-17.2957104264692));
#3767=CARTESIAN_POINT('Ctrl Pts',(198.330512166213,63.0126784747943,-17.2743125015763));
#3768=CARTESIAN_POINT('Ctrl Pts',(198.242911890009,63.0907148047809,-17.2523528191364));
#3769=CARTESIAN_POINT('Ctrl Pts',(198.156105834648,63.168043624672,-17.2305922323871));
#3770=CARTESIAN_POINT('Ctrl Pts',(198.066438357138,63.2423703166368,-17.2082801702127));
#3771=CARTESIAN_POINT('Ctrl Pts',(197.974178882638,63.3133293310792,-17.1855141436236));
#3772=CARTESIAN_POINT('Ctrl Pts',(197.883459379655,63.3831039158272,-17.1631281217193));
#3773=CARTESIAN_POINT('Ctrl Pts',(197.790234041102,63.4496219536718,-17.140303303313));
#3774=CARTESIAN_POINT('Ctrl Pts',(197.694788993358,63.5125759187104,-17.1171374822974));
#3775=CARTESIAN_POINT('Ctrl Pts',(197.654018152265,63.5394676869625,-17.1072418404623));
#3776=CARTESIAN_POINT('Ctrl Pts',(197.612842625808,63.5657096512727,-17.0972840275202));
#3777=CARTESIAN_POINT('Ctrl Pts',(197.571286183478,63.5912803604465,-17.0872718613174));
#3778=CARTESIAN_POINT('Ctrl Pts',(197.516318079341,63.6251035976124,-17.074028432294));
#3779=CARTESIAN_POINT('Ctrl Pts',(197.460683494904,63.6577522293205,-17.0606899129442));
#3780=CARTESIAN_POINT('Ctrl Pts',(197.40447023008,63.6892004111392,-17.0472808403143));
#3781=CARTESIAN_POINT('Ctrl Pts',(197.374529335994,63.7059506690012,-17.0401387605103));
#3782=CARTESIAN_POINT('Ctrl Pts',(197.344424301954,63.7223604451207,-17.032976666368));
#3783=CARTESIAN_POINT('Ctrl Pts',(197.314168561548,63.7384263912535,-17.0257982648312));
#3784=CARTESIAN_POINT('Ctrl Pts',(197.297780576023,63.7471284917188,-17.0219100922432));
#3785=CARTESIAN_POINT('Ctrl Pts',(197.281348377511,63.7557297249267,-17.0180171352537));
#3786=CARTESIAN_POINT('Ctrl Pts',(197.264874111823,63.7642296071627,-17.0141199819141));
#3787=CARTESIAN_POINT('Ctrl Pts',(197.251239853119,63.7712641904056,-17.0108946608077));
#3788=CARTESIAN_POINT('Ctrl Pts',(197.237578546332,63.7782285263417,-17.0076668791365));
#3789=CARTESIAN_POINT('Ctrl Pts',(197.223871331282,63.7851322914432,-17.0044322397707));
#3790=CARTESIAN_POINT('Ctrl Pts',(197.116396735865,63.8392628612506,-16.9790703003921));
#3791=CARTESIAN_POINT('Ctrl Pts',(197.00636529162,63.8895263101243,-16.9533498008875));
#3792=CARTESIAN_POINT('Ctrl Pts',(196.894246351744,63.9356469713093,-16.9274136975024));
#3793=CARTESIAN_POINT('Ctrl Pts',(196.781502725557,63.9820246001904,-16.9013330875002));
#3794=CARTESIAN_POINT('Ctrl Pts',(196.666648889117,64.0242128141178,-16.8750346659074));
#3795=CARTESIAN_POINT('Ctrl Pts',(196.550191185939,64.0619750427685,-16.8486682613715));
#3796=CARTESIAN_POINT('Ctrl Pts',(196.43385007716,64.0996994648663,-16.8223282541883));
#3797=CARTESIAN_POINT('Ctrl Pts',(196.315908975006,64.133006490356,-16.7959206106646));
#3798=CARTESIAN_POINT('Ctrl Pts',(196.196892026145,64.1617082486068,-16.7695960512223));
#3799=CARTESIAN_POINT('Ctrl Pts',(196.177597995729,64.1663611371405,-16.765328534239));
#3800=CARTESIAN_POINT('Ctrl Pts',(196.158275720619,64.1708931058398,-16.7610631996263));
#3801=CARTESIAN_POINT('Ctrl Pts',(196.138927463239,64.1753034805581,-16.7568006869735));
#3802=CARTESIAN_POINT('Ctrl Pts',(196.017902849018,64.2028906626169,-16.7301383917971));
#3803=CARTESIAN_POINT('Ctrl Pts',(195.895861317087,64.2257161107285,-16.7035867298976));
#3804=CARTESIAN_POINT('Ctrl Pts',(195.7733440523,64.2438338540051,-16.6772560463582));
#3805=CARTESIAN_POINT('Ctrl Pts',(195.692151609243,64.255840519693,-16.6598066482866));
#3806=CARTESIAN_POINT('Ctrl Pts',(195.610750391301,64.2657807752138,-16.6424542557685));
#3807=CARTESIAN_POINT('Ctrl Pts',(195.529297719555,64.2736828867577,-16.6252300771337));
#3808=CARTESIAN_POINT('Ctrl Pts',(195.506743325753,64.275870995899,-16.6204606705628));
#3809=CARTESIAN_POINT('Ctrl Pts',(195.484184980468,64.2779028891924,-16.6157010893864));
#3810=CARTESIAN_POINT('Ctrl Pts',(195.461626005512,64.2797792994744,-16.6109519831102));
#3811=CARTESIAN_POINT('Ctrl Pts',(195.448458927332,64.2808745106234,-16.6081800551415));
#3812=CARTESIAN_POINT('Ctrl Pts',(195.435291634449,64.2819167536867,-16.6054116955936));
#3813=CARTESIAN_POINT('Ctrl Pts',(195.422124785592,64.2829061833431,-16.6026470326143));
#3814=CARTESIAN_POINT('Ctrl Pts',(195.409201548953,64.2838773066336,-16.5999335212574));
#3815=CARTESIAN_POINT('Ctrl Pts',(195.396269592788,64.2847982433538,-16.5972216500565));
#3816=CARTESIAN_POINT('Ctrl Pts',(195.3833282693,64.2856690060484,-16.5945112890257));
#3817=CARTESIAN_POINT('Ctrl Pts',(195.259954878642,64.2939702393952,-16.5686726311338));
#3818=CARTESIAN_POINT('Ctrl Pts',(195.135765998184,64.2977045342014,-16.5429790325632));
#3819=CARTESIAN_POINT('Ctrl Pts',(195.011280284439,64.2968300394686,-16.5175427363764));
#3820=CARTESIAN_POINT('Ctrl Pts',(194.885349648191,64.2959453943573,-16.4918111976623));
#3821=CARTESIAN_POINT('Ctrl Pts',(194.759115891625,64.2903442827759,-16.4663431112357));
#3822=CARTESIAN_POINT('Ctrl Pts',(194.633125236104,64.2800356106698,-16.4412530500453));
#3823=CARTESIAN_POINT('Ctrl Pts',(194.507023421871,64.2697178434549,-16.4161408524599));
#3824=CARTESIAN_POINT('Ctrl Pts',(194.381165822922,64.2546842566916,-16.3914074903042));
#3825=CARTESIAN_POINT('Ctrl Pts',(194.256099303562,64.234995776071,-16.3671640741686));
#3826=CARTESIAN_POINT('Ctrl Pts',(194.131841203285,64.2154345600736,-16.3430773653626));
#3827=CARTESIAN_POINT('Ctrl Pts',(194.008364644351,64.1912785681823,-16.3194744199062));
#3828=CARTESIAN_POINT('Ctrl Pts',(193.886195144344,64.1626373661191,-16.2964584542216));
#3829=CARTESIAN_POINT('Ctrl Pts',(193.861434464942,64.1568325161201,-16.2917936979));
#3830=CARTESIAN_POINT('Ctrl Pts',(193.836727421474,64.1508435873683,-16.2871530303046));
#3831=CARTESIAN_POINT('Ctrl Pts',(193.812078297458,64.1446717356119,-16.2825372743367));
#3832=CARTESIAN_POINT('Ctrl Pts',(193.717080945957,64.1208855122021,-16.2647482205824));
#3833=CARTESIAN_POINT('Ctrl Pts',(193.622944574227,64.0943810938626,-16.2473293722767));
#3834=CARTESIAN_POINT('Ctrl Pts',(193.529885602443,64.0653047244697,-16.2302987877191));
#3835=CARTESIAN_POINT('Ctrl Pts',(193.512569678687,64.0598943466645,-16.2271298261663));
#3836=CARTESIAN_POINT('Ctrl Pts',(193.495295067717,64.0543963248993,-16.2239750326));
#3837=CARTESIAN_POINT('Ctrl Pts',(193.478036537439,64.0488028723619,-16.2208296788516));
#3838=CARTESIAN_POINT('Ctrl Pts',(193.354476492293,64.0087573275268,-16.1983109565218));
#3839=CARTESIAN_POINT('Ctrl Pts',(193.231987620026,63.9638906815242,-16.1763218221665));
#3840=CARTESIAN_POINT('Ctrl Pts',(193.11110214532,63.9143832877438,-16.1549197884687));
#3841=CARTESIAN_POINT('Ctrl Pts',(192.986744750151,63.8634540049079,-16.1329030724951));
#3842=CARTESIAN_POINT('Ctrl Pts',(192.864084870927,63.8076136518443,-16.1115077349946));
#3843=CARTESIAN_POINT('Ctrl Pts',(192.743692306408,63.7471136735007,-16.0907901140564));
#3844=CARTESIAN_POINT('Ctrl Pts',(192.624486990508,63.6872103143583,-16.0702767994798));
#3845=CARTESIAN_POINT('Ctrl Pts',(192.50750511794,63.6227392231397,-16.0504279281054));
#3846=CARTESIAN_POINT('Ctrl Pts',(192.393280636012,63.553993260754,-16.031291454226));
#3847=CARTESIAN_POINT('Ctrl Pts',(192.27734969254,63.4842202651163,-16.0118690901747));
#3848=CARTESIAN_POINT('Ctrl Pts',(192.164259892574,63.4100440035853,-15.9931806240762));
#3849=CARTESIAN_POINT('Ctrl Pts',(192.054539122748,63.3318159080018,-15.9752685530827));
#3850=CARTESIAN_POINT('Ctrl Pts',(191.999678737835,63.2927018602101,-15.9663125175859));
#3851=CARTESIAN_POINT('Ctrl Pts',(191.945660068451,63.2525755283669,-15.9575504570824));
#3852=CARTESIAN_POINT('Ctrl Pts',(191.89254542224,63.2114846211961,-15.9489869190718));
#3853=CARTESIAN_POINT('Ctrl Pts',(191.865988099135,63.1909391676107,-15.9447051500665));
#3854=CARTESIAN_POINT('Ctrl Pts',(191.83965674006,63.1701526073985,-15.9404730035424));
#3855=CARTESIAN_POINT('Ctrl Pts',(191.813558869904,63.1491311189095,-15.9362909984471));
#3856=CARTESIAN_POINT('Ctrl Pts',(191.794824681042,63.1340409780985,-15.9332889728867));
#3857=CARTESIAN_POINT('Ctrl Pts',(191.776210805193,63.1188297818403,-15.9303127844871));
#3858=CARTESIAN_POINT('Ctrl Pts',(191.75771996633,63.1034998585929,-15.9273626145478));
#3859=CARTESIAN_POINT('Ctrl Pts',(191.75045193646,63.0974742617613,-15.9262030174415));
#3860=CARTESIAN_POINT('Ctrl Pts',(191.743201988358,63.0914295657516,-15.92504729186));
#3861=CARTESIAN_POINT('Ctrl Pts',(191.735966646789,63.0853628017382,-15.9238948706426));
#3862=CARTESIAN_POINT('Ctrl Pts',(191.642018213951,63.0065879483321,-15.9089310757337));
#3863=CARTESIAN_POINT('Ctrl Pts',(191.550713134653,62.9242362435477,-15.8945534557994));
#3864=CARTESIAN_POINT('Ctrl Pts',(191.46234391173,62.838622024704,-15.8807849577013));
#3865=CARTESIAN_POINT('Ctrl Pts',(191.372720317841,62.7517925412368,-15.8668210204708));
#3866=CARTESIAN_POINT('Ctrl Pts',(191.286116835822,62.6616076331478,-15.853483627755));
#3867=CARTESIAN_POINT('Ctrl Pts',(191.20280612031,62.5684377336767,-15.8407891685383));
#3868=CARTESIAN_POINT('Ctrl Pts',(191.118493451872,62.474147307839,-15.8279420368776));
#3869=CARTESIAN_POINT('Ctrl Pts',(191.03755354689,62.3768001103269,-15.8157533969603));
#3870=CARTESIAN_POINT('Ctrl Pts',(190.960231152763,62.2768170889977,-15.804232501968));
#3871=CARTESIAN_POINT('Ctrl Pts',(190.882275002686,62.1760145788869,-15.792617178501));
#3872=CARTESIAN_POINT('Ctrl Pts',(190.807996200824,62.0725333858154,-15.7816805820491));
#3873=CARTESIAN_POINT('Ctrl Pts',(190.737602685154,61.9668348154082,-15.7714244503961));
#3874=CARTESIAN_POINT('Ctrl Pts',(190.66470923526,61.8573824976413,-15.7608040855565));
#3875=CARTESIAN_POINT('Ctrl Pts',(190.595982475922,61.7455530290388,-15.750913397424));
#3876=CARTESIAN_POINT('Ctrl Pts',(190.531600766461,61.6318827155682,-15.7417458924752));
#3877=CARTESIAN_POINT('Ctrl Pts',(190.51440848454,61.6015285654288,-15.7392978318239));
#3878=CARTESIAN_POINT('Ctrl Pts',(190.497525735836,61.5710432509535,-15.7369012943597));
#3879=CARTESIAN_POINT('Ctrl Pts',(190.48095523805,61.5404371841074,-15.7345560570655));
#3880=CARTESIAN_POINT('Ctrl Pts',(190.474110617338,61.5277950220085,-15.7335873318065));
#3881=CARTESIAN_POINT('Ctrl Pts',(190.467319559075,61.5151328039168,-15.7326273997809));
#3882=CARTESIAN_POINT('Ctrl Pts',(190.460581355362,61.5024496006519,-15.7316761183265));
#3883=CARTESIAN_POINT('Ctrl Pts',(190.395854278464,61.3806149533239,-15.7225381239187));
#3884=CARTESIAN_POINT('Ctrl Pts',(190.335635452209,61.2561395068473,-15.7141464272206));
#3885=CARTESIAN_POINT('Ctrl Pts',(190.280205692153,61.1295320419831,-15.7065062935233));
#3886=CARTESIAN_POINT('Ctrl Pts',(190.224729923869,61.0028194894372,-15.6988598183048));
#3887=CARTESIAN_POINT('Ctrl Pts',(190.174051463388,60.8739719862606,-15.6919661377051));
#3888=CARTESIAN_POINT('Ctrl Pts',(190.128406196914,60.7435235935884,-15.6858229516079));
#3889=CARTESIAN_POINT('Ctrl Pts',(190.082993802375,60.6137407194233,-15.6797111066714));
#3890=CARTESIAN_POINT('Ctrl Pts',(190.042563593508,60.4823738725565,-15.6743420916014));
#3891=CARTESIAN_POINT('Ctrl Pts',(190.007299008238,60.3499634866191,-15.6697064761548));
#3892=CARTESIAN_POINT('Ctrl Pts',(190.002571112908,60.3322113298697,-15.6690849828221));
#3893=CARTESIAN_POINT('Ctrl Pts',(189.997936503662,60.3144424371375,-15.6684767287662));
#3894=CARTESIAN_POINT('Ctrl Pts',(189.993393921685,60.2966517193957,-15.6678814681977));
#3895=CARTESIAN_POINT('Ctrl Pts',(189.962005172825,60.1737197890337,-15.6637682822199));
#3896=CARTESIAN_POINT('Ctrl Pts',(189.934931445505,60.0494153229791,-15.6602652462965));
#3897=CARTESIAN_POINT('Ctrl Pts',(189.912397079888,59.9242033939564,-15.6573756530947));
#3898=CARTESIAN_POINT('Ctrl Pts',(189.890020104746,59.7998660031898,-15.6545062421536));
#3899=CARTESIAN_POINT('Ctrl Pts',(189.872119509487,59.6746343492068,-15.6522417117445));
#3900=CARTESIAN_POINT('Ctrl Pts',(189.858866068161,59.5489768952983,-15.6505782375611));
#3901=CARTESIAN_POINT('Ctrl Pts',(189.845807602075,59.4251680248379,-15.6489392352315));
#3902=CARTESIAN_POINT('Ctrl Pts',(189.837260667311,59.3009463279567,-15.6478837015474));
#3903=CARTESIAN_POINT('Ctrl Pts',(189.833338787441,59.1767644283598,-15.6474015406418));
#3904=CARTESIAN_POINT('Ctrl Pts',(189.831690317244,59.124567480151,-15.6471988756165));
#3905=CARTESIAN_POINT('Ctrl Pts',(189.83085835701,59.0723775724351,-15.6470974349008));
#3906=CARTESIAN_POINT('Ctrl Pts',(189.830848589097,59.020228216793,-15.6470961433995));
#3907=CARTESIAN_POINT('',(192.000000272042,59.019779135458,-18.0000007001029));
#3908=CARTESIAN_POINT('Origin',(189.503153636127,59.020228216793,-18.1255262952896));
#3909=CARTESIAN_POINT('Origin',(195.000000223517,59.0192395572701,-18.0000007001029));
#3910=CARTESIAN_POINT('Ctrl Pts',(162.528691136216,59.3112171744372,-20.2912885475809));
#3911=CARTESIAN_POINT('Ctrl Pts',(162.567335663001,59.5059513671903,-20.2618351716479));
#3912=CARTESIAN_POINT('Ctrl Pts',(162.723541229788,59.8737339728655,-20.143499722959));
#3913=CARTESIAN_POINT('Ctrl Pts',(163.242124727101,60.3977002807972,-19.766919066554));
#3914=CARTESIAN_POINT('Ctrl Pts',(163.97397130709,60.6079660964559,-19.2884221838597));
#3915=CARTESIAN_POINT('Ctrl Pts',(164.774557629021,60.3593858868027,-18.845265248943));
#3916=CARTESIAN_POINT('Ctrl Pts',(165.324229706824,59.8658723196639,-18.5767517104471));
#3917=CARTESIAN_POINT('Ctrl Pts',(165.587892713615,59.0181350539571,-18.4614665140779));
#3918=CARTESIAN_POINT('Ctrl Pts',(165.299398891666,58.1017133452846,-18.5871044638906));
#3919=CARTESIAN_POINT('Ctrl Pts',(164.720240463489,57.6537882517225,-18.8733556155581));
#3920=CARTESIAN_POINT('Ctrl Pts',(163.929347503058,57.4441305777378,-19.3180504078646));
#3921=CARTESIAN_POINT('Ctrl Pts',(163.241705502312,57.6407495811376,-19.7670698601772));
#3922=CARTESIAN_POINT('Ctrl Pts',(162.723857549054,58.1649039654178,-20.1434321253252));
#3923=CARTESIAN_POINT('Ctrl Pts',(162.567335663001,58.5325277473498,-20.2618351716478));
#3924=CARTESIAN_POINT('Ctrl Pts',(162.528691136216,58.7272619401029,-20.2912885475808));
#3925=CARTESIAN_POINT('Ctrl Pts',(162.527416902164,59.3047961632319,-19.6813059184406));
#3926=CARTESIAN_POINT('Ctrl Pts',(162.558422137521,59.4961002480813,-19.6582289945422));
#3927=CARTESIAN_POINT('Ctrl Pts',(162.687140608216,59.8658931491567,-19.5653992505063));
#3928=CARTESIAN_POINT('Ctrl Pts',(163.16101208088,60.4600027620906,-19.2753920375923));
#3929=CARTESIAN_POINT('Ctrl Pts',(163.969047090365,60.7528091651712,-18.9095561399218));
#3930=CARTESIAN_POINT('Ctrl Pts',(164.873606906681,60.4674089107344,-18.5738992656885));
#3931=CARTESIAN_POINT('Ctrl Pts',(165.457978263706,59.9133313293953,-18.374813593543));
#3932=CARTESIAN_POINT('Ctrl Pts',(165.722268086566,59.0182558306575,-18.2910861737482));
#3933=CARTESIAN_POINT('Ctrl Pts',(165.433688125053,58.0497291254726,-18.3822661817439));
#3934=CARTESIAN_POINT('Ctrl Pts',(164.813102182813,57.5403911830897,-18.5950339843549));
#3935=CARTESIAN_POINT('Ctrl Pts',(163.919460889552,57.3048183215889,-18.9322148005223));
#3936=CARTESIAN_POINT('Ctrl Pts',(163.16104943478,57.5784378305458,-19.275466457015));
#3937=CARTESIAN_POINT('Ctrl Pts',(162.687387752655,58.1728537947552,-19.5653497945022));
#3938=CARTESIAN_POINT('Ctrl Pts',(162.558422137521,58.5423788664587,-19.6582289945422));
#3939=CARTESIAN_POINT('Ctrl Pts',(162.527416902164,58.7336829513081,-19.6813059184406));
#3940=CARTESIAN_POINT('Ctrl Pts',(162.123853245047,59.37326073978,-18.6191045603279));
#3941=CARTESIAN_POINT('Ctrl Pts',(162.161609813211,59.611901230255,-18.6107202843806));
#3942=CARTESIAN_POINT('Ctrl Pts',(162.319024745971,60.0775081424629,-18.576743096165));
#3943=CARTESIAN_POINT('Ctrl Pts',(162.939307671279,60.8440240939423,-18.464987861015));
#3944=CARTESIAN_POINT('Ctrl Pts',(164.021916493608,61.1633579964821,-18.3004625353704));
#3945=CARTESIAN_POINT('Ctrl Pts',(165.117087163018,60.7154641196126,-18.1438174893811));
#3946=CARTESIAN_POINT('Ctrl Pts',(165.747374278017,60.0128007454032,-18.0565085686057));
#3947=CARTESIAN_POINT('Ctrl Pts',(166.001398582628,59.0184079181724,-18.0224523584777));
#3948=CARTESIAN_POINT('Ctrl Pts',(165.725377531577,57.9416125814905,-18.0594147158262));
#3949=CARTESIAN_POINT('Ctrl Pts',(165.047716115218,57.2778745839927,-18.1535207126944));
#3950=CARTESIAN_POINT('Ctrl Pts',(163.954253145606,56.896136977197,-18.3107626979611));
#3951=CARTESIAN_POINT('Ctrl Pts',(162.939753382806,57.1945306071214,-18.4649255414372));
#3952=CARTESIAN_POINT('Ctrl Pts',(162.318973066494,57.9612910492389,-18.5767557605305));
#3953=CARTESIAN_POINT('Ctrl Pts',(162.161609813211,58.426577884285,-18.6107202843806));
#3954=CARTESIAN_POINT('Ctrl Pts',(162.123853245047,58.66521837476,-18.6191045603279));
#3955=CARTESIAN_POINT('Ctrl Pts',(161.202473663563,59.5496209822132,-18.0263584055224));
#3956=CARTESIAN_POINT('Ctrl Pts',(161.273727375681,59.9050290421291,-18.0238198882489));
#3957=CARTESIAN_POINT('Ctrl Pts',(161.565851555622,60.5846787419703,-18.0130685574024));
#3958=CARTESIAN_POINT('Ctrl Pts',(162.622398274278,61.5800458257464,-17.9705195826374));
#3959=CARTESIAN_POINT('Ctrl Pts',(164.149360377832,61.7740224434878,-17.8950646437261));
#3960=CARTESIAN_POINT('Ctrl Pts',(165.445744464818,61.0410959885965,-17.8413820664785));
#3961=CARTESIAN_POINT('Ctrl Pts',(166.103354917586,60.1350646412061,-17.8252194401211));
#3962=CARTESIAN_POINT('Ctrl Pts',(166.333389360261,59.0185710236312,-17.8243957577081));
#3963=CARTESIAN_POINT('Ctrl Pts',(166.0851678878,57.8096343874113,-17.8250121713783));
#3964=CARTESIAN_POINT('Ctrl Pts',(165.369329303335,56.9309239014361,-17.8440258205097));
#3965=CARTESIAN_POINT('Ctrl Pts',(164.053045692368,56.2775394647074,-17.8999324854186));
#3966=CARTESIAN_POINT('Ctrl Pts',(162.622858343785,56.4586639187713,-17.9704083848869));
#3967=CARTESIAN_POINT('Ctrl Pts',(161.565511715201,57.454070359005,-18.0131195212712));
#3968=CARTESIAN_POINT('Ctrl Pts',(161.273727375681,58.1334500724108,-18.0238198882489));
#3969=CARTESIAN_POINT('Ctrl Pts',(161.202473663563,58.4888581323267,-18.0263584055224));
#3970=CARTESIAN_POINT('Ctrl Pts',(160.772146076344,59.6335882926328,-17.8956446238419));
#3971=CARTESIAN_POINT('Ctrl Pts',(160.859344068161,60.0445806797832,-17.8927849221399));
#3972=CARTESIAN_POINT('Ctrl Pts',(161.215415643831,60.8259368311467,-17.8810522170931));
#3973=CARTESIAN_POINT('Ctrl Pts',(162.47953819529,61.928275005361,-17.8360419082288));
#3974=CARTESIAN_POINT('Ctrl Pts',(164.212877033984,62.0577753769167,-17.768079354567));
#3975=CARTESIAN_POINT('Ctrl Pts',(165.59713694894,61.1901333417587,-17.73914159379));
#3976=CARTESIAN_POINT('Ctrl Pts',(166.264632809941,60.1905730524405,-17.7436681021958));
#3977=CARTESIAN_POINT('Ctrl Pts',(166.482840034722,59.0186363112584,-17.7534387655773));
#3978=CARTESIAN_POINT('Ctrl Pts',(166.248260056277,57.7497628821732,-17.7424193666183));
#3979=CARTESIAN_POINT('Ctrl Pts',(165.517856222644,56.7719783673576,-17.7397592810738));
#3980=CARTESIAN_POINT('Ctrl Pts',(164.103256333019,55.9896815570185,-17.7725890229857));
#3981=CARTESIAN_POINT('Ctrl Pts',(162.479971707859,56.1105225565982,-17.8359359901377));
#3982=CARTESIAN_POINT('Ctrl Pts',(161.214942486282,57.2127797075882,-17.8811367204706));
#3983=CARTESIAN_POINT('Ctrl Pts',(160.859344068162,57.9938984347566,-17.8927849221399));
#3984=CARTESIAN_POINT('Ctrl Pts',(160.772146076344,58.4048908219071,-17.8956446238419));
#3985=CARTESIAN_POINT('',(162.528691136216,58.7272619401029,-20.2912885475809));
#3986=CARTESIAN_POINT('',(160.772146076344,58.4048908219071,-17.8956446238419));
#3987=CARTESIAN_POINT('Origin',(160.076510093942,58.2406325781575,-20.2912885475809));
#3988=CARTESIAN_POINT('',(160.772146076344,59.6335882926328,-17.8956446238419));
#3989=CARTESIAN_POINT('Ctrl Pts',(160.772146076344,58.4048908219071,-17.8956446238419));
#3990=CARTESIAN_POINT('Ctrl Pts',(160.777451921234,58.3798826558726,-17.8954706160081));
#3991=CARTESIAN_POINT('Ctrl Pts',(160.783092841372,58.3549521315513,-17.8952856447908));
#3992=CARTESIAN_POINT('Ctrl Pts',(160.789062565598,58.330112394384,-17.8950898090245));
#3993=CARTESIAN_POINT('Ctrl Pts',(160.79260873268,58.3153569626534,-17.8949734776293));
#3994=CARTESIAN_POINT('Ctrl Pts',(160.796273145704,58.3006242389801,-17.8948532396278));
#3995=CARTESIAN_POINT('Ctrl Pts',(160.800055306475,58.2859153847627,-17.8947290888186));
#3996=CARTESIAN_POINT('Ctrl Pts',(160.82168880441,58.2017825341031,-17.8940189613449));
#3997=CARTESIAN_POINT('Ctrl Pts',(160.847175240925,58.1184462845797,-17.8931808044131));
#3998=CARTESIAN_POINT('Ctrl Pts',(160.876327076833,58.0363839104131,-17.892216501212));
#3999=CARTESIAN_POINT('Ctrl Pts',(160.905938763696,57.9530270565031,-17.8912369867648));
#4000=CARTESIAN_POINT('Ctrl Pts',(160.939332123956,57.870985369912,-17.8901273143822));
#4001=CARTESIAN_POINT('Ctrl Pts',(160.976259012002,57.7907454538144,-17.8888911681509));
#4002=CARTESIAN_POINT('Ctrl Pts',(161.013153809395,57.7105752687851,-17.8876560961704));
#4003=CARTESIAN_POINT('Ctrl Pts',(161.053575542744,57.6322044782292,-17.8862947752177));
#4004=CARTESIAN_POINT('Ctrl Pts',(161.097231341368,57.5560933478679,-17.8848125318315));
#4005=CARTESIAN_POINT('Ctrl Pts',(161.140298946184,57.4810076962967,-17.8833502593634));
#4006=CARTESIAN_POINT('Ctrl Pts',(161.186513529449,57.4081218432224,-17.8817703098739));
#4007=CARTESIAN_POINT('Ctrl Pts',(161.235557139832,57.3378431822391,-17.8800792963743));
#4008=CARTESIAN_POINT('Ctrl Pts',(161.251468285479,57.3150427806776,-17.8795306833772));
#4009=CARTESIAN_POINT('Ctrl Pts',(161.267676938374,57.292516483819,-17.8789703917988));
#4010=CARTESIAN_POINT('Ctrl Pts',(161.284171534449,57.2702772455065,-17.8783986795963));
#4011=CARTESIAN_POINT('Ctrl Pts',(161.292906017821,57.2585007669339,-17.8780959373707));
#4012=CARTESIAN_POINT('Ctrl Pts',(161.301717759608,57.2468084534131,-17.8777900946584));
#4013=CARTESIAN_POINT('Ctrl Pts',(161.310622726687,57.235178306145,-17.8774805895031));
#4014=CARTESIAN_POINT('Ctrl Pts',(161.362324915876,57.1676537359772,-17.8756836042975));
#4015=CARTESIAN_POINT('Ctrl Pts',(161.417072098099,57.1023675473488,-17.8737665206947));
#4016=CARTESIAN_POINT('Ctrl Pts',(161.474549090513,57.0396717176919,-17.8717385176522));
#4017=CARTESIAN_POINT('Ctrl Pts',(161.532697218102,56.9762438146457,-17.8696868344531));
#4018=CARTESIAN_POINT('Ctrl Pts',(161.593638766586,56.9154676752066,-17.8675216400129));
#4019=CARTESIAN_POINT('Ctrl Pts',(161.657005750564,56.8576747879607,-17.8652540743735));
#4020=CARTESIAN_POINT('Ctrl Pts',(161.720273148187,56.7999727269255,-17.8629900723976));
#4021=CARTESIAN_POINT('Ctrl Pts',(161.785957731648,56.745245021515,-17.8606240390628));
#4022=CARTESIAN_POINT('Ctrl Pts',(161.853660746436,56.6937812632175,-17.8581684366833));
#4023=CARTESIAN_POINT('Ctrl Pts',(161.909249801917,56.6515258079139,-17.8561522101188));
#4024=CARTESIAN_POINT('Ctrl Pts',(161.966198848645,56.6114701450644,-17.8540756295478));
#4025=CARTESIAN_POINT('Ctrl Pts',(162.024275290174,56.5737508954136,-17.8519461552823));
#4026=CARTESIAN_POINT('Ctrl Pts',(162.035570869648,56.5664146886675,-17.8515319831125));
#4027=CARTESIAN_POINT('Ctrl Pts',(162.046906585627,56.5591682692503,-17.8511159030637));
#4028=CARTESIAN_POINT('Ctrl Pts',(162.058301380371,56.5519997921609,-17.8506972106946));
#4029=CARTESIAN_POINT('Ctrl Pts',(162.105493144395,56.5223114048915,-17.8489631881056));
#4030=CARTESIAN_POINT('Ctrl Pts',(162.153627424709,56.4940080669788,-17.8471869478631));
#4031=CARTESIAN_POINT('Ctrl Pts',(162.202587267347,56.4672001847434,-17.8453720587241));
#4032=CARTESIAN_POINT('Ctrl Pts',(162.271079425363,56.4296974149794,-17.8428331274898));
#4033=CARTESIAN_POINT('Ctrl Pts',(162.341188086887,56.3951235609648,-17.8402185037592));
#4034=CARTESIAN_POINT('Ctrl Pts',(162.412543521072,56.3635794423316,-17.8375508801444));
#4035=CARTESIAN_POINT('Ctrl Pts',(162.484835154304,56.3316214578994,-17.834848256719));
#4036=CARTESIAN_POINT('Ctrl Pts',(162.558405870363,56.3027733646896,-17.8320912810291));
#4037=CARTESIAN_POINT('Ctrl Pts',(162.632849873621,56.2770901216084,-17.8293045060021));
#4038=CARTESIAN_POINT('Ctrl Pts',(162.681726686326,56.2602275805469,-17.8274748263089));
#4039=CARTESIAN_POINT('Ctrl Pts',(162.730979526022,56.2447282765643,-17.8256323192614));
#4040=CARTESIAN_POINT('Ctrl Pts',(162.780490662329,56.2305959596239,-17.8237840000586));
#4041=CARTESIAN_POINT('Ctrl Pts',(162.808827608738,56.2225075428019,-17.8227261426531));
#4042=CARTESIAN_POINT('Ctrl Pts',(162.83724913314,56.214866734217,-17.8216663815681));
#4043=CARTESIAN_POINT('Ctrl Pts',(162.865733017479,56.2076728618594,-17.8206060257114));
#4044=CARTESIAN_POINT('Ctrl Pts',(162.877052248618,56.2048140837857,-17.8201846501402));
#4045=CARTESIAN_POINT('Ctrl Pts',(162.888381327032,56.2020258745373,-17.8197631805475));
#4046=CARTESIAN_POINT('Ctrl Pts',(162.899718857248,56.1993081482207,-17.8193416986172));
#4047=CARTESIAN_POINT('Ctrl Pts',(162.909963799656,56.1968523267972,-17.8189608345295));
#4048=CARTESIAN_POINT('Ctrl Pts',(162.920220457353,56.1944528746949,-17.8185797812574));
#4049=CARTESIAN_POINT('Ctrl Pts',(162.930495470885,56.1921082146483,-17.8181983152401));
#4050=CARTESIAN_POINT('Ctrl Pts',(163.011412226571,56.1736437830875,-17.8151942323324));
#4051=CARTESIAN_POINT('Ctrl Pts',(163.09332666405,56.1586157538428,-17.8121697800726));
#4052=CARTESIAN_POINT('Ctrl Pts',(163.175797826433,56.1471096937258,-17.8091528040208));
#4053=CARTESIAN_POINT('Ctrl Pts',(163.258637141735,56.1355522703264,-17.8061223601276));
#4054=CARTESIAN_POINT('Ctrl Pts',(163.342037438091,56.1275484132802,-17.8030995139667));
#4055=CARTESIAN_POINT('Ctrl Pts',(163.425539992129,56.1231333687679,-17.8001127203998));
#4056=CARTESIAN_POINT('Ctrl Pts',(163.508788274978,56.1187317683787,-17.7971350218307));
#4057=CARTESIAN_POINT('Ctrl Pts',(163.592137454342,56.1178971447765,-17.7941932110965));
#4058=CARTESIAN_POINT('Ctrl Pts',(163.675132269323,56.1206129499443,-17.7913148970182));
#4059=CARTESIAN_POINT('Ctrl Pts',(163.732979210613,56.1225058515928,-17.7893087275298));
#4060=CARTESIAN_POINT('Ctrl Pts',(163.790653978656,56.1261224827972,-17.7873333931251));
#4061=CARTESIAN_POINT('Ctrl Pts',(163.848005088557,56.1314424747473,-17.7853978616086));
#4062=CARTESIAN_POINT('Ctrl Pts',(163.925171275768,56.1386005488542,-17.7827935948801));
#4063=CARTESIAN_POINT('Ctrl Pts',(164.002336513741,56.1489536617083,-17.7802654970812));
#4064=CARTESIAN_POINT('Ctrl Pts',(164.079064020541,56.1625141239405,-17.7778258233011));
#4065=CARTESIAN_POINT('Ctrl Pts',(164.155464104411,56.1760167189689,-17.7753965604567));
#4066=CARTESIAN_POINT('Ctrl Pts',(164.231429556962,56.1926992394888,-17.7730550043268));
#4067=CARTESIAN_POINT('Ctrl Pts',(164.306542872747,56.2125240137043,-17.7708129776994));
#4068=CARTESIAN_POINT('Ctrl Pts',(164.381656188532,56.2323487879197,-17.768570951072));
#4069=CARTESIAN_POINT('Ctrl Pts',(164.455916776942,56.2553157348262,-17.7664284869428));
#4070=CARTESIAN_POINT('Ctrl Pts',(164.52893002156,56.2813386227506,-17.764396616753));
#4071=CARTESIAN_POINT('Ctrl Pts',(164.601887619566,56.3073416774848,-17.762366295141));
#4072=CARTESIAN_POINT('Ctrl Pts',(164.673599211525,56.3363952840486,-17.7604464125132));
#4073=CARTESIAN_POINT('Ctrl Pts',(164.74369357803,56.3681901496749,-17.7586419746171));
#4074=CARTESIAN_POINT('Ctrl Pts',(164.759734350622,56.3754662580775,-17.7582290373242));
#4075=CARTESIAN_POINT('Ctrl Pts',(164.775690578692,56.3828857718765,-17.75782214051));
#4076=CARTESIAN_POINT('Ctrl Pts',(164.791558091959,56.3904447206721,-17.7574213340602));
#4077=CARTESIAN_POINT('Ctrl Pts',(164.862584570094,56.4242802374487,-17.7556272362663));
#4078=CARTESIAN_POINT('Ctrl Pts',(164.932445162855,56.4612528561704,-17.7539598374841));
#4079=CARTESIAN_POINT('Ctrl Pts',(165.00071018547,56.5011760445798,-17.7524441983569));
#4080=CARTESIAN_POINT('Ctrl Pts',(165.069593639337,56.5414609079207,-17.7509148286461));
#4081=CARTESIAN_POINT('Ctrl Pts',(165.136851702823,56.5847497200972,-17.7495400297965));
#4082=CARTESIAN_POINT('Ctrl Pts',(165.20205912681,56.6308005813255,-17.7483430440449));
#4083=CARTESIAN_POINT('Ctrl Pts',(165.238693054335,56.656672235342,-17.747670570167));
#4084=CARTESIAN_POINT('Ctrl Pts',(165.274680104063,56.6834147873618,-17.7470541694461));
#4085=CARTESIAN_POINT('Ctrl Pts',(165.3099485044,56.7109791212594,-17.7464975349122));
#4086=CARTESIAN_POINT('Ctrl Pts',(165.373624391767,56.7607455808618,-17.7454925503498));
#4087=CARTESIAN_POINT('Ctrl Pts',(165.434955449975,56.8131928491411,-17.7446825456733));
#4088=CARTESIAN_POINT('Ctrl Pts',(165.493701099015,56.8679523024985,-17.7440477890675));
#4089=CARTESIAN_POINT('Ctrl Pts',(165.532919728944,56.9045097458399,-17.7436240251833));
#4090=CARTESIAN_POINT('Ctrl Pts',(165.570986794327,56.9420968551634,-17.7432782988705));
#4091=CARTESIAN_POINT('Ctrl Pts',(165.607840649596,56.9805957450765,-17.7430041066096));
#4092=CARTESIAN_POINT('Ctrl Pts',(165.663273725661,57.0385031709714,-17.742591685159));
#4093=CARTESIAN_POINT('Ctrl Pts',(165.716427159458,57.0989302886348,-17.7423268965044));
#4094=CARTESIAN_POINT('Ctrl Pts',(165.76700865433,57.161572965992,-17.742194326718));
#4095=CARTESIAN_POINT('Ctrl Pts',(165.818417474864,57.2252402452267,-17.7420595885814));
#4096=CARTESIAN_POINT('Ctrl Pts',(165.86716900759,57.2911956539912,-17.742061377805));
#4097=CARTESIAN_POINT('Ctrl Pts',(165.912990649089,57.3590786685623,-17.7421801397793));
#4098=CARTESIAN_POINT('Ctrl Pts',(165.958974594556,57.4272021302725,-17.7422993224182));
#4099=CARTESIAN_POINT('Ctrl Pts',(166.002007417194,57.4972662094842,-17.7425362355803));
#4100=CARTESIAN_POINT('Ctrl Pts',(166.041855060045,57.5688743418725,-17.7428687016192));
#4101=CARTESIAN_POINT('Ctrl Pts',(166.081540687777,57.6401913252922,-17.7431998158963));
#4102=CARTESIAN_POINT('Ctrl Pts',(166.118066651319,57.7130391010727,-17.7436256256114));
#4103=CARTESIAN_POINT('Ctrl Pts',(166.151248488637,57.7870045969766,-17.7441229949677));
#4104=CARTESIAN_POINT('Ctrl Pts',(166.164526682903,57.8166029647278,-17.7443220245414));
#4105=CARTESIAN_POINT('Ctrl Pts',(166.177269929396,57.8463801357239,-17.7445325061119));
#4106=CARTESIAN_POINT('Ctrl Pts',(166.189468690372,57.876309083276,-17.7447529479973));
#4107=CARTESIAN_POINT('Ctrl Pts',(166.190136279299,57.8779469737178,-17.7447650118915));
#4108=CARTESIAN_POINT('Ctrl Pts',(166.190802237868,57.8795853186698,-17.7447771056183));
#4109=CARTESIAN_POINT('Ctrl Pts',(166.191466566529,57.8812241137419,-17.7447892287776));
#4110=CARTESIAN_POINT('Ctrl Pts',(166.221306524319,57.9548346301301,-17.7453337703341));
#4111=CARTESIAN_POINT('Ctrl Pts',(166.248192345817,58.0298510116071,-17.7458796601304));
#4112=CARTESIAN_POINT('Ctrl Pts',(166.272032169407,58.1059574876874,-17.7464063449483));
#4113=CARTESIAN_POINT('Ctrl Pts',(166.296674237313,58.1846250560327,-17.746950753467));
#4114=CARTESIAN_POINT('Ctrl Pts',(166.318061475631,58.2644567087035,-17.7474745499865));
#4115=CARTESIAN_POINT('Ctrl Pts',(166.336137560423,58.3450704714937,-17.7479508476335));
#4116=CARTESIAN_POINT('Ctrl Pts',(166.354522593881,58.427062050043,-17.7484352859551));
#4117=CARTESIAN_POINT('Ctrl Pts',(166.36948217135,58.509861939436,-17.7488704291052));
#4118=CARTESIAN_POINT('Ctrl Pts',(166.38100689614,58.5930451754371,-17.7492256706238));
#4119=CARTESIAN_POINT('Ctrl Pts',(166.392840739235,58.6784595676117,-17.7495904404962));
#4120=CARTESIAN_POINT('Ctrl Pts',(166.401052916722,58.7642773616628,-17.749870741713));
#4121=CARTESIAN_POINT('Ctrl Pts',(166.405687346779,58.850026276342,-17.7500339452004));
#4122=CARTESIAN_POINT('Ctrl Pts',(166.408730982038,58.9063413823942,-17.7501411281512));
#4123=CARTESIAN_POINT('Ctrl Pts',(166.410232620874,58.962626563328,-17.7501978194952));
#4124=CARTESIAN_POINT('Ctrl Pts',(166.410216835778,59.0187477129648,-17.7501956556364));
#4125=CARTESIAN_POINT('Ctrl Pts',(166.410216790214,59.018909705324,-17.7501956493905));
#4126=CARTESIAN_POINT('Ctrl Pts',(166.410216732015,59.0190716963171,-17.7501956426549));
#4127=CARTESIAN_POINT('Ctrl Pts',(166.410216661179,59.0192336859408,-17.7501956354302));
#4128=CARTESIAN_POINT('Ctrl Pts',(166.410178311658,59.1069324880603,-17.7501917240479));
#4129=CARTESIAN_POINT('Ctrl Pts',(166.406450828276,59.1950188006973,-17.7500346971741));
#4130=CARTESIAN_POINT('Ctrl Pts',(166.398952353655,59.2829940184233,-17.7497630627789));
#4131=CARTESIAN_POINT('Ctrl Pts',(166.391579151554,59.3694994869338,-17.7494959664166));
#4132=CARTESIAN_POINT('Ctrl Pts',(166.38055986502,59.4558967799149,-17.7491182415467));
#4133=CARTESIAN_POINT('Ctrl Pts',(166.36586657405,59.5417111234222,-17.748669728634));
#4134=CARTESIAN_POINT('Ctrl Pts',(166.351383191597,59.6262995222659,-17.7482276231817));
#4135=CARTESIAN_POINT('Ctrl Pts',(166.333330061976,59.7103207771758,-17.7477168890815));
#4136=CARTESIAN_POINT('Ctrl Pts',(166.311729405328,59.7933304488074,-17.7471764010025));
#4137=CARTESIAN_POINT('Ctrl Pts',(166.290662088294,59.8742905370883,-17.7466492580595));
#4138=CARTESIAN_POINT('Ctrl Pts',(166.266220454954,59.9542877544554,-17.7460939275404));
#4139=CARTESIAN_POINT('Ctrl Pts',(166.238470231974,60.0329295043816,-17.7455452198049));
#4140=CARTESIAN_POINT('Ctrl Pts',(166.223708482956,60.0747630339947,-17.7452533343711));
#4141=CARTESIAN_POINT('Ctrl Pts',(166.208011252012,60.1162133975822,-17.7449632909272));
#4142=CARTESIAN_POINT('Ctrl Pts',(166.191393526895,60.1572247757212,-17.7446800216598));
#4143=CARTESIAN_POINT('Ctrl Pts',(166.190780222917,60.1587383668545,-17.7446695671501));
#4144=CARTESIAN_POINT('Ctrl Pts',(166.190165552993,60.1602515923398,-17.744659128636));
#4145=CARTESIAN_POINT('Ctrl Pts',(166.189549516793,60.1617644485158,-17.7446487064336));
#4146=CARTESIAN_POINT('Ctrl Pts',(166.159864351507,60.2346650113127,-17.7441464878924));
#4147=CARTESIAN_POINT('Ctrl Pts',(166.127002382442,60.3067072026022,-17.743682107461));
#4148=CARTESIAN_POINT('Ctrl Pts',(166.091079714955,60.3774813465263,-17.7432855175735));
#4149=CARTESIAN_POINT('Ctrl Pts',(166.055138290175,60.4482924457076,-17.7428887206036));
#4150=CARTESIAN_POINT('Ctrl Pts',(166.016133213321,60.5178335005248,-17.7425598674524));
#4151=CARTESIAN_POINT('Ctrl Pts',(165.974230109809,60.5857101737837,-17.7423286738125));
#4152=CARTESIAN_POINT('Ctrl Pts',(165.932571867057,60.6531902097424,-17.7420988311525));
#4153=CARTESIAN_POINT('Ctrl Pts',(165.888049693213,60.719024636226,-17.741965588007));
#4154=CARTESIAN_POINT('Ctrl Pts',(165.84087074124,60.7828514396574,-17.7419566619487));
#4155=CARTESIAN_POINT('Ctrl Pts',(165.794383020587,60.8457430996892,-17.7419478666685));
#4156=CARTESIAN_POINT('Ctrl Pts',(165.745316190022,60.9066850327786,-17.7420598375281));
#4157=CARTESIAN_POINT('Ctrl Pts',(165.693906292912,60.9653639440327,-17.7423165945733));
#4158=CARTESIAN_POINT('Ctrl Pts',(165.66610453837,60.9970966799299,-17.7424554451984));
#4159=CARTESIAN_POINT('Ctrl Pts',(165.63761817756,61.0281682143349,-17.7426365892855));
#4160=CARTESIAN_POINT('Ctrl Pts',(165.608488650231,61.0585338738704,-17.7428634162337));
#4161=CARTESIAN_POINT('Ctrl Pts',(165.584617752112,61.0834177505266,-17.7430492950813));
#4162=CARTESIAN_POINT('Ctrl Pts',(165.560232083365,61.107911554455,-17.7432673691157));
#4163=CARTESIAN_POINT('Ctrl Pts',(165.535344052611,61.1319849343007,-17.7435202013469));
#4164=CARTESIAN_POINT('Ctrl Pts',(165.475431906394,61.1899359979068,-17.7441288361463));
#4165=CARTESIAN_POINT('Ctrl Pts',(165.412605572684,61.2454485209554,-17.7449391118768));
#4166=CARTESIAN_POINT('Ctrl Pts',(165.34725261549,61.2981608223492,-17.7459418234904));
#4167=CARTESIAN_POINT('Ctrl Pts',(165.281703636371,61.3510312308481,-17.746947542672));
#4168=CARTESIAN_POINT('Ctrl Pts',(165.213613528542,61.4010840099655,-17.748146834576));
#4169=CARTESIAN_POINT('Ctrl Pts',(165.143411318598,61.4479903817223,-17.7495276867086));
#4170=CARTESIAN_POINT('Ctrl Pts',(165.073943133926,61.4944063064925,-17.750894100829));
#4171=CARTESIAN_POINT('Ctrl Pts',(165.00240752186,61.5377408261834,-17.7524382725973));
#4172=CARTESIAN_POINT('Ctrl Pts',(164.929246647045,61.5777183217908,-17.7541462435579));
#4173=CARTESIAN_POINT('Ctrl Pts',(164.883932401931,61.6024795078702,-17.7552041234009));
#4174=CARTESIAN_POINT('Ctrl Pts',(164.837995136961,61.6259537163225,-17.7563247971332));
#4175=CARTESIAN_POINT('Ctrl Pts',(164.791543225415,61.6480849717623,-17.7575045601973));
#4176=CARTESIAN_POINT('Ctrl Pts',(164.721958663821,61.681237400931,-17.75927183506));
#4177=CARTESIAN_POINT('Ctrl Pts',(164.650684256897,61.7117337424378,-17.761140911347));
#4178=CARTESIAN_POINT('Ctrl Pts',(164.578064574686,61.7392351058678,-17.7631162519319));
#4179=CARTESIAN_POINT('Ctrl Pts',(164.561984969382,61.7453245165595,-17.7635536360677));
#4180=CARTESIAN_POINT('Ctrl Pts',(164.545839559083,61.7512672250505,-17.7639962280637));
#4181=CARTESIAN_POINT('Ctrl Pts',(164.529632332878,61.7570597946495,-17.7644440729459));
#4182=CARTESIAN_POINT('Ctrl Pts',(164.457554296424,61.7828209605287,-17.7664357635253));
#4183=CARTESIAN_POINT('Ctrl Pts',(164.384251306049,61.805609130996,-17.7685313986051));
#4184=CARTESIAN_POINT('Ctrl Pts',(164.310102993719,61.8253325790224,-17.7707241867717));
#4185=CARTESIAN_POINT('Ctrl Pts',(164.234267808484,61.8455047351721,-17.7729668608337));
#4186=CARTESIAN_POINT('Ctrl Pts',(164.157548860282,61.8624708420202,-17.7753111338545));
#4187=CARTESIAN_POINT('Ctrl Pts',(164.080379531188,61.8761813916661,-17.7777492808642));
#4188=CARTESIAN_POINT('Ctrl Pts',(164.003210202093,61.8898919413121,-17.780187427874));
#4189=CARTESIAN_POINT('Ctrl Pts',(163.925591135289,61.9003468104459,-17.782719416749));
#4190=CARTESIAN_POINT('Ctrl Pts',(163.847974148261,61.9075474800367,-17.7853375007427));
#4191=CARTESIAN_POINT('Ctrl Pts',(163.765485295992,61.9152001214603,-17.7881199167067));
#4192=CARTESIAN_POINT('Ctrl Pts',(163.682326921527,61.9193216290217,-17.7909866944122));
#4193=CARTESIAN_POINT('Ctrl Pts',(163.598951875535,61.9198617725659,-17.7939103657691));
#4194=CARTESIAN_POINT('Ctrl Pts',(163.515268595204,61.9204039129999,-17.7968448458266));
#4195=CARTESIAN_POINT('Ctrl Pts',(163.431367779048,61.9173381238865,-17.7998365856221));
#4196=CARTESIAN_POINT('Ctrl Pts',(163.347714308732,61.9106657027179,-17.8028566201897));
#4197=CARTESIAN_POINT('Ctrl Pts',(163.264350336778,61.9040163727014,-17.805866203367));
#4198=CARTESIAN_POINT('Ctrl Pts',(163.181232744324,61.8937853868732,-17.8089038291268));
#4199=CARTESIAN_POINT('Ctrl Pts',(163.098817388371,61.8800254132066,-17.8119404944406));
#4200=CARTESIAN_POINT('Ctrl Pts',(163.059858236005,61.8735208376403,-17.81337597822));
#4201=CARTESIAN_POINT('Ctrl Pts',(163.02105587606,61.8662284084723,-17.8148112477743));
#4202=CARTESIAN_POINT('Ctrl Pts',(162.982457409945,61.8581576413152,-17.8162432683146));
#4203=CARTESIAN_POINT('Ctrl Pts',(162.959868219234,61.853434342261,-17.8170813375008));
#4204=CARTESIAN_POINT('Ctrl Pts',(162.937348846639,61.8484445094434,-17.8179182944712));
#4205=CARTESIAN_POINT('Ctrl Pts',(162.91490857655,61.8431904492364,-17.8187535376475));
#4206=CARTESIAN_POINT('Ctrl Pts',(162.904355557003,61.8407196144449,-17.8191463287116));
#4207=CARTESIAN_POINT('Ctrl Pts',(162.893820227106,61.838190451825,-17.8195387332678));
#4208=CARTESIAN_POINT('Ctrl Pts',(162.883289211432,61.8355995339704,-17.8199312239892));
#4209=CARTESIAN_POINT('Ctrl Pts',(162.806807457088,61.8167829308046,-17.8227816972831));
#4210=CARTESIAN_POINT('Ctrl Pts',(162.730741750841,61.7947481570397,-17.8256297440076));
#4211=CARTESIAN_POINT('Ctrl Pts',(162.655520682354,61.7694945853001,-17.8284495239167));
#4212=CARTESIAN_POINT('Ctrl Pts',(162.577605460825,61.7433365197995,-17.8313702983846));
#4213=CARTESIAN_POINT('Ctrl Pts',(162.50059734086,61.7137246083176,-17.8342606833195));
#4214=CARTESIAN_POINT('Ctrl Pts',(162.424960871637,61.6807165107999,-17.8370921033417));
#4215=CARTESIAN_POINT('Ctrl Pts',(162.353807527797,61.6496648694909,-17.8397556994146));
#4216=CARTESIAN_POINT('Ctrl Pts',(162.283868529129,61.6156082357839,-17.842367070716));
#4217=CARTESIAN_POINT('Ctrl Pts',(162.215510940691,61.5786424695654,-17.8449033004455));
#4218=CARTESIAN_POINT('Ctrl Pts',(162.211203966159,61.5763133848609,-17.8450630994832));
#4219=CARTESIAN_POINT('Ctrl Pts',(162.206903261371,61.5739727666128,-17.8452226006444));
#4220=CARTESIAN_POINT('Ctrl Pts',(162.202608914695,61.5716206449192,-17.8453817983784));
#4221=CARTESIAN_POINT('Ctrl Pts',(162.158156720583,61.5472730600608,-17.8470297064561));
#4222=CARTESIAN_POINT('Ctrl Pts',(162.114386249771,61.5216922924163,-17.848645083041));
#4223=CARTESIAN_POINT('Ctrl Pts',(162.07138433861,61.4949598826042,-17.8502254353914));
#4224=CARTESIAN_POINT('Ctrl Pts',(162.061657564268,61.4889131718687,-17.8505829016128));
#4225=CARTESIAN_POINT('Ctrl Pts',(162.051970089546,61.4828075671331,-17.8509385768263));
#4226=CARTESIAN_POINT('Ctrl Pts',(162.042322878249,61.47664406056,-17.8512924339029));
#4227=CARTESIAN_POINT('Ctrl Pts',(162.032348331351,61.4702714225524,-17.85165829756));
#4228=CARTESIAN_POINT('Ctrl Pts',(162.02241053266,61.4638329043772,-17.8520224486153));
#4229=CARTESIAN_POINT('Ctrl Pts',(162.012504239581,61.4573250323919,-17.8523850862397));
#4230=CARTESIAN_POINT('Ctrl Pts',(161.942416514418,61.4112813771618,-17.8549507731165));
#4231=CARTESIAN_POINT('Ctrl Pts',(161.874007873051,61.3618260814202,-17.8574369349422));
#4232=CARTESIAN_POINT('Ctrl Pts',(161.80768657017,61.3092089383578,-17.8598312054059));
#4233=CARTESIAN_POINT('Ctrl Pts',(161.741202596787,61.2564627378637,-17.8622313484498));
#4234=CARTESIAN_POINT('Ctrl Pts',(161.676816846159,61.2005396007694,-17.8645391318434));
#4235=CARTESIAN_POINT('Ctrl Pts',(161.614915024473,61.1417370888846,-17.8667432919789));
#4236=CARTESIAN_POINT('Ctrl Pts',(161.554707403051,61.0845439517881,-17.8688871261243));
#4237=CARTESIAN_POINT('Ctrl Pts',(161.496850010689,61.0246275029083,-17.8709329232678));
#4238=CARTESIAN_POINT('Ctrl Pts',(161.44166618209,60.9622968623774,-17.8728716232548));
#4239=CARTESIAN_POINT('Ctrl Pts',(161.414074267791,60.931131542112,-17.8738409732483));
#4240=CARTESIAN_POINT('Ctrl Pts',(161.387150206993,60.8993631777312,-17.8747835703731));
#4241=CARTESIAN_POINT('Ctrl Pts',(161.36093086835,60.8670331563517,-17.8756984189102));
#4242=CARTESIAN_POINT('Ctrl Pts',(161.346901663529,60.8497343030893,-17.8761879277297));
#4243=CARTESIAN_POINT('Ctrl Pts',(161.333074178314,60.8322746758572,-17.876669493726));
#4244=CARTESIAN_POINT('Ctrl Pts',(161.319453750334,60.814660802138,-17.8771429759063));
#4245=CARTESIAN_POINT('Ctrl Pts',(161.312377944405,60.805510403026,-17.8773889496762));
#4246=CARTESIAN_POINT('Ctrl Pts',(161.305358015375,60.7963183779588,-17.8776327419227));
#4247=CARTESIAN_POINT('Ctrl Pts',(161.298394687355,60.78708565494,-17.8778743337651));
#4248=CARTESIAN_POINT('Ctrl Pts',(161.293711202104,60.7808757906393,-17.8780368267323));
#4249=CARTESIAN_POINT('Ctrl Pts',(161.289051128957,60.7746446209824,-17.878198400394));
#4250=CARTESIAN_POINT('Ctrl Pts',(161.284413068846,60.7683900650826,-17.8783591047467));
#4251=CARTESIAN_POINT('Ctrl Pts',(161.233298719267,60.6994609117147,-17.8801301681374));
#4252=CARTESIAN_POINT('Ctrl Pts',(161.184926236584,60.6277749650375,-17.8817932550467));
#4253=CARTESIAN_POINT('Ctrl Pts',(161.139630296293,60.5537321006467,-17.8833405314992));
#4254=CARTESIAN_POINT('Ctrl Pts',(161.093611075402,60.4785069279314,-17.8849125146922));
#4255=CARTESIAN_POINT('Ctrl Pts',(161.050767998485,60.4008495782252,-17.8863649478637));
#4256=CARTESIAN_POINT('Ctrl Pts',(161.011416055714,60.3212190941243,-17.8876911141866));
#4257=CARTESIAN_POINT('Ctrl Pts',(160.972130326689,60.2417225966158,-17.8890150490964));
#4258=CARTESIAN_POINT('Ctrl Pts',(160.936324446539,60.1602603666268,-17.8902131351575));
#4259=CARTESIAN_POINT('Ctrl Pts',(160.90426871189,60.0773177985527,-17.8912803010853));
#4260=CARTESIAN_POINT('Ctrl Pts',(160.876386786297,60.0051747471804,-17.8922085169356));
#4261=CARTESIAN_POINT('Ctrl Pts',(160.85134152116,59.9319125021282,-17.8930377083493));
#4262=CARTESIAN_POINT('Ctrl Pts',(160.829280262936,59.8578613021899,-17.8937655873145));
#4263=CARTESIAN_POINT('Ctrl Pts',(160.816649022022,59.8154630610345,-17.8941823366438));
#4264=CARTESIAN_POINT('Ctrl Pts',(160.804995446902,59.7728063362324,-17.894565892254));
#4265=CARTESIAN_POINT('Ctrl Pts',(160.794342569396,59.729953818926,-17.8949159745817));
#4266=CARTESIAN_POINT('Ctrl Pts',(160.790015881846,59.712549183136,-17.8950581612208));
#4267=CARTESIAN_POINT('Ctrl Pts',(160.785854478314,59.6951137934429,-17.8951948192456));
#4268=CARTESIAN_POINT('Ctrl Pts',(160.781855422262,59.6776316596063,-17.8953260765771));
#4269=CARTESIAN_POINT('Ctrl Pts',(160.778503665526,59.6629792368617,-17.8954360881997));
#4270=CARTESIAN_POINT('Ctrl Pts',(160.775266788384,59.6482972195719,-17.8955422785316));
#4271=CARTESIAN_POINT('Ctrl Pts',(160.772146076344,59.6335882926328,-17.8956446238419));
#4272=CARTESIAN_POINT('',(162.528691136216,59.3112171744372,-20.2912885475809));
#4273=CARTESIAN_POINT('Origin',(160.076510093941,59.7978465363823,-20.2912885475809));
#4274=CARTESIAN_POINT('Ctrl Pts',(162.528691136216,58.7272619401029,-20.2912885475808));
#4275=CARTESIAN_POINT('Ctrl Pts',(162.567335663001,58.5325277473498,-20.2618351716478));
#4276=CARTESIAN_POINT('Ctrl Pts',(162.645596606027,58.3487158563838,-20.2026336484865));
#4277=CARTESIAN_POINT('Ctrl Pts',(162.749458071698,58.1912906128658,-20.1259876037624));
#4278=CARTESIAN_POINT('Ctrl Pts',(162.853319537368,58.0338653693478,-20.0493415590382));
#4279=CARTESIAN_POINT('Ctrl Pts',(162.982781525683,57.9028267732777,-19.9552509927512));
#4280=CARTESIAN_POINT('Ctrl Pts',(163.130213251292,57.7979904644844,-19.8526111083543));
#4281=CARTESIAN_POINT('Ctrl Pts',(163.425076702511,57.5883178468977,-19.6473313395605));
#4282=CARTESIAN_POINT('Ctrl Pts',(163.791819102908,57.4834543784178,-19.4078542983271));
#4283=CARTESIAN_POINT('Ctrl Pts',(164.179437197719,57.5310944048268,-19.1808351807884));
#4284=CARTESIAN_POINT('Ctrl Pts',(164.324793983273,57.5489594147302,-19.0957030117113));
#4285=CARTESIAN_POINT('Ctrl Pts',(164.473086413354,57.5882702286023,-19.0123227381539));
#4286=CARTESIAN_POINT('Ctrl Pts',(164.620065284797,57.6548324647938,-18.9333740217116));
#4287=CARTESIAN_POINT('Ctrl Pts',(164.865030070533,57.765769525113,-18.8017928276412));
#4288=CARTESIAN_POINT('Ctrl Pts',(165.106346082273,57.9524049807639,-18.6825215144464));
#4289=CARTESIAN_POINT('Ctrl Pts',(165.275241622096,58.2311706765815,-18.6026663261434));
#4290=CARTESIAN_POINT('Ctrl Pts',(165.410358053954,58.4541832332356,-18.5387821755011));
#4291=CARTESIAN_POINT('Ctrl Pts',(165.499125383784,58.7361591435963,-18.5001243447895));
#4292=CARTESIAN_POINT('Ctrl Pts',(165.499565214234,59.0184366430612,-18.5000096288285));
#4293=CARTESIAN_POINT('Ctrl Pts',(165.500005044684,59.300714142526,-18.4998949128676));
#4294=CARTESIAN_POINT('Ctrl Pts',(165.412117375754,59.5832932310949,-18.5383233116574));
#4295=CARTESIAN_POINT('Ctrl Pts',(165.276561528322,59.8068350365692,-18.6022897674682));
#4296=CARTESIAN_POINT('Ctrl Pts',(165.141005680889,60.0303768420435,-18.6662562232791));
#4297=CARTESIAN_POINT('Ctrl Pts',(164.957781654955,60.1948813644231,-18.7557607361111));
#4298=CARTESIAN_POINT('Ctrl Pts',(164.766096351747,60.3082061518195,-18.8559076093916));
#4299=CARTESIAN_POINT('Ctrl Pts',(164.574411048538,60.421530939216,-18.9560544826722));
#4300=CARTESIAN_POINT('Ctrl Pts',(164.374264468055,60.4836759916293,-19.0668437164014));
#4301=CARTESIAN_POINT('Ctrl Pts',(164.179846199401,60.5075838752666,-19.1805779457787));
#4302=CARTESIAN_POINT('Ctrl Pts',(163.791009662093,60.5553996425412,-19.4080464045333));
#4303=CARTESIAN_POINT('Ctrl Pts',(163.425086372099,60.4502667347119,-19.6472948458804));
#4304=CARTESIAN_POINT('Ctrl Pts',(163.130250776329,60.2405669961249,-19.8525712117978));
#4305=CARTESIAN_POINT('Ctrl Pts',(162.982832978445,60.1357171268313,-19.9552093947565));
#4306=CARTESIAN_POINT('Ctrl Pts',(162.853187104116,60.0047255498484,-20.0493545588577));
#4307=CARTESIAN_POINT('Ctrl Pts',(162.749312775255,59.8472841099381,-20.1260110030806));
#4308=CARTESIAN_POINT('Ctrl Pts',(162.645438446394,59.6898426700279,-20.2026674473034));
#4309=CARTESIAN_POINT('Ctrl Pts',(162.567335663001,59.5059513671903,-20.2618351716478));
#4310=CARTESIAN_POINT('Ctrl Pts',(162.528691136216,59.3112171744372,-20.2912885475809));
#4311=CARTESIAN_POINT('Origin',(160.076510093942,58.2406325781575,-20.2912885475809));
#4312=CARTESIAN_POINT('',(159.818810799683,58.294521630301,-17.8051897877168));
#4313=CARTESIAN_POINT('Origin',(160.076510093942,58.2406325781575,-20.2912885475809));
#4314=CARTESIAN_POINT('Origin',(160.076510093942,58.2406325781575,-20.2912885475809));
#4315=CARTESIAN_POINT('Origin',(160.076510093941,59.7978465363823,-20.2912885475809));
#4316=CARTESIAN_POINT('',(159.818810799683,59.7439574842388,-17.8051897877168));
#4317=CARTESIAN_POINT('Origin',(160.076510093941,59.7978465363823,-20.2912885475809));
#4318=CARTESIAN_POINT('Origin',(160.076510093941,59.7978465363823,-20.2912885475809));
#4319=CARTESIAN_POINT('Ctrl Pts',(159.79780352841,59.025213615764,-17.8152816189692));
#4320=CARTESIAN_POINT('Ctrl Pts',(159.797688074958,58.7817381295495,-17.8153377462963));
#4321=CARTESIAN_POINT('Ctrl Pts',(159.804640575317,58.537064351986,-17.81191601053));
#4322=CARTESIAN_POINT('Ctrl Pts',(159.818810799683,58.294521630301,-17.8051897877168));
#4323=CARTESIAN_POINT('Ctrl Pts',(160.581780318959,59.0239283965544,-17.7516649491866));
#4324=CARTESIAN_POINT('Ctrl Pts',(160.581714349002,58.8331590986927,-17.7517970523109));
#4325=CARTESIAN_POINT('Ctrl Pts',(160.585933176164,58.6404710528338,-17.7441454199148));
#4326=CARTESIAN_POINT('Ctrl Pts',(160.59355152439,58.4515159450649,-17.7282862204641));
#4327=CARTESIAN_POINT('Ctrl Pts',(161.992174049772,59.021842649583,-18.3382402057969));
#4328=CARTESIAN_POINT('Ctrl Pts',(161.992102791805,58.9156847301601,-18.3384241324974));
#4329=CARTESIAN_POINT('Ctrl Pts',(161.996661532893,58.8092523410668,-18.3272384580228));
#4330=CARTESIAN_POINT('Ctrl Pts',(162.004307224889,58.7071168784822,-18.3049051409043));
#4331=CARTESIAN_POINT('Ctrl Pts',(162.500001405949,59.0214687712948,-19.7171750564268));
#4332=CARTESIAN_POINT('Ctrl Pts',(162.499866812775,58.9307374878049,-19.7172891088489));
#4333=CARTESIAN_POINT('Ctrl Pts',(162.50803809915,58.8391749377617,-19.7103871703888));
#4334=CARTESIAN_POINT('Ctrl Pts',(162.523890593965,58.7514524218562,-19.6961347080895));
#4335=CARTESIAN_POINT('Ctrl Pts',(162.500001713274,59.021659283232,-20.3070910718756));
#4336=CARTESIAN_POINT('Ctrl Pts',(162.499842629041,58.9230423145697,-20.3071760003881));
#4337=CARTESIAN_POINT('Ctrl Pts',(162.509511605124,58.823909792088,-20.3021766243013));
#4338=CARTESIAN_POINT('Ctrl Pts',(162.528691136216,58.7272619401029,-20.2912885475808));
#4339=CARTESIAN_POINT('',(162.500001713274,59.0216592832321,-20.3070910718756));
#4340=CARTESIAN_POINT('Ctrl Pts',(162.528691136216,58.7272619401029,-20.2912885475808));
#4341=CARTESIAN_POINT('Ctrl Pts',(162.509511605124,58.823909792088,-20.3021766243013));
#4342=CARTESIAN_POINT('Ctrl Pts',(162.499842629041,58.9230423145697,-20.3071760003881));
#4343=CARTESIAN_POINT('Ctrl Pts',(162.500001713274,59.021659283232,-20.3070910718756));
#4344=CARTESIAN_POINT('',(159.79780352841,59.025213615764,-17.8152816189691));
#4345=CARTESIAN_POINT('Origin',(160.000004966095,59.0256921598353,-20.3070910718756));
#4346=CARTESIAN_POINT('Ctrl Pts',(159.818810799683,58.294521630301,-17.8051897877168));
#4347=CARTESIAN_POINT('Ctrl Pts',(159.804640575317,58.537064351986,-17.81191601053));
#4348=CARTESIAN_POINT('Ctrl Pts',(159.797688074958,58.7817381295495,-17.8153377462963));
#4349=CARTESIAN_POINT('Ctrl Pts',(159.79780352841,59.025213615764,-17.8152816189692));
#4350=CARTESIAN_POINT('Ctrl Pts',(159.818810799683,59.7439574842388,-17.8051897877168));
#4351=CARTESIAN_POINT('Ctrl Pts',(159.804871209794,59.5053623862797,-17.8118065345722));
#4352=CARTESIAN_POINT('Ctrl Pts',(159.797917102742,59.2647262965833,-17.81522640517));
#4353=CARTESIAN_POINT('Ctrl Pts',(159.79780352841,59.025213615764,-17.8152816189692));
#4354=CARTESIAN_POINT('Ctrl Pts',(160.59355152439,59.586963169475,-17.7282862204641));
#4355=CARTESIAN_POINT('Ctrl Pts',(160.586057172349,59.4010834937839,-17.74388729569));
#4356=CARTESIAN_POINT('Ctrl Pts',(160.58184521519,59.2115927345924,-17.7515349961719));
#4357=CARTESIAN_POINT('Ctrl Pts',(160.581780318959,59.0239283965544,-17.7516649491866));
#4358=CARTESIAN_POINT('Ctrl Pts',(162.004307009046,59.3313622930219,-18.3049054753832));
#4359=CARTESIAN_POINT('Ctrl Pts',(161.996785758282,59.230889186547,-18.3268752955808));
#4360=CARTESIAN_POINT('Ctrl Pts',(161.992243930139,59.1262727438706,-18.3380595931861));
#4361=CARTESIAN_POINT('Ctrl Pts',(161.992173831966,59.0218426500379,-18.3382405262969));
#4362=CARTESIAN_POINT('Ctrl Pts',(162.523890593965,59.2870266926839,-19.6961347080896));
#4363=CARTESIAN_POINT('Ctrl Pts',(162.50829611425,59.2007319478636,-19.7101551974072));
#4364=CARTESIAN_POINT('Ctrl Pts',(162.500133808486,59.1107233130184,-19.7170628603211));
#4365=CARTESIAN_POINT('Ctrl Pts',(162.500001405949,59.0214687712948,-19.7171750564268));
#4366=CARTESIAN_POINT('Ctrl Pts',(162.528691136216,59.3112171744372,-20.2912885475809));
#4367=CARTESIAN_POINT('Ctrl Pts',(162.509823771044,59.216142362248,-20.301999410037));
#4368=CARTESIAN_POINT('Ctrl Pts',(162.500158208253,59.1186711627686,-20.307007525659));
#4369=CARTESIAN_POINT('Ctrl Pts',(162.500001713274,59.0216592832321,-20.3070910718756));
#4370=CARTESIAN_POINT('Ctrl Pts',(159.79780352841,59.025213615764,-17.8152816189692));
#4371=CARTESIAN_POINT('Ctrl Pts',(159.797917102742,59.2647262965833,-17.81522640517));
#4372=CARTESIAN_POINT('Ctrl Pts',(159.804871209794,59.5053623862797,-17.8118065345722));
#4373=CARTESIAN_POINT('Ctrl Pts',(159.818810799683,59.7439574842388,-17.8051897877168));
#4374=CARTESIAN_POINT('Ctrl Pts',(162.500001713274,59.0216592832321,-20.3070910718756));
#4375=CARTESIAN_POINT('Ctrl Pts',(162.500158208253,59.1186711627686,-20.307007525659));
#4376=CARTESIAN_POINT('Ctrl Pts',(162.509823771044,59.216142362248,-20.301999410037));
#4377=CARTESIAN_POINT('Ctrl Pts',(162.528691136216,59.3112171744372,-20.2912885475809));
#4378=CARTESIAN_POINT('Ctrl Pts',(160.772146076344,59.6335882926328,-17.8956446238419));
#4379=CARTESIAN_POINT('Ctrl Pts',(160.873845028881,60.184298408646,-17.8874158442981));
#4380=CARTESIAN_POINT('Ctrl Pts',(161.35118845256,61.1890240734971,-17.8484229451359));
#4381=CARTESIAN_POINT('Ctrl Pts',(162.541273151189,62.0927927600971,-17.7465165410623));
#4382=CARTESIAN_POINT('Ctrl Pts',(163.886910877968,62.3788847472898,-17.6369504088209));
#4383=CARTESIAN_POINT('Ctrl Pts',(165.627461988542,62.0157774939717,-17.5111359735928));
#4384=CARTESIAN_POINT('Ctrl Pts',(167.209805879631,60.3737558688655,-17.4249232890214));
#4385=CARTESIAN_POINT('Ctrl Pts',(167.204119099002,57.6718270284102,-17.425117772431));
#4386=CARTESIAN_POINT('Ctrl Pts',(165.63929638765,56.0272196613242,-17.5102390382949));
#4387=CARTESIAN_POINT('Ctrl Pts',(163.896369375003,55.6595538517024,-17.6360907273479));
#4388=CARTESIAN_POINT('Ctrl Pts',(162.545452528404,55.943827449865,-17.7460695059956));
#4389=CARTESIAN_POINT('Ctrl Pts',(161.357015438333,56.8444881370182,-17.8478924304252));
#4390=CARTESIAN_POINT('Ctrl Pts',(160.874453159846,57.8508876152016,-17.8873666385245));
#4391=CARTESIAN_POINT('Ctrl Pts',(160.772146076344,58.4048908219071,-17.8956446238419));
#4392=CARTESIAN_POINT('Ctrl Pts',(160.547971910122,59.6579938734375,-17.8288765901601));
#4393=CARTESIAN_POINT('Ctrl Pts',(160.647877961177,60.231746437635,-17.814861672412));
#4394=CARTESIAN_POINT('Ctrl Pts',(161.117935126605,61.2922928281484,-17.7484974549269));
#4395=CARTESIAN_POINT('Ctrl Pts',(162.353353542338,62.289231503751,-17.5715818059307));
#4396=CARTESIAN_POINT('Ctrl Pts',(163.794942903346,62.6212775359001,-17.3781269093598));
#4397=CARTESIAN_POINT('Ctrl Pts',(165.677994239593,62.2349365860896,-17.1528655347549));
#4398=CARTESIAN_POINT('Ctrl Pts',(167.366474138364,60.4590942349593,-16.9954360199344));
#4399=CARTESIAN_POINT('Ctrl Pts',(167.360174308431,57.5862003294749,-16.9958607378749));
#4400=CARTESIAN_POINT('Ctrl Pts',(165.691686129768,55.8088650438046,-17.1512221277863));
#4401=CARTESIAN_POINT('Ctrl Pts',(163.805653255989,55.4172514335358,-17.3765566737289));
#4402=CARTESIAN_POINT('Ctrl Pts',(162.358103086615,55.7470825453077,-17.5707959326064));
#4403=CARTESIAN_POINT('Ctrl Pts',(161.12404600089,56.7408047601888,-17.747568142829));
#4404=CARTESIAN_POINT('Ctrl Pts',(160.648475371098,57.8033017988914,-17.8147778671688));
#4405=CARTESIAN_POINT('Ctrl Pts',(160.547971910122,58.3804852411024,-17.8288765901601));
#4406=CARTESIAN_POINT('Ctrl Pts',(160.081057044133,59.7111930576879,-17.7593969570381));
#4407=CARTESIAN_POINT('Ctrl Pts',(160.175988617597,60.3354337993759,-17.7365665155846));
#4408=CARTESIAN_POINT('Ctrl Pts',(160.624387538751,61.5196705774975,-17.628217562549));
#4409=CARTESIAN_POINT('Ctrl Pts',(161.947827775824,62.7484837066436,-17.3203728110106));
#4410=CARTESIAN_POINT('Ctrl Pts',(163.612463686213,63.226185434333,-16.9656485114848));
#4411=CARTESIAN_POINT('Ctrl Pts',(165.867684612156,62.8421953482696,-16.5364688179832));
#4412=CARTESIAN_POINT('Ctrl Pts',(167.925540700834,60.740118469642,-16.2213503680207));
#4413=CARTESIAN_POINT('Ctrl Pts',(167.916850604123,57.3065038302971,-16.2223035699162));
#4414=CARTESIAN_POINT('Ctrl Pts',(165.885187561036,55.2025258044613,-16.5331387220389));
#4415=CARTESIAN_POINT('Ctrl Pts',(163.625649382849,54.8117753627946,-16.9627393014605));
#4416=CARTESIAN_POINT('Ctrl Pts',(161.953477125287,55.2869822737494,-17.3189122425946));
#4417=CARTESIAN_POINT('Ctrl Pts',(160.630912173726,56.5122906594058,-17.6266226498751));
#4418=CARTESIAN_POINT('Ctrl Pts',(160.176556281549,57.6993125321327,-17.7364299960036));
#4419=CARTESIAN_POINT('Ctrl Pts',(160.081057044133,58.327286056852,-17.7593969570381));
#4420=CARTESIAN_POINT('Ctrl Pts',(159.613902458159,59.7689607042409,-17.8234013047119));
#4421=CARTESIAN_POINT('Ctrl Pts',(159.703278599229,60.4482561847247,-17.7981409366927));
#4422=CARTESIAN_POINT('Ctrl Pts',(160.127088165073,61.7688907189635,-17.6781218797676));
#4423=CARTESIAN_POINT('Ctrl Pts',(161.543183789412,63.2785597208714,-17.2989250507272));
#4424=CARTESIAN_POINT('Ctrl Pts',(163.470409691566,63.9616911088881,-16.8347228294963));
#4425=CARTESIAN_POINT('Ctrl Pts',(166.198236716768,63.6381855367843,-16.2576926482657));
#4426=CARTESIAN_POINT('Ctrl Pts',(168.809187046472,61.148926584255,-15.8353026533035));
#4427=CARTESIAN_POINT('Ctrl Pts',(168.797394510857,56.9011883807898,-15.8369095520073));
#4428=CARTESIAN_POINT('Ctrl Pts',(166.21954078952,54.4068467578579,-16.2527872998201));
#4429=CARTESIAN_POINT('Ctrl Pts',(163.485639167983,54.0749470172404,-16.8305095988173));
#4430=CARTESIAN_POINT('Ctrl Pts',(161.549452345954,54.7558515087976,-17.2969152040301));
#4431=CARTESIAN_POINT('Ctrl Pts',(160.133779921946,56.2616263475145,-17.6760932308055));
#4432=CARTESIAN_POINT('Ctrl Pts',(159.703813043267,57.5861609350214,-17.7979898868383));
#4433=CARTESIAN_POINT('Ctrl Pts',(159.613902458159,58.2695184102989,-17.8234013047119));
#4434=CARTESIAN_POINT('Ctrl Pts',(159.389493200629,59.7978465363823,-17.8875398526663));
#4435=CARTESIAN_POINT('Ctrl Pts',(159.476505084032,60.5046734741924,-17.86267093274));
#4436=CARTESIAN_POINT('Ctrl Pts',(159.889903831653,61.8934984913431,-17.7441552992197));
#4437=CARTESIAN_POINT('Ctrl Pts',(161.355799323634,63.5436606701048,-17.34612776899));
#4438=CARTESIAN_POINT('Ctrl Pts',(163.416741795145,64.3296399577595,-16.845439559189));
#4439=CARTESIAN_POINT('Ctrl Pts',(166.382666920613,64.0366134933931,-16.2191469076708));
#4440=CARTESIAN_POINT('Ctrl Pts',(169.270040231296,61.3537606070348,-15.7685865132075));
#4441=CARTESIAN_POINT('Ctrl Pts',(169.256651200538,56.6981207079403,-15.7702906578446));
#4442=CARTESIAN_POINT('Ctrl Pts',(166.40587784569,54.0085504216979,-16.213590456374));
#4443=CARTESIAN_POINT('Ctrl Pts',(163.433048475761,53.7063237439359,-16.8407877503356));
#4444=CARTESIAN_POINT('Ctrl Pts',(161.362385426676,54.4902196163604,-17.3438720690505));
#4445=CARTESIAN_POINT('Ctrl Pts',(159.896709637208,56.1362927698291,-17.7420166145339));
#4446=CARTESIAN_POINT('Ctrl Pts',(159.477025390478,57.5295790152278,-17.8625222236345));
#4447=CARTESIAN_POINT('Ctrl Pts',(159.389493200629,58.2406325781575,-17.8875398526663));
#4448=CARTESIAN_POINT('Ctrl Pts',(160.772146076344,58.4048908219071,-17.8956446238419));
#4449=CARTESIAN_POINT('Ctrl Pts',(160.830582782392,58.0422666242404,-17.8877497366917));
#4450=CARTESIAN_POINT('Ctrl Pts',(161.051339984243,57.3179902590107,-17.857925056975));
#4451=CARTESIAN_POINT('Ctrl Pts',(161.785978189241,56.2711539775844,-17.7400236817169));
#4452=CARTESIAN_POINT('Ctrl Pts',(163.020637801061,55.5207409961865,-17.5219633254987));
#4453=CARTESIAN_POINT('Ctrl Pts',(164.717327784496,55.4001772285864,-17.2381070386168));
#4454=CARTESIAN_POINT('Ctrl Pts',(166.169712193501,56.1411144120013,-17.032921693499));
#4455=CARTESIAN_POINT('Ctrl Pts',(167.281166706811,57.6372411010875,-16.8961000855308));
#4456=CARTESIAN_POINT('Ctrl Pts',(167.54260819029,59.2350572343665,-16.867615840496));
#4457=CARTESIAN_POINT('Ctrl Pts',(166.807197125111,61.435896890803,-16.9514606672141));
#4458=CARTESIAN_POINT('Ctrl Pts',(165.055334143343,62.6715518036393,-17.1799622305016));
#4459=CARTESIAN_POINT('Ctrl Pts',(163.021127270779,62.5159903815052,-17.5219738810672));
#4460=CARTESIAN_POINT('Ctrl Pts',(161.784834577084,61.7699777121316,-17.7399361025162));
#4461=CARTESIAN_POINT('Ctrl Pts',(161.051460810902,60.7200115611548,-17.8579292539469));
#4462=CARTESIAN_POINT('Ctrl Pts',(160.830584794436,59.9962249758797,-17.8877494648614));
#4463=CARTESIAN_POINT('Ctrl Pts',(160.772146076344,59.6335882926328,-17.8956446238419));
#4464=CARTESIAN_POINT('',(160.231914017423,55.8901499154145,-17.6520720733245));
#4465=CARTESIAN_POINT('Ctrl Pts',(160.231914017413,55.8901499154452,-17.6520720733273));
#4466=CARTESIAN_POINT('Ctrl Pts',(160.229634341744,55.8977246363766,-17.6526949636503));
#4467=CARTESIAN_POINT('Ctrl Pts',(160.227364250721,55.9053021597549,-17.6533187088362));
#4468=CARTESIAN_POINT('Ctrl Pts',(160.058104574764,56.4728907089924,-17.7000808769844));
#4469=CARTESIAN_POINT('Ctrl Pts',(159.945264121592,57.0401668027616,-17.7481874469122));
#4470=CARTESIAN_POINT('Ctrl Pts',(159.854118588899,57.8222755178028,-17.7886291251644));
#4471=CARTESIAN_POINT('Ctrl Pts',(159.836494414253,58.0185854701452,-17.7968362427686));
#4472=CARTESIAN_POINT('Ctrl Pts',(159.821985839084,58.241665997501,-17.8036846167528));
#4473=CARTESIAN_POINT('Ctrl Pts',(159.820355059072,58.268089524111,-17.8044567694905));
#4474=CARTESIAN_POINT('Ctrl Pts',(159.818810799683,58.294521630301,-17.8051897877168));
#4475=CARTESIAN_POINT('',(160.231914017562,62.1483291995462,-17.6520720732863));
#4476=CARTESIAN_POINT('Ctrl Pts',(160.232251662066,55.8901543741673,-17.6518330916877));
#4477=CARTESIAN_POINT('Ctrl Pts',(160.559569872771,55.3997349106987,-17.5622574199902));
#4478=CARTESIAN_POINT('Ctrl Pts',(161.48332284435,54.444436048349,-17.3144893462532));
#4479=CARTESIAN_POINT('Ctrl Pts',(163.433048475761,53.7063237439359,-16.8407877503356));
#4480=CARTESIAN_POINT('Ctrl Pts',(166.40587784569,54.0085504216979,-16.213590456374));
#4481=CARTESIAN_POINT('Ctrl Pts',(169.256651200538,56.6981207079403,-15.7702906578446));
#4482=CARTESIAN_POINT('Ctrl Pts',(169.270040231296,61.3537606070348,-15.7685865132075));
#4483=CARTESIAN_POINT('Ctrl Pts',(166.382666920613,64.0366134933931,-16.2191469076708));
#4484=CARTESIAN_POINT('Ctrl Pts',(163.416741795145,64.3296399577595,-16.845439559189));
#4485=CARTESIAN_POINT('Ctrl Pts',(161.479275164746,63.5907505112727,-17.3161303776535));
#4486=CARTESIAN_POINT('Ctrl Pts',(160.557389925681,62.636629675533,-17.5632332031475));
#4487=CARTESIAN_POINT('Ctrl Pts',(160.231754367011,62.1494216809575,-17.6522560338893));
#4488=CARTESIAN_POINT('Ctrl Pts',(159.818810799683,59.7439574842388,-17.8051897877168));
#4489=CARTESIAN_POINT('Ctrl Pts',(159.820635708163,59.7751932825105,-17.804323552946));
#4490=CARTESIAN_POINT('Ctrl Pts',(159.822581464371,59.8064174785241,-17.8034026530727));
#4491=CARTESIAN_POINT('Ctrl Pts',(159.876805896428,60.6249502552254,-17.7778352164227));
#4492=CARTESIAN_POINT('Ctrl Pts',(160.003086431769,61.3810932692482,-17.7152809516487));
#4493=CARTESIAN_POINT('Ctrl Pts',(160.227364567474,62.1331780121003,-17.6533186218031));
#4494=CARTESIAN_POINT('Ctrl Pts',(160.229634500813,62.1407550067052,-17.6526949201868));
#4495=CARTESIAN_POINT('Ctrl Pts',(160.231914017413,62.148329199095,-17.6520720733273));
#4496=CARTESIAN_POINT('Ctrl Pts',(161.145594454665,58.4930719630584,-17.9779852485286));
#4497=CARTESIAN_POINT('Ctrl Pts',(161.20547064886,58.1849423780592,-17.9763104041456));
#4498=CARTESIAN_POINT('Ctrl Pts',(161.431312298339,57.5825512952137,-17.9699786507827));
#4499=CARTESIAN_POINT('Ctrl Pts',(162.102676022927,56.8035106558004,-17.9447948757267));
#4500=CARTESIAN_POINT('Ctrl Pts',(163.098458259192,56.3124682110327,-17.8973223881129));
#4501=CARTESIAN_POINT('Ctrl Pts',(164.393366653137,56.283525963731,-17.8335872813821));
#4502=CARTESIAN_POINT('Ctrl Pts',(165.487421281776,56.8616787071092,-17.7857363871453));
#4503=CARTESIAN_POINT('Ctrl Pts',(166.319821851402,57.9905159538663,-17.753224544018));
#4504=CARTESIAN_POINT('Ctrl Pts',(166.514139279101,59.1790815548781,-17.746356961929));
#4505=CARTESIAN_POINT('Ctrl Pts',(165.965966729358,60.8235981136671,-17.7664514542919));
#4506=CARTESIAN_POINT('Ctrl Pts',(164.651199213628,61.7684403033869,-17.820519513471));
#4507=CARTESIAN_POINT('Ctrl Pts',(163.09863112344,61.7246657353476,-17.8973299386487));
#4508=CARTESIAN_POINT('Ctrl Pts',(162.102009285394,61.2367463848028,-17.9447804152011));
#4509=CARTESIAN_POINT('Ctrl Pts',(161.431352116518,60.4555606458433,-17.969980831839));
#4510=CARTESIAN_POINT('Ctrl Pts',(161.205472710468,59.853547345747,-17.9763103464787));
#4511=CARTESIAN_POINT('Ctrl Pts',(161.145594454665,59.5454071514816,-17.9779852485286));
#4512=CARTESIAN_POINT('Ctrl Pts',(161.019269107027,58.4632431729024,-17.960644644429));
#4513=CARTESIAN_POINT('Ctrl Pts',(161.078515427414,58.1366459671887,-17.9576532160524));
#4514=CARTESIAN_POINT('Ctrl Pts',(161.302113732137,57.4928218795383,-17.9463040363911));
#4515=CARTESIAN_POINT('Ctrl Pts',(161.992725061177,56.6201817021251,-17.901320822519));
#4516=CARTESIAN_POINT('Ctrl Pts',(163.06907024787,56.0302183897196,-17.8167592842211));
#4517=CARTESIAN_POINT('Ctrl Pts',(164.512010209258,55.9515794460731,-17.7037160044003));
#4518=CARTESIAN_POINT('Ctrl Pts',(165.752759417139,56.5787060098966,-17.6192281641952));
#4519=CARTESIAN_POINT('Ctrl Pts',(166.705876991273,57.8474144914261,-17.5619589849837));
#4520=CARTESIAN_POINT('Ctrl Pts',(166.930262943239,59.2020030791329,-17.5498622259498));
#4521=CARTESIAN_POINT('Ctrl Pts',(166.299176649662,61.0691779147397,-17.5852067588325));
#4522=CARTESIAN_POINT('Ctrl Pts',(164.798964639211,62.1117616916764,-17.6805674018284));
#4523=CARTESIAN_POINT('Ctrl Pts',(163.069402174589,62.0066826487838,-17.8168168157148));
#4524=CARTESIAN_POINT('Ctrl Pts',(161.991794846114,61.4204630077197,-17.9012999222572));
#4525=CARTESIAN_POINT('Ctrl Pts',(161.302194425629,60.5452282696531,-17.9463188868536));
#4526=CARTESIAN_POINT('Ctrl Pts',(161.078517467335,59.9018443924795,-17.957653113054));
#4527=CARTESIAN_POINT('Ctrl Pts',(161.019269107027,59.5752359416376,-17.960644644429));
#4528=CARTESIAN_POINT('Ctrl Pts',(160.894273775516,58.4337284350936,-17.9330847612509));
#4529=CARTESIAN_POINT('Ctrl Pts',(160.952999208825,58.0888823235677,-17.9280028298013));
#4530=CARTESIAN_POINT('Ctrl Pts',(161.174754905597,57.4042053698885,-17.9087557275323));
#4531=CARTESIAN_POINT('Ctrl Pts',(161.88597164722,56.4411181220778,-17.8324549752532));
#4532=CARTESIAN_POINT('Ctrl Pts',(163.042257993715,55.7614551245932,-17.6894575543586));
#4533=CARTESIAN_POINT('Ctrl Pts',(164.62275469541,55.6477986865373,-17.4992894638284));
#4534=CARTESIAN_POINT('Ctrl Pts',(165.989221857615,56.3284622246066,-17.3581502352474));
#4535=CARTESIAN_POINT('Ctrl Pts',(167.041341326125,57.7239158318092,-17.2628221123379));
#4536=CARTESIAN_POINT('Ctrl Pts',(167.289707382992,59.2216127167388,-17.2427583736492));
#4537=CARTESIAN_POINT('Ctrl Pts',(166.591894000118,61.2827799238274,-17.3015044691887));
#4538=CARTESIAN_POINT('Ctrl Pts',(164.937113506419,62.4232250936399,-17.4603304459734));
#4539=CARTESIAN_POINT('Ctrl Pts',(163.04269919052,62.2752920113189,-17.6895183416174));
#4540=CARTESIAN_POINT('Ctrl Pts',(161.884863492114,61.599837498708,-17.8324122505831));
#4541=CARTESIAN_POINT('Ctrl Pts',(161.174863649786,60.6338030445703,-17.9087717910159));
#4542=CARTESIAN_POINT('Ctrl Pts',(160.953001230811,59.9496086644318,-17.9280026548244));
#4543=CARTESIAN_POINT('Ctrl Pts',(160.894273775516,59.6047506794463,-17.9330847612509));
#4544=CARTESIAN_POINT('Ctrl Pts',(160.772146076344,58.4048908219071,-17.8956446238419));
#4545=CARTESIAN_POINT('Ctrl Pts',(160.830582782392,58.0422666242404,-17.8877497366917));
#4546=CARTESIAN_POINT('Ctrl Pts',(161.051339984243,57.3179902590107,-17.857925056975));
#4547=CARTESIAN_POINT('Ctrl Pts',(161.785978189241,56.2711539775844,-17.7400236817169));
#4548=CARTESIAN_POINT('Ctrl Pts',(163.020637801061,55.5207409961865,-17.5219633254987));
#4549=CARTESIAN_POINT('Ctrl Pts',(164.717327784496,55.4001772285864,-17.2381070386168));
#4550=CARTESIAN_POINT('Ctrl Pts',(166.169712193501,56.1411144120013,-17.032921693499));
#4551=CARTESIAN_POINT('Ctrl Pts',(167.281166706811,57.6372411010875,-16.8961000855308));
#4552=CARTESIAN_POINT('Ctrl Pts',(167.54260819029,59.2350572343665,-16.867615840496));
#4553=CARTESIAN_POINT('Ctrl Pts',(166.807197125111,61.435896890803,-16.9514606672141));
#4554=CARTESIAN_POINT('Ctrl Pts',(165.055334143343,62.6715518036393,-17.1799622305016));
#4555=CARTESIAN_POINT('Ctrl Pts',(163.021127270779,62.5159903815052,-17.5219738810672));
#4556=CARTESIAN_POINT('Ctrl Pts',(161.784834577084,61.7699777121316,-17.7399361025162));
#4557=CARTESIAN_POINT('Ctrl Pts',(161.051460810902,60.7200115611548,-17.8579292539469));
#4558=CARTESIAN_POINT('Ctrl Pts',(160.830584794436,59.9962249758797,-17.8877494648614));
#4559=CARTESIAN_POINT('Ctrl Pts',(160.772146076344,59.6335882926328,-17.8956446238419));
#4560=CARTESIAN_POINT('Ctrl Pts',(193.500000223517,59.0192395572701,-18.3393420715178));
#4561=CARTESIAN_POINT('Ctrl Pts',(193.500000223517,58.7923077203467,-18.3393420715178));
#4562=CARTESIAN_POINT('Ctrl Pts',(193.604993156177,58.3387200036002,-18.3814309428909));
#4563=CARTESIAN_POINT('Ctrl Pts',(194.042574870447,57.7988962001251,-18.5713138892655));
#4564=CARTESIAN_POINT('Ctrl Pts',(194.665432050122,57.5057465090012,-18.8777531272015));
#4565=CARTESIAN_POINT('Ctrl Pts',(195.271662276267,57.5091887338407,-19.2201397352393));
#4566=CARTESIAN_POINT('Ctrl Pts',(195.897274574549,57.7538525629677,-19.6100050177792));
#4567=CARTESIAN_POINT('Ctrl Pts',(196.43293214333,58.3194774622232,-19.9825665870687));
#4568=CARTESIAN_POINT('Ctrl Pts',(196.552028958937,59.1039037700246,-20.0712339874121));
#4569=CARTESIAN_POINT('Ctrl Pts',(196.346047221322,59.760260447588,-19.921557974482));
#4570=CARTESIAN_POINT('Ctrl Pts',(195.961596142374,60.2348388214739,-19.654636985522));
#4571=CARTESIAN_POINT('Ctrl Pts',(195.142016201402,60.6334859365906,-19.1281852252258));
#4572=CARTESIAN_POINT('Ctrl Pts',(194.188262806062,60.422920571279,-18.6327013916003));
#4573=CARTESIAN_POINT('Ctrl Pts',(193.604877870715,59.698043710253,-18.3824156262593));
#4574=CARTESIAN_POINT('Ctrl Pts',(193.500000223517,59.2461713941935,-18.3393420715178));
#4575=CARTESIAN_POINT('Ctrl Pts',(193.500000223517,59.0192395572701,-18.3393420715178));
#4576=CARTESIAN_POINT('Ctrl Pts',(193.500000223517,59.0192395572701,-18.7496060482766));
#4577=CARTESIAN_POINT('Ctrl Pts',(193.500000223517,58.8019158820705,-18.7496060482766));
#4578=CARTESIAN_POINT('Ctrl Pts',(193.59600822868,58.3675015332376,-18.7895122761242));
#4579=CARTESIAN_POINT('Ctrl Pts',(193.999368235556,57.8380466761524,-18.9684410917137));
#4580=CARTESIAN_POINT('Ctrl Pts',(194.588936872089,57.5249329500571,-19.255588927875));
#4581=CARTESIAN_POINT('Ctrl Pts',(195.190607587345,57.4945358240951,-19.5765162761152));
#4582=CARTESIAN_POINT('Ctrl Pts',(195.838534714175,57.7098347081873,-19.9432583460301));
#4583=CARTESIAN_POINT('Ctrl Pts',(196.422861174769,58.2764905274409,-20.2958248551914));
#4584=CARTESIAN_POINT('Ctrl Pts',(196.557229673573,59.1097699077988,-20.3801440029419));
#4585=CARTESIAN_POINT('Ctrl Pts',(196.327700840237,59.7986668534867,-20.2380890910808));
#4586=CARTESIAN_POINT('Ctrl Pts',(195.908537212504,60.2806275997845,-19.9854128710419));
#4587=CARTESIAN_POINT('Ctrl Pts',(195.048355977715,60.6414705557286,-19.4897720625494));
#4588=CARTESIAN_POINT('Ctrl Pts',(194.132445171323,60.3792696164194,-19.0263097909326));
#4589=CARTESIAN_POINT('Ctrl Pts',(193.596538157251,59.6697892307482,-18.7904076207571));
#4590=CARTESIAN_POINT('Ctrl Pts',(193.500000223517,59.2365632324697,-18.7496060482766));
#4591=CARTESIAN_POINT('Ctrl Pts',(193.500000223517,59.0192395572701,-18.7496060482766));
#4592=CARTESIAN_POINT('Ctrl Pts',(193.293680836658,59.0192395572701,-19.5684182009395));
#4593=CARTESIAN_POINT('Ctrl Pts',(193.293680836658,58.7896784262752,-19.5684182009395));
#4594=CARTESIAN_POINT('Ctrl Pts',(193.387896005371,58.3308078743281,-19.604003007293));
#4595=CARTESIAN_POINT('Ctrl Pts',(193.789229669063,57.754113714969,-19.761155931721));
#4596=CARTESIAN_POINT('Ctrl Pts',(194.399283829892,57.3787124125265,-20.0099401628767));
#4597=CARTESIAN_POINT('Ctrl Pts',(195.061507084661,57.3012082119101,-20.2881655288933));
#4598=CARTESIAN_POINT('Ctrl Pts',(195.809925883571,57.5043012463807,-20.6088752206048));
#4599=CARTESIAN_POINT('Ctrl Pts',(196.520296936696,58.1380185737139,-20.9216195171576));
#4600=CARTESIAN_POINT('Ctrl Pts',(196.688384060038,59.1274009703933,-20.9972817009468));
#4601=CARTESIAN_POINT('Ctrl Pts',(196.404118144309,59.9358567404156,-20.8704087299764));
#4602=CARTESIAN_POINT('Ctrl Pts',(195.894934039288,60.4828132089942,-20.6461072560352));
#4603=CARTESIAN_POINT('Ctrl Pts',(194.887075269863,60.8379297836751,-20.2117984922731));
#4604=CARTESIAN_POINT('Ctrl Pts',(193.919885938059,60.4779504472075,-19.8120166308595));
#4605=CARTESIAN_POINT('Ctrl Pts',(193.389424525725,59.7070134105786,-19.6047182644707));
#4606=CARTESIAN_POINT('Ctrl Pts',(193.293680836658,59.248800688265,-19.5684182009395));
#4607=CARTESIAN_POINT('Ctrl Pts',(193.293680836658,59.0192395572701,-19.5684182009395));
#4608=CARTESIAN_POINT('Ctrl Pts',(192.297563864101,59.0192395572701,-20.6652499688224));
#4609=CARTESIAN_POINT('Ctrl Pts',(192.297563864101,58.6644773399011,-20.6652499688224));
#4610=CARTESIAN_POINT('Ctrl Pts',(192.445277002844,57.9553519941946,-20.6974481408889));
#4611=CARTESIAN_POINT('Ctrl Pts',(193.070777411326,57.0787368947618,-20.83789526923));
#4612=CARTESIAN_POINT('Ctrl Pts',(194.004393023274,56.5367933362965,-21.0571343645477));
#4613=CARTESIAN_POINT('Ctrl Pts',(194.987409774447,56.4574008478579,-21.3018333490223));
#4614=CARTESIAN_POINT('Ctrl Pts',(196.070945355922,56.7946959041165,-21.5855596687271));
#4615=CARTESIAN_POINT('Ctrl Pts',(197.071001593429,57.7449294282435,-21.8652336388443));
#4616=CARTESIAN_POINT('Ctrl Pts',(197.303599011898,59.1749675860644,-21.9334965663573));
#4617=CARTESIAN_POINT('Ctrl Pts',(196.907768974146,60.3518398466612,-21.819426020099));
#4618=CARTESIAN_POINT('Ctrl Pts',(196.190880902787,61.1646375079595,-21.6186930089847));
#4619=CARTESIAN_POINT('Ctrl Pts',(194.742166536236,61.7396457721186,-21.2340120980877));
#4620=CARTESIAN_POINT('Ctrl Pts',(193.275748201607,61.2551378272364,-20.8834496330121));
#4621=CARTESIAN_POINT('Ctrl Pts',(192.446941936961,60.0815373876666,-20.6980208836127));
#4622=CARTESIAN_POINT('Ctrl Pts',(192.297563864101,59.3740017746391,-20.6652499688224));
#4623=CARTESIAN_POINT('Ctrl Pts',(192.297563864101,59.0192395572701,-20.6652499688224));
#4624=CARTESIAN_POINT('Ctrl Pts',(191.22896132173,59.0192395572701,-20.903769689801));
#4625=CARTESIAN_POINT('Ctrl Pts',(191.22896132173,58.5084433530082,-20.903769689801));
#4626=CARTESIAN_POINT('Ctrl Pts',(191.452703291499,57.4874246525874,-20.9401109899437));
#4627=CARTESIAN_POINT('Ctrl Pts',(192.389004540994,56.2598105943052,-21.1007369672411));
#4628=CARTESIAN_POINT('Ctrl Pts',(193.739173258775,55.5679639688615,-21.3556176384925));
#4629=CARTESIAN_POINT('Ctrl Pts',(195.082801152105,55.5433846559339,-21.6393308491323));
#4630=CARTESIAN_POINT('Ctrl Pts',(196.496692854034,56.0769357763409,-21.9642396081963));
#4631=CARTESIAN_POINT('Ctrl Pts',(197.735788764808,57.3753867378388,-22.2784212510036));
#4632=CARTESIAN_POINT('Ctrl Pts',(198.015329095513,59.2187081126969,-22.3540407724192));
#4633=CARTESIAN_POINT('Ctrl Pts',(197.534412368793,60.7535865352462,-22.2270395377764));
#4634=CARTESIAN_POINT('Ctrl Pts',(196.64545240782,61.8489123485577,-22.0017999930464));
#4635=CARTESIAN_POINT('Ctrl Pts',(194.781593615093,62.727983497446,-21.5624319887717));
#4636=CARTESIAN_POINT('Ctrl Pts',(192.699376644576,62.194698174211,-21.1526503937024));
#4637=CARTESIAN_POINT('Ctrl Pts',(191.453174322929,60.5475950349752,-20.9408241748708));
#4638=CARTESIAN_POINT('Ctrl Pts',(191.22896132173,59.530035761532,-20.903769689801));
#4639=CARTESIAN_POINT('Ctrl Pts',(191.22896132173,59.0192395572701,-20.903769689801));
#4640=CARTESIAN_POINT('Ctrl Pts',(190.620689870982,59.0192395572701,-20.810399265607));
#4641=CARTESIAN_POINT('Ctrl Pts',(190.620689870982,58.414087992141,-20.810399265607));
#4642=CARTESIAN_POINT('Ctrl Pts',(190.891016502197,57.2045207474836,-20.8510367965879));
#4643=CARTESIAN_POINT('Ctrl Pts',(192.017663674572,55.7649906048834,-21.0343720551564));
#4644=CARTESIAN_POINT('Ctrl Pts',(193.621341930286,54.9832580952196,-21.3302444228189));
#4645=CARTESIAN_POINT('Ctrl Pts',(195.18221055852,54.9924373614584,-21.6608245960967));
#4646=CARTESIAN_POINT('Ctrl Pts',(196.792982452948,55.6448742391302,-22.0372462482042));
#4647=CARTESIAN_POINT('Ctrl Pts',(198.172146767971,57.1532073038116,-22.3969608668285));
#4648=CARTESIAN_POINT('Ctrl Pts',(198.478786844935,59.245010791282,-22.4825707706083));
#4649=CARTESIAN_POINT('Ctrl Pts',(197.948443060733,60.9952952647843,-22.3380559995034));
#4650=CARTESIAN_POINT('Ctrl Pts',(196.958592006889,62.2608375951469,-22.0803391825764));
#4651=CARTESIAN_POINT('Ctrl Pts',(194.848409170363,63.3238965687915,-21.5720409312561));
#4652=CARTESIAN_POINT('Ctrl Pts',(192.39276824443,62.7623889279603,-21.0936427470659));
#4653=CARTESIAN_POINT('Ctrl Pts',(190.890719675261,60.8293839652244,-20.8519875253574));
#4654=CARTESIAN_POINT('Ctrl Pts',(190.620689870982,59.6243911223992,-20.810399265607));
#4655=CARTESIAN_POINT('Ctrl Pts',(190.620689870982,59.0192395572701,-20.810399265607));
#4656=CARTESIAN_POINT('',(198.239441588666,59.9472946900735,-22.4180299495125));
#4657=CARTESIAN_POINT('',(198.239441588363,58.09118442184,-22.4180299494309));
#4658=CARTESIAN_POINT('Ctrl Pts',(198.240050593026,59.9496995416765,-22.4174893935355));
#4659=CARTESIAN_POINT('Ctrl Pts',(198.241737442068,59.9348192520102,-22.4179414943929));
#4660=CARTESIAN_POINT('Ctrl Pts',(198.243384105355,59.9199342502935,-22.4183807965434));
#4661=CARTESIAN_POINT('Ctrl Pts',(198.244990265337,59.9050445782928,-22.4188074520629));
#4662=CARTESIAN_POINT('Ctrl Pts',(198.255256696648,59.8098711232308,-22.4215345960797));
#4663=CARTESIAN_POINT('Ctrl Pts',(198.263865297671,59.7145669817885,-22.4237462948981));
#4664=CARTESIAN_POINT('Ctrl Pts',(198.270726636354,59.6191352015964,-22.4254665815652));
#4665=CARTESIAN_POINT('Ctrl Pts',(198.27712153668,59.5301909371516,-22.4270699220031));
#4666=CARTESIAN_POINT('Ctrl Pts',(198.281998188713,59.4411356059807,-22.4282460316162));
#4667=CARTESIAN_POINT('Ctrl Pts',(198.285402466735,59.3519660764384,-22.4290472215694));
#4668=CARTESIAN_POINT('Ctrl Pts',(198.289670203367,59.2401796520376,-22.4300516247619));
#4669=CARTESIAN_POINT('Ctrl Pts',(198.291617028755,59.1283764806159,-22.4304666454156));
#4670=CARTESIAN_POINT('Ctrl Pts',(198.291319393155,59.0165260186418,-22.4303478713352));
#4671=CARTESIAN_POINT('Ctrl Pts',(198.291244786066,58.9884889242258,-22.4303180987258));
#4672=CARTESIAN_POINT('Ctrl Pts',(198.291029099236,58.9604488386201,-22.4302545370703));
#4673=CARTESIAN_POINT('Ctrl Pts',(198.290673423391,58.9324052440967,-22.4301575604504));
#4674=CARTESIAN_POINT('Ctrl Pts',(198.289261406765,58.821073473254,-22.4297725677627));
#4675=CARTESIAN_POINT('Ctrl Pts',(198.285646359288,58.7098398999216,-22.4288654485364));
#4676=CARTESIAN_POINT('Ctrl Pts',(198.27987931543,58.5986832288917,-22.4274244491771));
#4677=CARTESIAN_POINT('Ctrl Pts',(198.27783849917,58.5593475922703,-22.4269145146258));
#4678=CARTESIAN_POINT('Ctrl Pts',(198.275528082055,58.5200216880073,-22.4263372719105));
#4679=CARTESIAN_POINT('Ctrl Pts',(198.272949967892,58.4807049166129,-22.4256907189588));
#4680=CARTESIAN_POINT('Ctrl Pts',(198.2654221312,58.365903858306,-22.4238028487072));
#4681=CARTESIAN_POINT('Ctrl Pts',(198.255619773345,58.2513145741061,-22.4213296365183));
#4682=CARTESIAN_POINT('Ctrl Pts',(198.243576347089,58.1369499522687,-22.4181826089652));
#4683=CARTESIAN_POINT('Ctrl Pts',(198.242008190541,58.1220587056446,-22.4177728392071));
#4684=CARTESIAN_POINT('Ctrl Pts',(198.240402098657,58.1071722255092,-22.4173515909071));
#4685=CARTESIAN_POINT('Ctrl Pts',(198.238758125542,58.0922905514753,-22.4169186015248));
#4686=CARTESIAN_POINT('',(190.620689870982,59.0192395572701,-20.8103992656069));
#4687=CARTESIAN_POINT('Ctrl Pts',(198.238758124961,58.0922905489188,-22.4169186013688));
#4688=CARTESIAN_POINT('Ctrl Pts',(198.17406893184,57.8077629909221,-22.3995542180657));
#4689=CARTESIAN_POINT('Ctrl Pts',(197.820643480587,56.7687831819505,-22.3052815291389));
#4690=CARTESIAN_POINT('Ctrl Pts',(196.792982452948,55.6448742391302,-22.0372462482042));
#4691=CARTESIAN_POINT('Ctrl Pts',(195.18221055852,54.9924373614584,-21.6608245960967));
#4692=CARTESIAN_POINT('Ctrl Pts',(193.621341930286,54.9832580952196,-21.3302444228189));
#4693=CARTESIAN_POINT('Ctrl Pts',(192.017663674572,55.7649906048834,-21.0343720551564));
#4694=CARTESIAN_POINT('Ctrl Pts',(190.891016502197,57.2045207474836,-20.8510367965879));
#4695=CARTESIAN_POINT('Ctrl Pts',(190.620689870982,58.414087992141,-20.810399265607));
#4696=CARTESIAN_POINT('Ctrl Pts',(190.620689870982,59.0192395572701,-20.810399265607));
#4697=CARTESIAN_POINT('',(193.500000223517,59.0192395572701,-18.3393420715178));
#4698=CARTESIAN_POINT('Origin',(191.000000223517,59.0192395572701,-18.3393420715178));
#4699=CARTESIAN_POINT('',(196.499671410328,59.0199388515873,-20.0327954871643));
#4700=CARTESIAN_POINT('Ctrl Pts',(193.500000223517,59.0192395572701,-18.3393420715178));
#4701=CARTESIAN_POINT('Ctrl Pts',(193.500000223517,58.7923077203467,-18.3393420715178));
#4702=CARTESIAN_POINT('Ctrl Pts',(193.604993156177,58.3387200036002,-18.3814309428909));
#4703=CARTESIAN_POINT('Ctrl Pts',(194.042574870447,57.7988962001251,-18.5713138892655));
#4704=CARTESIAN_POINT('Ctrl Pts',(194.665432050122,57.5057465090012,-18.8777531272015));
#4705=CARTESIAN_POINT('Ctrl Pts',(195.271662276267,57.5091887338407,-19.2201397352393));
#4706=CARTESIAN_POINT('Ctrl Pts',(195.897274574549,57.7538525629677,-19.6100050177792));
#4707=CARTESIAN_POINT('Ctrl Pts',(196.379365757286,58.2629143079335,-19.9453099925414));
#4708=CARTESIAN_POINT('Ctrl Pts',(196.499182821185,58.7928664860386,-20.0322180585077));
#4709=CARTESIAN_POINT('Ctrl Pts',(196.499671410328,59.0199388515873,-20.0327954871643));
#4710=CARTESIAN_POINT('Ctrl Pts',(196.499671410328,59.0199388515873,-20.0327954871643));
#4711=CARTESIAN_POINT('Ctrl Pts',(196.499834275927,59.0956308254932,-20.0329879663975));
#4712=CARTESIAN_POINT('Ctrl Pts',(196.483368648553,59.3226884726184,-20.0213421784403));
#4713=CARTESIAN_POINT('Ctrl Pts',(196.346047221322,59.760260447588,-19.921557974482));
#4714=CARTESIAN_POINT('Ctrl Pts',(195.961596142374,60.2348388214739,-19.654636985522));
#4715=CARTESIAN_POINT('Ctrl Pts',(195.142016201402,60.6334859365906,-19.1281852252258));
#4716=CARTESIAN_POINT('Ctrl Pts',(194.188262806062,60.422920571279,-18.6327013916003));
#4717=CARTESIAN_POINT('Ctrl Pts',(193.604877870715,59.698043710253,-18.3824156262593));
#4718=CARTESIAN_POINT('Ctrl Pts',(193.500000223517,59.2461713941935,-18.3393420715178));
#4719=CARTESIAN_POINT('Ctrl Pts',(193.500000223517,59.0192395572701,-18.3393420715178));
#4720=CARTESIAN_POINT('Ctrl Pts',(190.620689870982,59.0192395572701,-20.810399265607));
#4721=CARTESIAN_POINT('Ctrl Pts',(190.620689870982,59.6243911223992,-20.810399265607));
#4722=CARTESIAN_POINT('Ctrl Pts',(190.890719675261,60.8293839652244,-20.8519875253574));
#4723=CARTESIAN_POINT('Ctrl Pts',(192.39276824443,62.7623889279603,-21.0936427470659));
#4724=CARTESIAN_POINT('Ctrl Pts',(194.848409170363,63.3238965687915,-21.5720409312561));
#4725=CARTESIAN_POINT('Ctrl Pts',(196.958592006889,62.2608375951469,-22.0803391825764));
#4726=CARTESIAN_POINT('Ctrl Pts',(197.880561181226,61.0820834655412,-22.3203823284541));
#4727=CARTESIAN_POINT('Ctrl Pts',(198.174519935656,60.2341189059514,-22.3997506547492));
#4728=CARTESIAN_POINT('Ctrl Pts',(198.240050593026,59.9496995416765,-22.4174893935355));
#4729=CARTESIAN_POINT('Origin',(198.890850216832,44.0192382906714,-20.0043881369915));
#4730=CARTESIAN_POINT('',(198.239441588666,71.5192382906714,-22.4180299495125));
#4731=CARTESIAN_POINT('',(198.239441588666,44.0192382906714,-22.4180299495126));
#4732=CARTESIAN_POINT('',(201.390850216832,71.5192382906714,-20.0043881369915));
#4733=CARTESIAN_POINT('Origin',(198.890850216832,71.5192382906714,-20.0043881369915));
#4734=CARTESIAN_POINT('',(199.542258844999,71.5192382906714,-17.5907463244704));
#4735=CARTESIAN_POINT('Origin',(198.890850216832,71.5192382906714,-20.0043881369915));
#4736=CARTESIAN_POINT('',(199.542258844999,44.0192382906714,-17.5907463244704));
#4737=CARTESIAN_POINT('',(199.542258844999,46.5192382906714,-17.5907463244704));
#4738=CARTESIAN_POINT('',(199.542258844999,44.0192382906714,-17.5907463244704));
#4739=CARTESIAN_POINT('',(201.390850216832,46.5192382906714,-20.0043881369915));
#4740=CARTESIAN_POINT('Origin',(198.890850216832,46.5192382906714,-20.0043881369915));
#4741=CARTESIAN_POINT('',(198.239441588666,46.5192382906714,-22.4180299495126));
#4742=CARTESIAN_POINT('Origin',(198.890850216832,46.5192382906714,-20.0043881369915));
#4743=CARTESIAN_POINT('',(198.239441588666,44.0192382906714,-22.4180299495126));
#4744=CARTESIAN_POINT('Origin',(195.000000223517,59.0192395572701,-18.0000007001029));
#4745=CARTESIAN_POINT('',(196.500000223517,59.0192395572701,-18.0000007001029));
#4746=CARTESIAN_POINT('Origin',(195.000000223517,59.0192395572701,-18.0000007001029));
#4747=CARTESIAN_POINT('',(196.500000223517,59.0192395572701,-18.0000007001029));
#4748=CARTESIAN_POINT('Ctrl Pts',(162.499999761581,59.0192395572701,-20.3132014446969));
#4749=CARTESIAN_POINT('Ctrl Pts',(162.499999761581,58.7919490779193,-20.3132014446969));
#4750=CARTESIAN_POINT('Ctrl Pts',(162.605942737317,58.3382989607549,-20.2316432059904));
#4751=CARTESIAN_POINT('Ctrl Pts',(163.111401150358,57.7118189949048,-19.8569120482033));
#4752=CARTESIAN_POINT('Ctrl Pts',(163.771062946761,57.4824008023945,-19.4193867505979));
#4753=CARTESIAN_POINT('Ctrl Pts',(164.437716174619,57.5542592020463,-19.0292386918096));
#4754=CARTESIAN_POINT('Ctrl Pts',(164.956502067913,57.7974613408606,-18.7533433468602));
#4755=CARTESIAN_POINT('Ctrl Pts',(165.394972980876,58.3373255481783,-18.5464516049578));
#4756=CARTESIAN_POINT('Ctrl Pts',(165.553083526927,59.0193920547585,-18.4768096886176));
#4757=CARTESIAN_POINT('Ctrl Pts',(165.429748795335,59.5489087158353,-18.5311863705241));
#4758=CARTESIAN_POINT('Ctrl Pts',(165.086899856863,60.1384332115035,-18.6912473734388));
#4759=CARTESIAN_POINT('Ctrl Pts',(164.284391138655,60.6700185013851,-19.0909418897536));
#4760=CARTESIAN_POINT('Ctrl Pts',(163.181862452415,60.4186617358636,-19.8017929766627));
#4761=CARTESIAN_POINT('Ctrl Pts',(162.606564708366,59.6992119892543,-20.2322073823016));
#4762=CARTESIAN_POINT('Ctrl Pts',(162.499999761581,59.246530036621,-20.3132014446969));
#4763=CARTESIAN_POINT('Ctrl Pts',(162.499999761581,59.0192395572701,-20.3132014446969));
#4764=CARTESIAN_POINT('Ctrl Pts',(162.499999761581,59.0192395572701,-20.6206561747577));
#4765=CARTESIAN_POINT('Ctrl Pts',(162.499999761581,58.7786037641766,-20.6206561747577));
#4766=CARTESIAN_POINT('Ctrl Pts',(162.618762528989,58.2985652062311,-20.5430833373368));
#4767=CARTESIAN_POINT('Ctrl Pts',(163.174754728654,57.6619569374574,-20.1876670071752));
#4768=CARTESIAN_POINT('Ctrl Pts',(163.859733780147,57.4702068761639,-19.7758140442186));
#4769=CARTESIAN_POINT('Ctrl Pts',(164.513265802147,57.5784549405165,-19.4102124816402));
#4770=CARTESIAN_POINT('Ctrl Pts',(165.003316398152,57.8397114685064,-19.1519150024092));
#4771=CARTESIAN_POINT('Ctrl Pts',(165.404293199956,58.3691393420352,-18.9575293876));
#4772=CARTESIAN_POINT('Ctrl Pts',(165.547320723174,59.019070252665,-18.8918054696527));
#4773=CARTESIAN_POINT('Ctrl Pts',(165.435864196705,59.5243949862477,-18.9430891622421));
#4774=CARTESIAN_POINT('Ctrl Pts',(165.122018612339,60.0945510397558,-19.0937849408784));
#4775=CARTESIAN_POINT('Ctrl Pts',(164.382060928029,60.6452765011793,-19.4676268779129));
#4776=CARTESIAN_POINT('Ctrl Pts',(163.255070893951,60.4712484019681,-20.1351250319892));
#4777=CARTESIAN_POINT('Ctrl Pts',(162.618451513464,59.7384891929006,-20.5437082390989));
#4778=CARTESIAN_POINT('Ctrl Pts',(162.499999761581,59.2598753503637,-20.6206561747577));
#4779=CARTESIAN_POINT('Ctrl Pts',(162.499999761581,59.0192395572701,-20.6206561747577));
#4780=CARTESIAN_POINT('Ctrl Pts',(162.385056432454,59.0192395572701,-21.2351015461965));
#4781=CARTESIAN_POINT('Ctrl Pts',(162.385056432454,58.7344509443941,-21.2351015461965));
#4782=CARTESIAN_POINT('Ctrl Pts',(162.532784890845,58.1666754386538,-21.1654381060761));
#4783=CARTESIAN_POINT('Ctrl Pts',(163.213887966716,57.4435815841312,-20.848457114215));
#4784=CARTESIAN_POINT('Ctrl Pts',(164.007891925242,57.2771327468341,-20.4876996169286));
#4785=CARTESIAN_POINT('Ctrl Pts',(164.716662010986,57.4449728102789,-20.1709330056563));
#4786=CARTESIAN_POINT('Ctrl Pts',(165.222563874796,57.760086317473,-19.9476306429906));
#4787=CARTESIAN_POINT('Ctrl Pts',(165.617096596861,58.3367076787975,-19.7781217355078));
#4788=CARTESIAN_POINT('Ctrl Pts',(165.755351788353,59.018608674569,-19.7201843179447));
#4789=CARTESIAN_POINT('Ctrl Pts',(165.647760751651,59.5498689337509,-19.765321156633));
#4790=CARTESIAN_POINT('Ctrl Pts',(165.338711947205,60.159860765944,-19.8973903348863));
#4791=CARTESIAN_POINT('Ctrl Pts',(164.600468699223,60.7999293805764,-20.2198172598331));
#4792=CARTESIAN_POINT('Ctrl Pts',(163.315488284725,60.7043299380885,-20.8010481509598));
#4793=CARTESIAN_POINT('Ctrl Pts',(162.531266253637,59.8695312496778,-21.166184354789));
#4794=CARTESIAN_POINT('Ctrl Pts',(162.385056432454,59.3040281701463,-21.2351015461965));
#4795=CARTESIAN_POINT('Ctrl Pts',(162.385056432454,59.0192395572701,-21.2351015461965));
#4796=CARTESIAN_POINT('Ctrl Pts',(161.810073716669,59.0192395572701,-22.1669244512195));
#4797=CARTESIAN_POINT('Ctrl Pts',(161.810073716669,58.6068129023846,-22.1669244512195));
#4798=CARTESIAN_POINT('Ctrl Pts',(162.015285026987,57.784301015091,-22.104082429914));
#4799=CARTESIAN_POINT('Ctrl Pts',(162.97053349841,56.7100494395355,-21.8193933367244));
#4800=CARTESIAN_POINT('Ctrl Pts',(164.119200904911,56.418485074947,-21.4997792335528));
#4801=CARTESIAN_POINT('Ctrl Pts',(165.179986876454,56.6308304899947,-21.2211549544737));
#4802=CARTESIAN_POINT('Ctrl Pts',(165.955794756889,57.0843572340002,-21.0247539089738));
#4803=CARTESIAN_POINT('Ctrl Pts',(166.574779347506,57.9609942622657,-20.874141789019));
#4804=CARTESIAN_POINT('Ctrl Pts',(166.793431578038,59.0186192599259,-20.8221435342518));
#4805=CARTESIAN_POINT('Ctrl Pts',(166.623120144186,59.841740108611,-20.8626005432418));
#4806=CARTESIAN_POINT('Ctrl Pts',(166.138776333044,60.7778763731341,-20.9804530189934));
#4807=CARTESIAN_POINT('Ctrl Pts',(164.986747642461,61.7183820153125,-21.2639043876121));
#4808=CARTESIAN_POINT('Ctrl Pts',(163.110620464316,61.4898481267197,-21.7764282887456));
#4809=CARTESIAN_POINT('Ctrl Pts',(162.01399867956,60.2512096576331,-22.1048779147333));
#4810=CARTESIAN_POINT('Ctrl Pts',(161.810073716669,59.431666212156,-22.1669244512195));
#4811=CARTESIAN_POINT('Ctrl Pts',(161.810073716669,59.0192395572701,-22.1669244512195));
#4812=CARTESIAN_POINT('Ctrl Pts',(161.132941895055,59.0192395572701,-22.5889718740313));
#4813=CARTESIAN_POINT('Ctrl Pts',(161.132941895055,58.4858732030515,-22.5889718740313));
#4814=CARTESIAN_POINT('Ctrl Pts',(161.381014557287,57.4215386603392,-22.5191080670562));
#4815=CARTESIAN_POINT('Ctrl Pts',(162.555113441994,55.9751004858912,-22.2010309362916));
#4816=CARTESIAN_POINT('Ctrl Pts',(164.048783106403,55.4841805486923,-21.8356463521542));
#4817=CARTESIAN_POINT('Ctrl Pts',(165.518706209338,55.6841061922509,-21.5121593189736));
#4818=CARTESIAN_POINT('Ctrl Pts',(166.642855873792,56.2595612308857,-21.2831661476227));
#4819=CARTESIAN_POINT('Ctrl Pts',(167.578209898109,57.4872778019698,-21.1094977579976));
#4820=CARTESIAN_POINT('Ctrl Pts',(167.913648640553,59.0192467738506,-21.0502587596994));
#4821=CARTESIAN_POINT('Ctrl Pts',(167.652080573323,60.2093812780964,-21.0964431108425));
#4822=CARTESIAN_POINT('Ctrl Pts',(166.920615250653,61.5419214573663,-21.231499873395));
#4823=CARTESIAN_POINT('Ctrl Pts',(165.200785906388,62.7803964233543,-21.5630900635496));
#4824=CARTESIAN_POINT('Ctrl Pts',(162.721499252867,62.2772031457164,-22.1537880361972));
#4825=CARTESIAN_POINT('Ctrl Pts',(161.381492863355,60.6141985954511,-22.5197609773446));
#4826=CARTESIAN_POINT('Ctrl Pts',(161.132941895055,59.5526059114893,-22.5889718740313));
#4827=CARTESIAN_POINT('Ctrl Pts',(161.132941895055,59.0192395572701,-22.5889718740313));
#4828=CARTESIAN_POINT('Ctrl Pts',(160.689654942217,59.0192395572701,-22.7161945224696));
#4829=CARTESIAN_POINT('Ctrl Pts',(160.689654942217,58.4131316123345,-22.7161945224696));
#4830=CARTESIAN_POINT('Ctrl Pts',(160.962427661353,57.2033979665627,-22.6374486368218));
#4831=CARTESIAN_POINT('Ctrl Pts',(162.263837828262,55.5327847242958,-22.2756392430964));
#4832=CARTESIAN_POINT('Ctrl Pts',(163.962277396013,54.9210028776017,-21.8532010247188));
#4833=CARTESIAN_POINT('Ctrl Pts',(165.678717890728,55.1126252766734,-21.476506347268));
#4834=CARTESIAN_POINT('Ctrl Pts',(167.014442489554,55.7611643135114,-21.2101246349031));
#4835=CARTESIAN_POINT('Ctrl Pts',(168.143379093044,57.2008021996921,-21.0103670909972));
#4836=CARTESIAN_POINT('Ctrl Pts',(168.55046831506,59.0196462172393,-20.9431266200481));
#4837=CARTESIAN_POINT('Ctrl Pts',(168.232916822227,60.4316906467774,-20.9956282439578));
#4838=CARTESIAN_POINT('Ctrl Pts',(167.350179325471,62.0037559685595,-21.1501699019445));
#4839=CARTESIAN_POINT('Ctrl Pts',(165.283949982039,63.4213167415769,-21.5360818487312));
#4840=CARTESIAN_POINT('Ctrl Pts',(162.445255433558,62.7510320335197,-22.2224208291951));
#4841=CARTESIAN_POINT('Ctrl Pts',(160.964029058076,60.8324993758948,-22.6379933587775));
#4842=CARTESIAN_POINT('Ctrl Pts',(160.689654942217,59.6253475022062,-22.7161945224696));
#4843=CARTESIAN_POINT('Ctrl Pts',(160.689654942217,59.0192395572701,-22.7161945224696));
#4844=CARTESIAN_POINT('',(161.108091318143,59.0192395572701,-22.5542130694496));
#4845=CARTESIAN_POINT('',(161.549786416252,61.535822380939,-22.4752673151123));
#4846=CARTESIAN_POINT('Ctrl Pts',(161.107794234716,59.0192395572701,-22.5536972989899));
#4847=CARTESIAN_POINT('Ctrl Pts',(161.107794247675,59.0262134192965,-22.5536972925576));
#4848=CARTESIAN_POINT('Ctrl Pts',(161.107805345797,59.0331872784473,-22.5536962481369));
#4849=CARTESIAN_POINT('Ctrl Pts',(161.107827530886,59.0401611807498,-22.5536941591734));
#4850=CARTESIAN_POINT('Ctrl Pts',(161.108156449022,59.143556886936,-22.5536631880118));
#4851=CARTESIAN_POINT('Ctrl Pts',(161.110913203417,59.2467461401936,-22.5534096897594));
#4852=CARTESIAN_POINT('Ctrl Pts',(161.115977361451,59.3498472536434,-22.5529448260049));
#4853=CARTESIAN_POINT('Ctrl Pts',(161.117472750163,59.3802918488295,-22.5528075569848));
#4854=CARTESIAN_POINT('Ctrl Pts',(161.119169490257,59.4107286838383,-22.5526515579545));
#4855=CARTESIAN_POINT('Ctrl Pts',(161.121064860277,59.4411606094777,-22.5524763631202));
#4856=CARTESIAN_POINT('Ctrl Pts',(161.127379805989,59.542552926701,-22.551892653419));
#4857=CARTESIAN_POINT('Ctrl Pts',(161.135881535065,59.6436655686649,-22.551101384652));
#4858=CARTESIAN_POINT('Ctrl Pts',(161.146487641366,59.7445799123655,-22.5500444864598));
#4859=CARTESIAN_POINT('Ctrl Pts',(161.156749596074,59.8422197431335,-22.5490218829641));
#4860=CARTESIAN_POINT('Ctrl Pts',(161.16898210693,59.9396738031148,-22.5477502826058));
#4861=CARTESIAN_POINT('Ctrl Pts',(161.183122800159,60.0369862359203,-22.5461434775533));
#4862=CARTESIAN_POINT('Ctrl Pts',(161.19818826024,60.1406626645159,-22.5444315913689));
#4863=CARTESIAN_POINT('Ctrl Pts',(161.215387761893,60.2439108721342,-22.5423403097048));
#4864=CARTESIAN_POINT('Ctrl Pts',(161.2346399056,60.3467367520353,-22.5397264131501));
#4865=CARTESIAN_POINT('Ctrl Pts',(161.253892049307,60.4495626319364,-22.5371125165953));
#4866=CARTESIAN_POINT('Ctrl Pts',(161.275197641477,60.5519660621846,-22.5339755961633));
#4867=CARTESIAN_POINT('Ctrl Pts',(161.298473750926,60.6539021854746,-22.5301426326659));
#4868=CARTESIAN_POINT('Ctrl Pts',(161.320418668977,60.750008447433,-22.5265288814061));
#4869=CARTESIAN_POINT('Ctrl Pts',(161.344113317749,60.8456995322604,-22.5222964826797));
#4870=CARTESIAN_POINT('Ctrl Pts',(161.369398204417,60.9409413033995,-22.5173316772092));
#4871=CARTESIAN_POINT('Ctrl Pts',(161.395758660715,61.0402344732192,-22.5121556786236));
#4872=CARTESIAN_POINT('Ctrl Pts',(161.423847924405,61.1390394564877,-22.5061833153706));
#4873=CARTESIAN_POINT('Ctrl Pts',(161.453497662912,61.2372652999493,-22.499262310271));
#4874=CARTESIAN_POINT('Ctrl Pts',(161.481956787541,61.3315467898224,-22.4926192248139));
#4875=CARTESIAN_POINT('Ctrl Pts',(161.511854169817,61.4252941451916,-22.4851015230823));
#4876=CARTESIAN_POINT('Ctrl Pts',(161.5430444908,61.5183839620165,-22.4765610479324));
#4877=CARTESIAN_POINT('Ctrl Pts',(161.545140305914,61.5246390770284,-22.4759871757717));
#4878=CARTESIAN_POINT('Ctrl Pts',(161.547242095558,61.5308917272696,-22.4754086450356));
#4879=CARTESIAN_POINT('Ctrl Pts',(161.549349819844,61.5371418843567,-22.4748254064669));
#4880=CARTESIAN_POINT('',(161.549786420355,56.5026567254293,-22.4752673139911));
#4881=CARTESIAN_POINT('Ctrl Pts',(161.549349819844,61.5371418843567,-22.4748254064669));
#4882=CARTESIAN_POINT('Ctrl Pts',(161.728540152032,61.7679621873893,-22.425507263027));
#4883=CARTESIAN_POINT('Ctrl Pts',(161.931688245506,61.9774042602974,-22.370477682464));
#4884=CARTESIAN_POINT('Ctrl Pts',(162.154277204718,62.1593986267917,-22.3119207928323));
#4885=CARTESIAN_POINT('Ctrl Pts',(163.053547122518,62.8946644709605,-22.0753481905243));
#4886=CARTESIAN_POINT('Ctrl Pts',(164.270130500439,63.1819293458421,-21.7812029131826));
#4887=CARTESIAN_POINT('Ctrl Pts',(165.386640038611,62.92589680542,-21.5422518016309));
#4888=CARTESIAN_POINT('Ctrl Pts',(166.317064653755,62.7125363550682,-21.3431258753378));
#4889=CARTESIAN_POINT('Ctrl Pts',(167.177993546852,62.1218860329776,-21.1823292308434));
#4890=CARTESIAN_POINT('Ctrl Pts',(167.730156462718,61.2956362932856,-21.0839827262116));
#4891=CARTESIAN_POINT('Ctrl Pts',(167.840589045891,61.1303863453472,-21.0643134252852));
#4892=CARTESIAN_POINT('Ctrl Pts',(167.938670989975,60.9557124207048,-21.0471421299534));
#4893=CARTESIAN_POINT('Ctrl Pts',(168.023573572782,60.7742768190251,-21.0323886004577));
#4894=CARTESIAN_POINT('Ctrl Pts',(168.278281321203,60.2299700139862,-20.9881280119707));
#4895=CARTESIAN_POINT('Ctrl Pts',(168.414374818132,59.6248081156127,-20.9656273160094));
#4896=CARTESIAN_POINT('Ctrl Pts',(168.414573362926,59.0190864968348,-20.965583713187));
#4897=CARTESIAN_POINT('Ctrl Pts',(168.414771907721,58.4133648780569,-20.9655401103645));
#4898=CARTESIAN_POINT('Ctrl Pts',(168.279075500382,57.8070835388745,-20.9879536006809));
#4899=CARTESIAN_POINT('Ctrl Pts',(168.023071196131,57.2640032215865,-21.0324532698234));
#4900=CARTESIAN_POINT('Ctrl Pts',(167.76706689188,56.7209229042985,-21.0769529389659));
#4901=CARTESIAN_POINT('Ctrl Pts',(167.390754690717,56.241043608905,-21.1435387869345));
#4902=CARTESIAN_POINT('Ctrl Pts',(166.93545367037,55.8713961538406,-21.2301080533918));
#4903=CARTESIAN_POINT('Ctrl Pts',(166.480152650023,55.5017486987762,-21.316677319849));
#4904=CARTESIAN_POINT('Ctrl Pts',(165.945862810493,55.242333084041,-21.423230004795));
#4905=CARTESIAN_POINT('Ctrl Pts',(165.386334976268,55.1132784571133,-21.5424574947661));
#4906=CARTESIAN_POINT('Ctrl Pts',(165.106571059156,55.0487511436495,-21.6020712397516));
#4907=CARTESIAN_POINT('Ctrl Pts',(164.82049764337,55.0168140771375,-21.6648536859934));
#4908=CARTESIAN_POINT('Ctrl Pts',(164.535174266208,55.0183521875325,-21.7295421131071));
#4909=CARTESIAN_POINT('Ctrl Pts',(163.679204134721,55.0229665187174,-21.9236073944484));
#4910=CARTESIAN_POINT('Ctrl Pts',(162.829984350846,55.3288574420644,-22.1348265036372));
#4911=CARTESIAN_POINT('Ctrl Pts',(162.155648108662,55.8808000737005,-22.3123508485564));
#4912=CARTESIAN_POINT('Ctrl Pts',(161.933090655245,56.0629628270047,-22.3709408570019));
#4913=CARTESIAN_POINT('Ctrl Pts',(161.729582554562,56.2719269919037,-22.4258606318529));
#4914=CARTESIAN_POINT('Ctrl Pts',(161.549976614783,56.5021620799627,-22.4750445016795));
#4915=CARTESIAN_POINT('Ctrl Pts',(161.54978641625,56.5026567336029,-22.4752673151127));
#4916=CARTESIAN_POINT('Ctrl Pts',(161.547666061279,56.5088863730532,-22.4758466732255));
#4917=CARTESIAN_POINT('Ctrl Pts',(161.54555180533,56.5151185314477,-22.4764213596688));
#4918=CARTESIAN_POINT('Ctrl Pts',(161.494026957611,56.6675009827673,-22.4903543463451));
#4919=CARTESIAN_POINT('Ctrl Pts',(161.447982593445,56.8150358819903,-22.5011810489221));
#4920=CARTESIAN_POINT('Ctrl Pts',(161.301395360254,57.3319895501206,-22.532036823688));
#4921=CARTESIAN_POINT('Ctrl Pts',(161.220833784137,57.7074714738657,-22.5423197458991));
#4922=CARTESIAN_POINT('Ctrl Pts',(161.145590935768,58.2738300806335,-22.5507806484555));
#4923=CARTESIAN_POINT('Ctrl Pts',(161.128111699344,58.4597407421225,-22.5524059467834));
#4924=CARTESIAN_POINT('Ctrl Pts',(161.1114349843,58.7706598466032,-22.5539281349964));
#4925=CARTESIAN_POINT('Ctrl Pts',(161.108091318143,58.894881541252,-22.5542130694496));
#4926=CARTESIAN_POINT('Ctrl Pts',(161.108091318143,59.0192395572701,-22.5542130694496));
#4927=CARTESIAN_POINT('',(162.499999761581,59.0192395572701,-20.313201444697));
#4928=CARTESIAN_POINT('Ctrl Pts',(161.107794234716,59.0192395572701,-22.5536972989899));
#4929=CARTESIAN_POINT('Ctrl Pts',(161.386700699342,59.0192395572701,-22.415256654232));
#4930=CARTESIAN_POINT('Ctrl Pts',(161.890097659276,59.0192395572701,-22.0372368264886));
#4931=CARTESIAN_POINT('Ctrl Pts',(162.385056432454,59.0192395572701,-21.2351015461965));
#4932=CARTESIAN_POINT('Ctrl Pts',(162.499999761581,59.0192395572701,-20.6206561747577));
#4933=CARTESIAN_POINT('Ctrl Pts',(162.499999761581,59.0192395572701,-20.3132014446969));
#4934=CARTESIAN_POINT('Ctrl Pts',(162.499999761581,59.0192395572701,-20.3132014446969));
#4935=CARTESIAN_POINT('Ctrl Pts',(162.499999761581,58.9212428742763,-20.3132014446969));
#4936=CARTESIAN_POINT('Ctrl Pts',(162.509846727488,58.8233327091929,-20.305620940276));
#4937=CARTESIAN_POINT('Ctrl Pts',(162.52895967857,58.7273885203247,-20.2910719107956));
#4938=CARTESIAN_POINT('Ctrl Pts',(162.529072692505,59.3109171511047,-20.2911732355056));
#4939=CARTESIAN_POINT('Ctrl Pts',(162.50990478033,59.2150588200524,-20.3056731933279));
#4940=CARTESIAN_POINT('Ctrl Pts',(162.499999761581,59.1172374432482,-20.3132014446969));
#4941=CARTESIAN_POINT('Ctrl Pts',(162.499999761581,59.0192395572701,-20.3132014446969));
#4942=CARTESIAN_POINT('Origin',(160.890850216832,44.0192382906714,-20.0636696942198));
#4943=CARTESIAN_POINT('',(161.549786416252,46.5192382906714,-22.4752673151123));
#4944=CARTESIAN_POINT('',(161.549786416252,44.0192382906714,-22.4752673151123));
#4945=CARTESIAN_POINT('',(158.390850216832,46.5192382906714,-20.0636696942198));
#4946=CARTESIAN_POINT('Origin',(160.890850216832,46.5192382906714,-20.0636696942198));
#4947=CARTESIAN_POINT('',(160.231914017413,46.5192382906714,-17.6520720733273));
#4948=CARTESIAN_POINT('Origin',(160.890850216832,46.5192382906714,-20.0636696942198));
#4949=CARTESIAN_POINT('',(160.231914017413,44.0192382906714,-17.6520720733273));
#4950=CARTESIAN_POINT('',(160.231914017413,71.5192382906714,-17.6520720733273));
#4951=CARTESIAN_POINT('',(160.231914017413,44.0192382906714,-17.6520720733273));
#4952=CARTESIAN_POINT('',(158.390850216832,71.5192382906714,-20.0636696942198));
#4953=CARTESIAN_POINT('Origin',(160.890850216832,71.5192382906714,-20.0636696942198));
#4954=CARTESIAN_POINT('',(161.549786416252,71.5192382906714,-22.4752673151123));
#4955=CARTESIAN_POINT('Origin',(160.890850216832,71.5192382906714,-20.0636696942198));
#4956=CARTESIAN_POINT('',(161.549786416252,44.0192382906714,-22.4752673151123));
#4957=CARTESIAN_POINT('Origin',(163.999999761581,59.0192395572701,-18.0000007001029));
#4958=CARTESIAN_POINT('Origin',(198.890850216832,46.5192382906714,-20.0043881369915));
#4959=CARTESIAN_POINT('',(198.890850216832,44.0192382906714,-20.0043881369915));
#4960=CARTESIAN_POINT('Origin',(198.890850216832,46.5192382906714,-20.0043881369915));
#4961=CARTESIAN_POINT('Origin',(198.890850216832,46.5192382906714,-20.0043881369915));
#4962=CARTESIAN_POINT('Origin',(198.890850216832,71.5192382906714,-20.0043881369915));
#4963=CARTESIAN_POINT('',(198.890850216832,74.0192382906714,-20.0043881369915));
#4964=CARTESIAN_POINT('Origin',(198.890850216832,71.5192382906714,-20.0043881369915));
#4965=CARTESIAN_POINT('Origin',(198.890850216832,71.5192382906714,-20.0043881369915));
#4966=CARTESIAN_POINT('Origin',(160.890850216832,46.5192382906714,-20.0636696942198));
#4967=CARTESIAN_POINT('',(160.890850216832,44.0192382906714,-20.0636696942198));
#4968=CARTESIAN_POINT('Origin',(160.890850216832,46.5192382906714,-20.0636696942198));
#4969=CARTESIAN_POINT('Origin',(160.890850216832,46.5192382906714,-20.0636696942198));
#4970=CARTESIAN_POINT('Origin',(198.890850216832,46.5192382906714,-20.0043881369915));
#4971=CARTESIAN_POINT('Origin',(198.890850216832,46.5192382906714,-20.0043881369915));
#4972=CARTESIAN_POINT('Origin',(160.890850216832,71.5192382906714,-20.0636696942198));
#4973=CARTESIAN_POINT('',(160.890850216832,74.0192382906714,-20.0636696942198));
#4974=CARTESIAN_POINT('Origin',(160.890850216832,71.5192382906714,-20.0636696942198));
#4975=CARTESIAN_POINT('Origin',(160.890850216832,71.5192382906714,-20.0636696942198));
#4976=CARTESIAN_POINT('Origin',(198.890850216832,71.5192382906714,-20.0043881369915));
#4977=CARTESIAN_POINT('Origin',(198.890850216832,71.5192382906714,-20.0043881369915));
#4978=CARTESIAN_POINT('Origin',(160.890850216832,46.5192382906714,-20.0636696942198));
#4979=CARTESIAN_POINT('Origin',(160.890850216832,46.5192382906714,-20.0636696942198));
#4980=CARTESIAN_POINT('Origin',(180.,46.5192382906714,-90.000000700103));
#4981=CARTESIAN_POINT('Origin',(180.,46.5192382906714,-90.000000700103));
#4982=CARTESIAN_POINT('Origin',(180.,46.5192382906714,-90.000000700103));
#4983=CARTESIAN_POINT('Origin',(160.890850216832,71.5192382906714,-20.0636696942198));
#4984=CARTESIAN_POINT('Origin',(160.890850216832,71.5192382906714,-20.0636696942198));
#4985=CARTESIAN_POINT('Origin',(180.,71.5192382906714,-90.000000700103));
#4986=CARTESIAN_POINT('Origin',(180.,71.5192382906714,-90.000000700103));
#4987=CARTESIAN_POINT('Origin',(180.,71.5192382906714,-90.000000700103));
#4988=CARTESIAN_POINT('Origin',(180.,44.0192382906714,-90.000000700103));
#4989=CARTESIAN_POINT('Ctrl Pts',(189.830848589097,59.020228216793,-15.6470961433995));
#4990=CARTESIAN_POINT('Ctrl Pts',(189.830848527369,59.0198986618366,-15.6470961352379));
#4991=CARTESIAN_POINT('Ctrl Pts',(189.830848496505,59.0195691086596,-15.6470961311571));
#4992=CARTESIAN_POINT('Ctrl Pts',(189.830848496505,59.0192395572701,-15.6470961311571));
#4993=CARTESIAN_POINT('',(179.370967741935,66.5192383651773,-15.0026386237051));
#4994=CARTESIAN_POINT('',(170.322580645161,66.5192383651773,-15.6269709471704));
#4995=CARTESIAN_POINT('Origin',(180.,66.5192383651773,-90.000000700103));
#4996=CARTESIAN_POINT('',(179.370967741936,51.5192382161657,-15.0026386237051));
#4997=CARTESIAN_POINT('',(179.370967741936,44.0192382906714,-15.0026386237051));
#4998=CARTESIAN_POINT('',(170.322580645161,51.5192382161657,-15.6269709471704));
#4999=CARTESIAN_POINT('Origin',(180.,51.5192382161657,-90.000000700103));
#5000=CARTESIAN_POINT('',(170.322580645161,44.0192382906714,-15.6269709471704));
#5001=CARTESIAN_POINT('',(179.990624018221,51.5268488199822,-15.0000012861632));
#5002=CARTESIAN_POINT('',(188.878365953705,51.5268488199822,-15.5273572799041));
#5003=CARTESIAN_POINT('Origin',(180.,51.5268488199822,-90.000000700103));
#5004=CARTESIAN_POINT('',(179.990624018221,66.5268489689938,-15.0000012861632));
#5005=CARTESIAN_POINT('',(179.990624018221,44.0192382906714,-15.0000012861632));
#5006=CARTESIAN_POINT('',(188.878365953705,66.5268489689938,-15.5273572799041));
#5007=CARTESIAN_POINT('Origin',(180.,66.5268489689938,-90.000000700103));
#5008=CARTESIAN_POINT('',(188.878365953705,44.0192382906714,-15.5273572799041));
#5009=CARTESIAN_POINT('Ctrl Pts',(192.000000223517,59.0192395572701,-18.0000007001029));
#5010=CARTESIAN_POINT('Ctrl Pts',(192.000000223517,59.019419415692,-18.0000007001029));
#5011=CARTESIAN_POINT('Ctrl Pts',(192.000000239692,59.0195992750894,-18.0000007001029));
#5012=CARTESIAN_POINT('Ctrl Pts',(192.000000272042,59.019779135458,-18.0000007001029));
#5013=CARTESIAN_POINT('Ctrl Pts',(191.966787141419,59.0192395572701,-17.3393547070504));
#5014=CARTESIAN_POINT('Ctrl Pts',(191.966787141419,59.0194264094711,-17.3393547070504));
#5015=CARTESIAN_POINT('Ctrl Pts',(191.966787157803,59.0196141107031,-17.3393547077705));
#5016=CARTESIAN_POINT('Ctrl Pts',(191.966787190302,59.019800964927,-17.3393547092201));
#5017=CARTESIAN_POINT('Ctrl Pts',(191.425261943413,59.0192395572701,-16.2151664062602));
#5018=CARTESIAN_POINT('Ctrl Pts',(191.425261943413,59.0194684167865,-16.2151664062602));
#5019=CARTESIAN_POINT('Ctrl Pts',(191.425261963471,59.0196970660535,-16.2151664089323));
#5020=CARTESIAN_POINT('Ctrl Pts',(191.425262003656,59.0199259280477,-16.2151664142702));
#5021=CARTESIAN_POINT('Ctrl Pts',(190.322678340623,59.0192395572701,-15.7121252609754));
#5022=CARTESIAN_POINT('Ctrl Pts',(190.322678340623,59.0195389553638,-15.7121252609754));
#5023=CARTESIAN_POINT('Ctrl Pts',(190.322678368257,59.0198382065078,-15.7121252648279));
#5024=CARTESIAN_POINT('Ctrl Pts',(190.322678423573,59.0201376078423,-15.7121252725662));
#5025=CARTESIAN_POINT('Ctrl Pts',(189.830848496505,59.0192395572701,-15.6470961311571));
#5026=CARTESIAN_POINT('Ctrl Pts',(189.830848496505,59.0195691086596,-15.6470961311571));
#5027=CARTESIAN_POINT('Ctrl Pts',(189.830848527369,59.0198986618366,-15.6470961352379));
#5028=CARTESIAN_POINT('Ctrl Pts',(189.830848589097,59.020228216793,-15.6470961433995));
#5029=CARTESIAN_POINT('Origin',(195.000000223517,59.0192395572701,-18.0000007001029));
#5030=CARTESIAN_POINT('Origin',(180.,44.0192382906714,-90.000000700103));
#5031=CARTESIAN_POINT('Origin',(180.,66.5268489689938,-90.000000700103));
#5032=CARTESIAN_POINT('',(182.48999130356,64.0268489689938,-12.5400113939573));
#5033=CARTESIAN_POINT('Ctrl Pts',(179.990624018221,66.5268489689938,-15.0000012861632));
#5034=CARTESIAN_POINT('Ctrl Pts',(179.992826034077,66.5246105536987,-15.0000010108824));
#5035=CARTESIAN_POINT('Ctrl Pts',(179.995028050651,66.5223721373186,-14.9999978262772));
#5036=CARTESIAN_POINT('Ctrl Pts',(180.257935605629,66.2551186650851,-14.9992702450574));
#5037=CARTESIAN_POINT('Ctrl Pts',(180.520431468379,65.9882861945989,-14.9577629093193));
#5038=CARTESIAN_POINT('Ctrl Pts',(181.018767339434,65.4830099094086,-14.7931290618945));
#5039=CARTESIAN_POINT('Ctrl Pts',(181.25889476437,65.2401770979603,-14.6719975318331));
#5040=CARTESIAN_POINT('Ctrl Pts',(181.701754444659,64.7947847963624,-14.3429087239786));
#5041=CARTESIAN_POINT('Ctrl Pts',(181.908017379311,64.5886824076226,-14.1333329012825));
#5042=CARTESIAN_POINT('Ctrl Pts',(182.205898153226,64.294400822851,-13.6812213427485));
#5043=CARTESIAN_POINT('Ctrl Pts',(182.31247414227,64.1904381438251,-13.4604856745114));
#5044=CARTESIAN_POINT('Ctrl Pts',(182.450016467144,64.0594502284495,-13.000552671239));
#5045=CARTESIAN_POINT('Ctrl Pts',(182.486258771127,64.0268489689938,-12.773205980554));
#5046=CARTESIAN_POINT('Ctrl Pts',(182.48999130356,64.0268489689938,-12.5400113939574));
#5047=CARTESIAN_POINT('',(186.674311485495,64.0268489689938,-12.7879319142286));
#5048=CARTESIAN_POINT('Origin',(180.,64.0268489689938,-90.000000700103));
#5049=CARTESIAN_POINT('',(186.674311485495,64.0399954371112,-13.0449358325641));
#5050=CARTESIAN_POINT('Ctrl Pts',(186.674311485495,64.0268489689938,-12.7879319142287));
#5051=CARTESIAN_POINT('Ctrl Pts',(186.674311485495,64.0268489689938,-12.8704821287592));
#5052=CARTESIAN_POINT('Ctrl Pts',(186.674311485495,64.0309793739574,-12.9570383193446));
#5053=CARTESIAN_POINT('Ctrl Pts',(186.674311485495,64.0399954371112,-13.0449358325641));
#5054=CARTESIAN_POINT('Ctrl Pts',(186.674311485495,64.0399954371112,-13.0449358325641));
#5055=CARTESIAN_POINT('Ctrl Pts',(186.674311485495,64.0643539379207,-13.2824066233505));
#5056=CARTESIAN_POINT('Ctrl Pts',(186.708084130018,64.121646120353,-13.5116971161226));
#5057=CARTESIAN_POINT('Ctrl Pts',(186.843188073143,64.3063869548751,-13.9880180680272));
#5058=CARTESIAN_POINT('Ctrl Pts',(186.955199593347,64.4433270805068,-14.2218245428966));
#5059=CARTESIAN_POINT('Ctrl Pts',(187.275697513599,64.8171390799625,-14.7058095182018));
#5060=CARTESIAN_POINT('Ctrl Pts',(187.505352761556,65.0730782538559,-14.9302635796671));
#5061=CARTESIAN_POINT('Ctrl Pts',(188.094956596971,65.7133607022245,-15.3381895877356));
#5062=CARTESIAN_POINT('Ctrl Pts',(188.481015147631,66.1199426447356,-15.47893008152));
#5063=CARTESIAN_POINT('Ctrl Pts',(188.873993231889,66.5223721373072,-15.5268330495017));
#5064=CARTESIAN_POINT('Ctrl Pts',(188.876179421142,66.5246105537075,-15.5270966092018));
#5065=CARTESIAN_POINT('Ctrl Pts',(188.878365953705,66.5268489689938,-15.5273572799041));
#5066=CARTESIAN_POINT('Origin',(180.,51.5268488199822,-90.000000700103));
#5067=CARTESIAN_POINT('',(186.674311485495,54.0137023518648,-13.0449358325641));
#5068=CARTESIAN_POINT('Ctrl Pts',(188.878365953705,51.5268488199822,-15.5273572799041));
#5069=CARTESIAN_POINT('Ctrl Pts',(188.87617942114,51.5290872352702,-15.5270966092015));
#5070=CARTESIAN_POINT('Ctrl Pts',(188.87399323189,51.5313256516671,-15.5268330495019));
#5071=CARTESIAN_POINT('Ctrl Pts',(188.429169129651,51.986848096609,-15.4726101918397));
#5072=CARTESIAN_POINT('Ctrl Pts',(188.008352769037,52.4320846678808,-15.3012514553044));
#5073=CARTESIAN_POINT('Ctrl Pts',(187.378497015829,53.1208032574619,-14.8182894402367));
#5074=CARTESIAN_POINT('Ctrl Pts',(187.151578837273,53.3778001898318,-14.5542094691217));
#5075=CARTESIAN_POINT('Ctrl Pts',(186.860351911184,53.7261845679263,-14.025797705798));
#5076=CARTESIAN_POINT('Ctrl Pts',(186.76451247115,53.84893068404,-13.7692851836115));
#5077=CARTESIAN_POINT('Ctrl Pts',(186.687812681289,53.9696188869352,-13.343135387084));
#5078=CARTESIAN_POINT('Ctrl Pts',(186.674311485495,53.998315391106,-13.1949431654365));
#5079=CARTESIAN_POINT('Ctrl Pts',(186.674311485495,54.0137023518648,-13.0449358325641));
#5080=CARTESIAN_POINT('',(186.674311485495,54.0268488199822,-12.7879319142286));
#5081=CARTESIAN_POINT('Ctrl Pts',(186.674311485495,54.0137023518648,-13.0449358325643));
#5082=CARTESIAN_POINT('Ctrl Pts',(186.674311485495,54.0227185731374,-12.9570367778461));
#5083=CARTESIAN_POINT('Ctrl Pts',(186.674311485495,54.0268488199822,-12.8704791385473));
#5084=CARTESIAN_POINT('Ctrl Pts',(186.674311485495,54.0268488199822,-12.7879319142286));
#5085=CARTESIAN_POINT('',(182.48999130356,54.0268488199822,-12.5400113939573));
#5086=CARTESIAN_POINT('Origin',(180.,54.0268488199822,-90.000000700103));
#5087=CARTESIAN_POINT('Ctrl Pts',(182.48999130356,54.0268488199822,-12.5400113939573));
#5088=CARTESIAN_POINT('Ctrl Pts',(182.486175639966,54.0268488199822,-12.7783997028083));
#5089=CARTESIAN_POINT('Ctrl Pts',(182.448386844446,53.9927796176003,-13.0106810532642));
#5090=CARTESIAN_POINT('Ctrl Pts',(182.297544567237,53.8489306839453,-13.5042367255236));
#5091=CARTESIAN_POINT('Ctrl Pts',(182.172043945325,53.7261845677978,-13.7476159896634));
#5092=CARTESIAN_POINT('Ctrl Pts',(181.820373605015,53.3778001896232,-14.2378813116003));
#5093=CARTESIAN_POINT('Ctrl Pts',(181.563819093876,53.1208032571997,-14.473274331333));
#5094=CARTESIAN_POINT('Ctrl Pts',(180.881270577465,52.4320846673039,-14.878364569495));
#5095=CARTESIAN_POINT('Ctrl Pts',(180.443143060336,51.9868480959507,-14.9987576943065));
#5096=CARTESIAN_POINT('Ctrl Pts',(179.995028050633,51.5313256516566,-14.9999978262772));
#5097=CARTESIAN_POINT('Ctrl Pts',(179.992826034069,51.5290872352697,-15.0000010108824));
#5098=CARTESIAN_POINT('Ctrl Pts',(179.990624018221,51.5268488199822,-15.0000012861632));
#5099=CARTESIAN_POINT('Origin',(189.174311485495,44.0192382906714,-13.0449358325641));
#5100=CARTESIAN_POINT('',(186.674311485495,44.0192382906714,-13.0449358325641));
#5101=CARTESIAN_POINT('Origin',(179.990311485495,44.0192382906714,-12.5000013056985));
#5102=CARTESIAN_POINT('',(182.490311485495,60.4363723478508,-12.5000013056985));
#5103=CARTESIAN_POINT('',(182.490311485495,57.6173254411252,-12.5000013056985));
#5104=CARTESIAN_POINT('Ctrl Pts',(182.490311485495,60.4363723478508,-12.5000013056985));
#5105=CARTESIAN_POINT('Ctrl Pts',(182.490311485495,60.429745097772,-12.5182078166406));
#5106=CARTESIAN_POINT('Ctrl Pts',(182.490112452459,60.4227603853919,-12.5362982841242));
#5107=CARTESIAN_POINT('Ctrl Pts',(182.485734829739,60.3403541598877,-12.7379967395063));
#5108=CARTESIAN_POINT('Ctrl Pts',(182.460815697197,60.2266084298321,-12.9062654345536));
#5109=CARTESIAN_POINT('Ctrl Pts',(182.401638609715,59.9628728930648,-13.1743534187627));
#5110=CARTESIAN_POINT('Ctrl Pts',(182.36319407746,59.7942408826477,-13.2914419836878));
#5111=CARTESIAN_POINT('Ctrl Pts',(182.305195440711,59.4225646509974,-13.4477687231222));
#5112=CARTESIAN_POINT('Ctrl Pts',(182.287260457373,59.2192366483179,-13.4869285677556));
#5113=CARTESIAN_POINT('Ctrl Pts',(182.287260457373,58.8344611406582,-13.4869285677556));
#5114=CARTESIAN_POINT('Ctrl Pts',(182.305195440711,58.6311331379786,-13.4477687231222));
#5115=CARTESIAN_POINT('Ctrl Pts',(182.36319407746,58.2594569063284,-13.2914419836878));
#5116=CARTESIAN_POINT('Ctrl Pts',(182.401638609715,58.0908248959112,-13.1743534187627));
#5117=CARTESIAN_POINT('Ctrl Pts',(182.460815697197,57.827089359144,-12.9062654345536));
#5118=CARTESIAN_POINT('Ctrl Pts',(182.485734829739,57.7133436290883,-12.7379967395063));
#5119=CARTESIAN_POINT('Ctrl Pts',(182.490112452459,57.6309374035841,-12.5362982841242));
#5120=CARTESIAN_POINT('Ctrl Pts',(182.490311485495,57.6239526912041,-12.5182078166406));
#5121=CARTESIAN_POINT('Ctrl Pts',(182.490311485495,57.6173254411252,-12.5000013056985));
#5122=CARTESIAN_POINT('',(182.490311485495,64.0268489689938,-12.5000013056985));
#5123=CARTESIAN_POINT('',(182.490311485495,44.0192382906714,-12.5000013056985));
#5124=CARTESIAN_POINT('Origin',(179.990311485495,64.0268489689938,-12.5000013056985));
#5125=CARTESIAN_POINT('',(182.490311485495,54.0268488199822,-12.5000013056985));
#5126=CARTESIAN_POINT('Origin',(179.990311485495,54.0268488199822,-12.5000013056985));
#5127=CARTESIAN_POINT('',(182.490311485495,44.0192382906714,-12.5000013056985));
#5128=CARTESIAN_POINT('Origin',(186.674311485495,59.026848894488,-7.50000077460876));
#5129=CARTESIAN_POINT('',(186.674311485495,64.0268489689938,-5.00000070010295));
#5130=CARTESIAN_POINT('',(186.674311485495,64.0268489689938,-5.00000070010295));
#5131=CARTESIAN_POINT('',(186.674311485495,54.0268488199822,-5.00000070010295));
#5132=CARTESIAN_POINT('Origin',(186.674311485495,59.026848894488,-5.00000070010295));
#5133=CARTESIAN_POINT('',(186.674311485495,54.0268488199822,-15.0000008491146));
#5134=CARTESIAN_POINT('',(186.674311485495,56.026848894488,-5.00000070010295));
#5135=CARTESIAN_POINT('Origin',(186.674311485495,59.026848894488,-5.00000070010295));
#5136=CARTESIAN_POINT('Origin',(186.674311485495,64.0268489689938,-5.00000070010295));
#5137=CARTESIAN_POINT('',(182.490311485495,64.0268489689938,-5.00000070010295));
#5138=CARTESIAN_POINT('',(182.490311485495,64.0268489689938,-6.25000073735585));
#5139=CARTESIAN_POINT('',(182.890311485495,64.0268489689938,-5.00000070010295));
#5140=CARTESIAN_POINT('Origin',(180.,51.5192382161657,-90.000000700103));
#5141=CARTESIAN_POINT('',(176.850751311988,54.0192382161657,-12.5640127313229));
#5142=CARTESIAN_POINT('Ctrl Pts',(179.370967741936,51.5192382161657,-15.0026386237051));
#5143=CARTESIAN_POINT('Ctrl Pts',(179.36876580352,51.5214766314538,-15.0026570922253));
#5144=CARTESIAN_POINT('Ctrl Pts',(179.366563839614,51.5237150478514,-15.0026726515326));
#5145=CARTESIAN_POINT('Ctrl Pts',(179.103659615906,51.7909685198176,-15.0041829934938));
#5146=CARTESIAN_POINT('Ctrl Pts',(178.840819948466,52.0578009905522,-14.9649115539607));
#5147=CARTESIAN_POINT('Ctrl Pts',(178.341100750764,52.5630772757508,-14.8045255584513));
#5148=CARTESIAN_POINT('Ctrl Pts',(178.099950940964,52.8059100871992,-14.6854424067697));
#5149=CARTESIAN_POINT('Ctrl Pts',(177.654306066253,53.2513023887972,-14.3601351896273));
#5150=CARTESIAN_POINT('Ctrl Pts',(177.446266672731,53.4574047775369,-14.1523226914155));
#5151=CARTESIAN_POINT('Ctrl Pts',(177.144548269387,53.7516863623084,-13.7027631048068));
#5152=CARTESIAN_POINT('Ctrl Pts',(177.036097216171,53.8556490413344,-13.4829426195714));
#5153=CARTESIAN_POINT('Ctrl Pts',(176.894644876065,53.98663695671,-13.024197053806));
#5154=CARTESIAN_POINT('Ctrl Pts',(176.856468686096,54.0192382161657,-12.7971670978907));
#5155=CARTESIAN_POINT('Ctrl Pts',(176.850751311988,54.0192382161657,-12.5640127313229));
#5156=CARTESIAN_POINT('',(172.5,54.0192382161657,-12.8637575973954));
#5157=CARTESIAN_POINT('Origin',(180.,54.0192382161657,-90.000000700103));
#5158=CARTESIAN_POINT('',(172.5,54.0031945155776,-13.1478699554059));
#5159=CARTESIAN_POINT('Ctrl Pts',(172.5,54.0192382161657,-12.8637575973954));
#5160=CARTESIAN_POINT('Ctrl Pts',(172.5,54.0192382161657,-12.9547774895165));
#5161=CARTESIAN_POINT('Ctrl Pts',(172.5,54.0142073235625,-13.0506711529735));
#5162=CARTESIAN_POINT('Ctrl Pts',(172.5,54.0031945155776,-13.1478699554059));
#5163=CARTESIAN_POINT('Ctrl Pts',(172.5,54.0031945155776,-13.1478699554059));
#5164=CARTESIAN_POINT('Ctrl Pts',(172.5,53.9762076327833,-13.3860555927629));
#5165=CARTESIAN_POINT('Ctrl Pts',(172.466026197574,53.9162281672264,-13.6157661133234));
#5166=CARTESIAN_POINT('Ctrl Pts',(172.330090419206,53.7254089162136,-14.094072429909));
#5167=CARTESIAN_POINT('Ctrl Pts',(172.216878935043,53.5846718873004,-14.3292663968879));
#5168=CARTESIAN_POINT('Ctrl Pts',(171.892577085836,53.2017301117733,-14.8162523329618));
#5169=CARTESIAN_POINT('Ctrl Pts',(171.659669345867,52.940148958982,-15.0418596452194));
#5170=CARTESIAN_POINT('Ctrl Pts',(171.077842344286,52.3051826395656,-15.4390684683025));
#5171=CARTESIAN_POINT('Ctrl Pts',(170.706265826845,51.9126877495729,-15.5760232515189));
#5172=CARTESIAN_POINT('Ctrl Pts',(170.32694748662,51.5237150478622,-15.6263997998671));
#5173=CARTESIAN_POINT('Ctrl Pts',(170.324764253051,51.5214766314566,-15.6266868160906));
#5174=CARTESIAN_POINT('Ctrl Pts',(170.322580645161,51.5192382161657,-15.6269709471704));
#5175=CARTESIAN_POINT('Origin',(180.,66.5192383651773,-90.000000700103));
#5176=CARTESIAN_POINT('',(172.5,64.0352820657654,-13.1478699554059));
#5177=CARTESIAN_POINT('Ctrl Pts',(170.322580645161,66.5192383651773,-15.6269709471704));
#5178=CARTESIAN_POINT('Ctrl Pts',(170.32476425305,66.5169999498872,-15.6266868160907));
#5179=CARTESIAN_POINT('Ctrl Pts',(170.326947486621,66.5147615334799,-15.626399799867));
#5180=CARTESIAN_POINT('Ctrl Pts',(170.70626582685,66.1257888317671,-15.5760232515182));
#5181=CARTESIAN_POINT('Ctrl Pts',(171.077842344286,65.7332939417768,-15.4390684683022));
#5182=CARTESIAN_POINT('Ctrl Pts',(171.659669345867,65.0983276223609,-15.0418596452193));
#5183=CARTESIAN_POINT('Ctrl Pts',(171.892577085836,64.8367464695696,-14.8162523329618));
#5184=CARTESIAN_POINT('Ctrl Pts',(172.216878935043,64.4538046940426,-14.3292663968878));
#5185=CARTESIAN_POINT('Ctrl Pts',(172.330090419206,64.3130676651294,-14.094072429909));
#5186=CARTESIAN_POINT('Ctrl Pts',(172.466026197574,64.1222484141166,-13.6157661133235));
#5187=CARTESIAN_POINT('Ctrl Pts',(172.5,64.0622689485597,-13.386055592763));
#5188=CARTESIAN_POINT('Ctrl Pts',(172.5,64.0352820657654,-13.1478699554059));
#5189=CARTESIAN_POINT('',(172.5,64.0192383651773,-12.8637575973954));
#5190=CARTESIAN_POINT('Ctrl Pts',(172.5,64.0352820657658,-13.1478699554096));
#5191=CARTESIAN_POINT('Ctrl Pts',(172.5,64.0242692577806,-13.0506711529759));
#5192=CARTESIAN_POINT('Ctrl Pts',(172.5,64.0192383651773,-12.9547774895176));
#5193=CARTESIAN_POINT('Ctrl Pts',(172.5,64.0192383651773,-12.8637575973954));
#5194=CARTESIAN_POINT('',(176.850751311988,64.0192383651773,-12.5640127313229));
#5195=CARTESIAN_POINT('Origin',(180.,64.0192383651773,-90.000000700103));
#5196=CARTESIAN_POINT('Ctrl Pts',(176.850751311988,64.0192383651773,-12.5640127313229));
#5197=CARTESIAN_POINT('Ctrl Pts',(176.856468686096,64.0192383651773,-12.7971670978908));
#5198=CARTESIAN_POINT('Ctrl Pts',(176.894644876065,64.0518396246331,-13.0241970538061));
#5199=CARTESIAN_POINT('Ctrl Pts',(177.036097216171,64.1828275400086,-13.4829426195714));
#5200=CARTESIAN_POINT('Ctrl Pts',(177.144548269387,64.2867902190345,-13.7027631048067));
#5201=CARTESIAN_POINT('Ctrl Pts',(177.446266672731,64.5810718038061,-14.1523226914155));
#5202=CARTESIAN_POINT('Ctrl Pts',(177.654306066253,64.7871741925458,-14.3601351896272));
#5203=CARTESIAN_POINT('Ctrl Pts',(178.099950940964,65.2325664941438,-14.6854424067697));
#5204=CARTESIAN_POINT('Ctrl Pts',(178.341100750764,65.4753993055921,-14.8045255584513));
#5205=CARTESIAN_POINT('Ctrl Pts',(178.840819948466,65.9806755907905,-14.9649115539607));
#5206=CARTESIAN_POINT('Ctrl Pts',(179.103659615905,66.2475080615229,-15.0041829934938));
#5207=CARTESIAN_POINT('Ctrl Pts',(179.366563839614,66.5147615334918,-15.0026726515326));
#5208=CARTESIAN_POINT('Ctrl Pts',(179.36876580352,66.5169999498891,-15.0026570922253));
#5209=CARTESIAN_POINT('Ctrl Pts',(179.370967741935,66.5192383651773,-15.0026386237051));
#5210=CARTESIAN_POINT('Origin',(170.,44.0192382906714,-13.1478699554059));
#5211=CARTESIAN_POINT('',(172.5,44.0192382906714,-13.1478699554059));
#5212=CARTESIAN_POINT('Origin',(179.35,44.0192382906714,-12.5027265544919));
#5213=CARTESIAN_POINT('',(176.85,57.61832042943,-12.5027265544919));
#5214=CARTESIAN_POINT('',(176.85,60.4353773595461,-12.5027265544919));
#5215=CARTESIAN_POINT('Ctrl Pts',(176.85,57.61832042943,-12.5027265544919));
#5216=CARTESIAN_POINT('Ctrl Pts',(176.85,57.6246431394188,-12.5199924555319));
#5217=CARTESIAN_POINT('Ctrl Pts',(176.850178985577,57.6312874484169,-12.5371529107494));
#5218=CARTESIAN_POINT('Ctrl Pts',(176.854312843697,57.7133101468665,-12.7379379058697));
#5219=CARTESIAN_POINT('Ctrl Pts',(176.879043756874,57.8270566306633,-12.9062269208824));
#5220=CARTESIAN_POINT('Ctrl Pts',(176.937911324168,58.0908115643609,-13.1743452248617));
#5221=CARTESIAN_POINT('Ctrl Pts',(176.976211243599,58.2594545910313,-13.2914416226756));
#5222=CARTESIAN_POINT('Ctrl Pts',(177.034004829391,58.6311432081467,-13.4477723458204));
#5223=CARTESIAN_POINT('Ctrl Pts',(177.051881987998,58.8344711828255,-13.4869285677556));
#5224=CARTESIAN_POINT('Ctrl Pts',(177.051881987998,59.026848894488,-13.4869285677556));
#5225=CARTESIAN_POINT('Ctrl Pts',(177.051881987998,59.2192266061506,-13.4869285677556));
#5226=CARTESIAN_POINT('Ctrl Pts',(177.034004829391,59.4225545808294,-13.4477723458204));
#5227=CARTESIAN_POINT('Ctrl Pts',(176.976211243599,59.7942431979448,-13.2914416226756));
#5228=CARTESIAN_POINT('Ctrl Pts',(176.937911324168,59.9628862246152,-13.1743452248617));
#5229=CARTESIAN_POINT('Ctrl Pts',(176.879043756874,60.2266411583128,-12.9062269208824));
#5230=CARTESIAN_POINT('Ctrl Pts',(176.854312843697,60.3403876421095,-12.7379379058697));
#5231=CARTESIAN_POINT('Ctrl Pts',(176.850178985577,60.4224103405592,-12.5371529107494));
#5232=CARTESIAN_POINT('Ctrl Pts',(176.85,60.4290546495572,-12.5199924555319));
#5233=CARTESIAN_POINT('Ctrl Pts',(176.85,60.4353773595461,-12.5027265544919));
#5234=CARTESIAN_POINT('',(176.85,54.0192382161657,-12.5027265544919));
#5235=CARTESIAN_POINT('',(176.85,44.0192382906714,-12.5027265544919));
#5236=CARTESIAN_POINT('Origin',(179.35,54.0192382161657,-12.5027265544919));
#5237=CARTESIAN_POINT('',(176.85,64.0192383651773,-12.5027265544919));
#5238=CARTESIAN_POINT('Origin',(179.35,64.0192383651773,-12.5027265544919));
#5239=CARTESIAN_POINT('',(176.85,44.0192382906714,-12.5027265544919));
#5240=CARTESIAN_POINT('Origin',(172.5,59.0192382906715,-7.50000077460876));
#5241=CARTESIAN_POINT('',(172.5,54.0192382161657,-5.00000070010295));
#5242=CARTESIAN_POINT('',(172.5,54.0192382161657,-5.00000070010295));
#5243=CARTESIAN_POINT('',(172.5,64.0192383651773,-5.00000070010295));
#5244=CARTESIAN_POINT('Origin',(172.5,59.0192382906715,-5.00000070010295));
#5245=CARTESIAN_POINT('',(172.5,64.0192383651773,-15.0000008491146));
#5246=CARTESIAN_POINT('',(172.5,62.0192382906715,-5.00000070010295));
#5247=CARTESIAN_POINT('Origin',(172.5,59.0192382906715,-5.00000070010295));
#5248=CARTESIAN_POINT('Origin',(172.5,54.0192382161657,-5.00000070010295));
#5249=CARTESIAN_POINT('',(176.85,54.0192382161657,-5.00000070010295));
#5250=CARTESIAN_POINT('',(176.85,54.0192382161657,-5.00000070010295));
#5251=CARTESIAN_POINT('',(172.5,54.0192382161657,-5.00000070010295));
#5252=CARTESIAN_POINT('Origin',(182.490311485495,59.026848894488,-11.9869285677557));
#5253=CARTESIAN_POINT('',(176.85,60.526848894488,-11.9869285677557));
#5254=CARTESIAN_POINT('Origin',(176.85,59.026848894488,-11.9869285677557));
#5255=CARTESIAN_POINT('',(182.490311485495,60.526848894488,-11.9869285677557));
#5256=CARTESIAN_POINT('',(182.490311485495,60.526848894488,-11.9869285677557));
#5257=CARTESIAN_POINT('Origin',(182.490311485495,59.026848894488,-11.9869285677557));
#5258=CARTESIAN_POINT('Origin',(182.490311485495,59.026848894488,-11.9869285677557));
#5259=CARTESIAN_POINT('Origin',(176.85,59.026848894488,-11.9869285677557));
#5260=CARTESIAN_POINT('Origin',(182.490311485495,59.026848894488,-7.50000077460876));
#5261=CARTESIAN_POINT('',(182.490311485495,54.0268488199822,-5.00000070010295));
#5262=CARTESIAN_POINT('',(182.490311485495,54.0268488199822,-11.2500008118617));
#5263=CARTESIAN_POINT('Origin',(182.490311485495,59.026848894488,-5.00000070010295));
#5264=CARTESIAN_POINT('',(182.490311485495,56.026848894488,-5.00000070010295));
#5265=CARTESIAN_POINT('Origin',(182.490311485495,59.026848894488,-5.00000070010295));
#5266=CARTESIAN_POINT('Origin',(186.674311485495,59.026848894488,-5.00000070010295));
#5267=CARTESIAN_POINT('',(186.674311485495,54.0268488199822,-5.00000070010295));
#5268=CARTESIAN_POINT('Origin',(186.674311485495,54.0268488199822,-15.0000008491146));
#5269=CARTESIAN_POINT('Origin',(176.85,59.0192382906715,-7.50000077460876));
#5270=CARTESIAN_POINT('',(176.85,64.0192383651773,-5.00000070010295));
#5271=CARTESIAN_POINT('',(176.85,64.0192383651773,-15.0000008491146));
#5272=CARTESIAN_POINT('Origin',(176.85,59.0192382906715,-5.00000070010295));
#5273=CARTESIAN_POINT('',(176.85,62.0192382906715,-5.00000070010295));
#5274=CARTESIAN_POINT('Origin',(176.85,59.0192382906715,-5.00000070010295));
#5275=CARTESIAN_POINT('Origin',(195.000000223517,59.0192395572701,-18.0000007001029));
#5276=CARTESIAN_POINT('Origin',(186.674311485495,59.026848894488,-5.00000070010295));
#5277=CARTESIAN_POINT('',(186.674311485495,56.026848894488,-5.00000070010295));
#5278=CARTESIAN_POINT('Origin',(172.5,59.0192382906715,-5.00000070010295));
#5279=CARTESIAN_POINT('',(172.5,62.0192382906715,-5.00000070010295));
#5280=CARTESIAN_POINT('Origin',(172.5,59.0192382906715,-5.00000070010295));
#5281=CARTESIAN_POINT('',(172.5,64.0192383651773,-5.00000070010295));
#5282=CARTESIAN_POINT('Origin',(172.5,64.0192383651773,-15.0000008491146));
#5283=CARTESIAN_POINT('Origin',(280.000004097819,235.00000141561,10.001));
#5284=CARTESIAN_POINT('',(277.000004097819,235.00000141561,10.001));
#5285=CARTESIAN_POINT('Origin',(280.000004097819,235.00000141561,10.001));
#5286=CARTESIAN_POINT('',(277.000004097819,235.00000141561,14.001));
#5287=CARTESIAN_POINT('',(277.000004097819,235.00000141561,10.001));
#5288=CARTESIAN_POINT('Origin',(280.000004097819,235.00000141561,14.001));
#5289=CARTESIAN_POINT('Origin',(280.000004097819,235.00000141561,14.001));
#5290=CARTESIAN_POINT('Origin',(280.000004097819,160.000000298023,10.001));
#5291=CARTESIAN_POINT('',(277.000004097819,160.000000298023,10.001));
#5292=CARTESIAN_POINT('Origin',(280.000004097819,160.000000298023,10.001));
#5293=CARTESIAN_POINT('',(277.000004097819,160.000000298023,14.001));
#5294=CARTESIAN_POINT('',(277.000004097819,160.000000298023,10.001));
#5295=CARTESIAN_POINT('Origin',(280.000004097819,160.000000298023,14.001));
#5296=CARTESIAN_POINT('Origin',(280.000004097819,160.000000298023,14.001));
#5297=CARTESIAN_POINT('Origin',(355.000005215406,235.00000141561,10.001));
#5298=CARTESIAN_POINT('',(352.000005215406,235.00000141561,10.001));
#5299=CARTESIAN_POINT('Origin',(355.000005215406,235.00000141561,10.001));
#5300=CARTESIAN_POINT('',(352.000005215406,235.00000141561,14.001));
#5301=CARTESIAN_POINT('',(352.000005215406,235.00000141561,10.001));
#5302=CARTESIAN_POINT('Origin',(355.000005215406,235.00000141561,14.001));
#5303=CARTESIAN_POINT('Origin',(355.000005215406,235.00000141561,14.001));
#5304=CARTESIAN_POINT('Origin',(355.000005215406,160.000000298023,10.001));
#5305=CARTESIAN_POINT('',(352.000005215406,160.000000298023,10.001));
#5306=CARTESIAN_POINT('Origin',(355.000005215406,160.000000298023,10.001));
#5307=CARTESIAN_POINT('',(352.000005215406,160.000000298023,14.001));
#5308=CARTESIAN_POINT('',(352.000005215406,160.000000298023,10.001));
#5309=CARTESIAN_POINT('Origin',(355.000005215406,160.000000298023,14.001));
#5310=CARTESIAN_POINT('Origin',(355.000005215406,160.000000298023,14.001));
#5311=CARTESIAN_POINT('Origin',(290.979085257467,171.791366358861,10.));
#5312=CARTESIAN_POINT('',(290.979085257467,141.791366358861,15.));
#5313=CARTESIAN_POINT('',(260.979085257467,171.791366358861,15.));
#5314=CARTESIAN_POINT('Origin',(290.979085257467,171.791366358861,15.));
#5315=CARTESIAN_POINT('',(260.979085257467,171.791366358861,10.001));
#5316=CARTESIAN_POINT('',(260.979085257467,171.791366358861,10.));
#5317=CARTESIAN_POINT('',(290.979085257467,141.791366358861,10.001));
#5318=CARTESIAN_POINT('Origin',(290.979085257467,171.791366358861,10.001));
#5319=CARTESIAN_POINT('',(290.979085257467,141.791366358861,10.));
#5320=CARTESIAN_POINT('Origin',(260.979085257467,169.791366358861,10.));
#5321=CARTESIAN_POINT('',(260.979085257467,222.791366358861,15.));
#5322=CARTESIAN_POINT('',(260.979085257467,183.541366358861,15.));
#5323=CARTESIAN_POINT('',(260.979085257467,222.791366358861,10.001));
#5324=CARTESIAN_POINT('',(260.979085257467,222.791366358861,10.));
#5325=CARTESIAN_POINT('',(260.979085257467,183.319966233061,10.001));
#5326=CARTESIAN_POINT('Origin',(316.479085257467,197.291366358861,15.));
#5327=CARTESIAN_POINT('',(341.979085257467,141.791366358861,15.));
#5328=CARTESIAN_POINT('',(330.229085257467,141.791366358861,15.));
#5329=CARTESIAN_POINT('',(371.979085257467,171.791366358861,15.));
#5330=CARTESIAN_POINT('Origin',(341.979085257467,171.791366358861,15.));
#5331=CARTESIAN_POINT('',(371.979085257467,222.791366358861,15.));
#5332=CARTESIAN_POINT('',(371.979085257467,211.041366358861,15.));
#5333=CARTESIAN_POINT('',(341.979085257467,252.791366358861,15.));
#5334=CARTESIAN_POINT('Origin',(341.979085257467,222.791366358861,15.));
#5335=CARTESIAN_POINT('',(290.979085257467,252.791366358861,15.));
#5336=CARTESIAN_POINT('',(302.729085257467,252.791366358861,15.));
#5337=CARTESIAN_POINT('Origin',(290.979085257467,222.791366358861,15.));
#5338=CARTESIAN_POINT('Origin',(290.979085257467,222.791366358861,10.));
#5339=CARTESIAN_POINT('',(290.979085257467,252.791366358861,10.001));
#5340=CARTESIAN_POINT('',(290.979085257467,252.791366358861,10.));
#5341=CARTESIAN_POINT('Origin',(290.979085257467,222.791366358861,10.001));
#5342=CARTESIAN_POINT('Origin',(343.979085257467,141.791366358861,10.));
#5343=CARTESIAN_POINT('',(341.979085257467,141.791366358861,10.001));
#5344=CARTESIAN_POINT('',(332.418900193258,141.791366358861,10.001));
#5345=CARTESIAN_POINT('',(341.979085257467,141.791366358861,10.));
#5346=CARTESIAN_POINT('Origin',(320.858715129049,196.84856610726,10.001));
#5347=CARTESIAN_POINT('',(341.979085257467,252.791366358861,10.001));
#5348=CARTESIAN_POINT('',(304.918900193258,252.791366358861,10.001));
#5349=CARTESIAN_POINT('',(371.979085257467,222.791366358861,10.001));
#5350=CARTESIAN_POINT('Origin',(341.979085257467,222.791366358861,10.001));
#5351=CARTESIAN_POINT('',(371.979085257467,171.791366358861,10.001));
#5352=CARTESIAN_POINT('',(371.979085257467,210.819966233061,10.001));
#5353=CARTESIAN_POINT('Origin',(341.979085257467,171.791366358861,10.001));
#5354=CARTESIAN_POINT('Origin',(288.979085257467,252.791366358861,10.));
#5355=CARTESIAN_POINT('',(341.979085257467,252.791366358861,10.));
#5356=CARTESIAN_POINT('Origin',(341.979085257467,222.791366358861,10.));
#5357=CARTESIAN_POINT('',(371.979085257467,222.791366358861,10.));
#5358=CARTESIAN_POINT('Origin',(371.979085257467,224.791366358861,10.));
#5359=CARTESIAN_POINT('',(371.979085257467,171.791366358861,10.));
#5360=CARTESIAN_POINT('Origin',(341.979085257467,171.791366358861,10.));
#5361=CARTESIAN_POINT('Origin',(368.979085257467,82.2913663588612,-15.));
#5362=CARTESIAN_POINT('',(366.979085257467,29.7913663588612,-15.));
#5363=CARTESIAN_POINT('',(366.979085257467,84.7913663588612,-15.));
#5364=CARTESIAN_POINT('',(366.979085257467,83.5413663588612,-15.));
#5365=CARTESIAN_POINT('',(365.811900987465,21.7913663588612,-15.));
#5366=CARTESIAN_POINT('Origin',(338.979085257467,29.7913663588612,-15.));
#5367=CARTESIAN_POINT('',(367.892749847069,21.7913663588612,-15.));
#5368=CARTESIAN_POINT('',(368.979085257467,21.7913663588612,-15.));
#5369=CARTESIAN_POINT('',(368.979085257467,29.7913663588612,-15.));
#5370=CARTESIAN_POINT('Origin',(338.979085257467,29.7913663588612,-15.));
#5371=CARTESIAN_POINT('',(368.979085257467,84.7913663588612,-15.));
#5372=CARTESIAN_POINT('',(368.979085257467,83.5413663588612,-15.));
#5373=CARTESIAN_POINT('',(367.892749847069,92.7913663588612,-15.));
#5374=CARTESIAN_POINT('Origin',(338.979085257467,84.7913663588612,-15.));
#5375=CARTESIAN_POINT('',(365.811900987465,92.7913663588612,-15.));
#5376=CARTESIAN_POINT('',(367.979085257467,92.7913663588612,-15.));
#5377=CARTESIAN_POINT('Origin',(338.979085257467,84.7913663588612,-15.));
#5378=CARTESIAN_POINT('Origin',(368.979085257467,84.7913663588612,0.));
#5379=CARTESIAN_POINT('',(368.979085257467,29.7913663588612,-37.));
#5380=CARTESIAN_POINT('',(368.979085257467,29.7913663588612,0.));
#5381=CARTESIAN_POINT('',(368.979085257467,84.7913663588612,-37.));
#5382=CARTESIAN_POINT('',(368.979085257467,29.7913663588612,-37.));
#5383=CARTESIAN_POINT('',(368.979085257467,84.7913663588612,0.));
#5384=CARTESIAN_POINT('Origin',(338.979085257467,29.7913663588612,0.));
#5385=CARTESIAN_POINT('',(367.892749847069,21.7913663588612,-6.5));
#5386=CARTESIAN_POINT('',(367.892749847069,21.7913663588612,0.));
#5387=CARTESIAN_POINT('',(368.979085257467,29.7913663588612,-6.5));
#5388=CARTESIAN_POINT('Origin',(338.979085257467,29.7913663588612,-6.5));
#5389=CARTESIAN_POINT('',(368.979085257467,29.7913663588612,0.));
#5390=CARTESIAN_POINT('',(368.979085257467,29.7913663588612,0.));
#5391=CARTESIAN_POINT('',(338.979085257467,-0.208633641138771,0.));
#5392=CARTESIAN_POINT('Origin',(338.979085257467,29.7913663588612,0.));
#5393=CARTESIAN_POINT('',(338.979085257467,-0.208633641138771,-37.));
#5394=CARTESIAN_POINT('',(338.979085257467,-0.208633641138771,0.));
#5395=CARTESIAN_POINT('Origin',(338.979085257467,29.7913663588612,-37.));
#5396=CARTESIAN_POINT('Origin',(368.979085257467,21.7913663588612,-17.5));
#5397=CARTESIAN_POINT('',(365.811900987465,21.7913663588612,-6.5));
#5398=CARTESIAN_POINT('',(365.811900987465,21.7913663588612,0.));
#5399=CARTESIAN_POINT('',(366.979085257467,21.7913663588612,-6.5));
#5400=CARTESIAN_POINT('Origin',(338.979085257467,29.7913663588612,0.));
#5401=CARTESIAN_POINT('',(366.979085257467,29.7913663588612,-37.));
#5402=CARTESIAN_POINT('',(366.979085257467,29.7913663588612,-22.));
#5403=CARTESIAN_POINT('',(338.979085257467,1.79136635886122,-37.));
#5404=CARTESIAN_POINT('Origin',(338.979085257467,29.7913663588612,-37.));
#5405=CARTESIAN_POINT('',(338.979085257467,1.79136635886123,-2.));
#5406=CARTESIAN_POINT('',(338.979085257467,1.79136635886123,-22.));
#5407=CARTESIAN_POINT('',(366.979085257467,29.7913663588612,-2.));
#5408=CARTESIAN_POINT('Origin',(338.979085257467,29.7913663588612,-2.));
#5409=CARTESIAN_POINT('',(366.979085257467,29.7913663588612,-6.5));
#5410=CARTESIAN_POINT('',(366.979085257467,29.7913663588612,-22.));
#5411=CARTESIAN_POINT('Origin',(338.979085257467,29.7913663588612,-6.5));
#5412=CARTESIAN_POINT('Origin',(366.979085257467,84.7913663588612,0.));
#5413=CARTESIAN_POINT('',(366.979085257467,84.7913663588612,-37.));
#5414=CARTESIAN_POINT('',(366.979085257467,84.7913663588612,-22.));
#5415=CARTESIAN_POINT('',(366.979085257467,71.0413663588612,-37.));
#5416=CARTESIAN_POINT('Origin',(283.979085257467,84.7913663588612,0.));
#5417=CARTESIAN_POINT('',(283.979085257467,112.791366358861,-2.));
#5418=CARTESIAN_POINT('',(255.979085257467,84.7913663588612,-2.));
#5419=CARTESIAN_POINT('Origin',(283.979085257467,84.7913663588612,-2.));
#5420=CARTESIAN_POINT('',(255.979085257467,84.7913663588612,-37.));
#5421=CARTESIAN_POINT('',(255.979085257467,84.7913663588612,0.));
#5422=CARTESIAN_POINT('',(283.979085257467,112.791366358861,-37.));
#5423=CARTESIAN_POINT('Origin',(283.979085257467,84.7913663588612,-37.));
#5424=CARTESIAN_POINT('',(283.979085257467,112.791366358861,-22.));
#5425=CARTESIAN_POINT('Origin',(338.979085257467,84.7913663588612,0.));
#5426=CARTESIAN_POINT('',(365.811900987465,92.7913663588612,-6.5));
#5427=CARTESIAN_POINT('',(365.811900987465,92.7913663588612,0.));
#5428=CARTESIAN_POINT('',(366.979085257467,84.7913663588612,-6.5));
#5429=CARTESIAN_POINT('Origin',(338.979085257467,84.7913663588612,-6.5));
#5430=CARTESIAN_POINT('',(366.979085257467,84.7913663588612,-2.));
#5431=CARTESIAN_POINT('',(366.979085257467,84.7913663588612,-8.5));
#5432=CARTESIAN_POINT('',(338.979085257467,112.791366358861,-2.));
#5433=CARTESIAN_POINT('Origin',(338.979085257467,84.7913663588612,-2.));
#5434=CARTESIAN_POINT('',(338.979085257467,112.791366358861,-37.));
#5435=CARTESIAN_POINT('',(338.979085257467,112.791366358861,-22.));
#5436=CARTESIAN_POINT('Origin',(338.979085257467,84.7913663588612,-37.));
#5437=CARTESIAN_POINT('Origin',(338.979085257467,1.79136635886123,0.));
#5438=CARTESIAN_POINT('',(283.979085257467,1.79136635886123,-2.));
#5439=CARTESIAN_POINT('',(325.229085257467,1.79136635886123,-2.));
#5440=CARTESIAN_POINT('',(283.979085257467,1.79136635886122,-37.));
#5441=CARTESIAN_POINT('',(325.229085257467,1.79136635886123,-37.));
#5442=CARTESIAN_POINT('',(283.979085257467,1.79136635886123,-22.));
#5443=CARTESIAN_POINT('Origin',(283.979085257467,29.7913663588612,0.));
#5444=CARTESIAN_POINT('',(255.979085257467,29.7913663588612,-2.));
#5445=CARTESIAN_POINT('Origin',(283.979085257467,29.7913663588612,-2.));
#5446=CARTESIAN_POINT('',(255.979085257467,29.7913663588612,-37.));
#5447=CARTESIAN_POINT('Origin',(283.979085257467,29.7913663588612,-37.));
#5448=CARTESIAN_POINT('',(255.979085257467,29.7913663588612,-22.));
#5449=CARTESIAN_POINT('Origin',(255.979085257467,29.7913663588612,0.));
#5450=CARTESIAN_POINT('',(255.979085257467,43.5413663588612,-2.));
#5451=CARTESIAN_POINT('',(255.979085257467,43.5413663588612,-37.));
#5452=CARTESIAN_POINT('Origin',(311.500004641712,56.5000008419156,-15.));
#5453=CARTESIAN_POINT('',(321.000004768372,63.5000009387732,-15.));
#5454=CARTESIAN_POINT('',(321.000004768372,49.5000007450581,-15.));
#5455=CARTESIAN_POINT('',(321.000004768372,50.0000007450581,-15.));
#5456=CARTESIAN_POINT('',(302.000004515052,49.5000007450581,-15.));
#5457=CARTESIAN_POINT('',(320.000004768372,49.5000007450581,-15.));
#5458=CARTESIAN_POINT('',(302.000004515052,63.5000009387732,-15.));
#5459=CARTESIAN_POINT('',(302.000004515052,63.0000009387732,-15.));
#5460=CARTESIAN_POINT('',(303.000004515052,63.5000009387732,-15.));
#5461=CARTESIAN_POINT('Origin',(318.,52.0000002011644,-13.));
#5462=CARTESIAN_POINT('',(304.,61.4999999999988,-13.));
#5463=CARTESIAN_POINT('',(304.,51.5000002011644,-13.));
#5464=CARTESIAN_POINT('',(304.,52.0000002011644,-13.));
#5465=CARTESIAN_POINT('',(319.,51.5000002011644,-13.));
#5466=CARTESIAN_POINT('',(318.,51.5,-13.));
#5467=CARTESIAN_POINT('',(319.,61.4999999999988,-13.));
#5468=CARTESIAN_POINT('',(319.,60.9999999999988,-13.));
#5469=CARTESIAN_POINT('',(305.,61.4999999999988,-13.));
#5470=CARTESIAN_POINT('Origin',(305.,56.4999999999982,-8.));
#5471=CARTESIAN_POINT('',(321.000004768372,53.4999999999982,-8.));
#5472=CARTESIAN_POINT('Origin',(321.000004768372,56.4999999999982,-8.));
#5473=CARTESIAN_POINT('',(319.,53.4999999999982,-8.));
#5474=CARTESIAN_POINT('',(305.,53.4999999999982,-8.));
#5475=CARTESIAN_POINT('Origin',(319.,56.4999999999982,-8.));
#5476=CARTESIAN_POINT('Origin',(305.,56.4999999999982,-8.));
#5477=CARTESIAN_POINT('',(304.,53.4999999999982,-8.));
#5478=CARTESIAN_POINT('Origin',(304.,56.4999999999982,-8.));
#5479=CARTESIAN_POINT('',(302.000004515052,53.4999999999982,-8.));
#5480=CARTESIAN_POINT('',(305.,53.4999999999982,-8.));
#5481=CARTESIAN_POINT('Origin',(302.,56.4999999999982,-8.));
#5482=CARTESIAN_POINT('Origin',(321.000004768372,63.0000009387732,-2.));
#5483=CARTESIAN_POINT('',(321.000004768372,49.5000007450581,-2.));
#5484=CARTESIAN_POINT('',(321.000004768372,63.5000009387732,-2.));
#5485=CARTESIAN_POINT('',(321.000004768372,60.1456836488172,-2.));
#5486=CARTESIAN_POINT('',(321.000004768372,49.5000007450581,-2.));
#5487=CARTESIAN_POINT('',(321.000004768372,63.5000009387732,-2.));
#5488=CARTESIAN_POINT('Origin',(302.,52.,0.));
#5489=CARTESIAN_POINT('',(302.,61.,-2.));
#5490=CARTESIAN_POINT('',(302.,52.0000007748604,-2.));
#5491=CARTESIAN_POINT('',(302.,54.6456831794306,-2.));
#5492=CARTESIAN_POINT('',(302.000004515052,63.5000009387732,-2.));
#5493=CARTESIAN_POINT('',(302.000004515052,60.1456836488172,-2.));
#5494=CARTESIAN_POINT('',(302.000004515052,63.5000009387732,-2.));
#5495=CARTESIAN_POINT('',(302.000004515052,49.5000007450581,-2.));
#5496=CARTESIAN_POINT('',(302.000004515052,49.5000007450581,-15.));
#5497=CARTESIAN_POINT('',(302.000004515052,53.6456835519596,-2.));
#5498=CARTESIAN_POINT('Origin',(320.000004768372,49.5000007450581,-2.));
#5499=CARTESIAN_POINT('',(315.739545012919,49.5000007450581,-2.));
#5500=CARTESIAN_POINT('Origin',(303.000004515052,63.5000009387732,-2.));
#5501=CARTESIAN_POINT('',(307.23954488626,63.5000009387731,-2.));
#5502=CARTESIAN_POINT('Origin',(311.479085257467,57.2913663588612,-2.));
#5503=CARTESIAN_POINT('',(297.729085257467,112.791366358861,-2.));
#5504=CARTESIAN_POINT('',(366.979085257467,71.0413663588612,-2.));
#5505=CARTESIAN_POINT('',(271.9,20.,-2.));
#5506=CARTESIAN_POINT('Origin',(275.,20.,-2.));
#5507=CARTESIAN_POINT('',(346.9,95.,-2.));
#5508=CARTESIAN_POINT('Origin',(350.,95.,-2.));
#5509=CARTESIAN_POINT('',(346.9,20.,-2.));
#5510=CARTESIAN_POINT('Origin',(350.,20.,-2.));
#5511=CARTESIAN_POINT('',(271.9,95.,-2.));
#5512=CARTESIAN_POINT('Origin',(275.,95.,-2.));
#5513=CARTESIAN_POINT('',(316.000004641712,72.0000010058284,-2.));
#5514=CARTESIAN_POINT('Origin',(311.500004641712,72.0000010058284,-2.));
#5515=CARTESIAN_POINT('Origin',(312.464300378014,114.791366358861,-28.7500001490116));
#5516=CARTESIAN_POINT('',(312.464300378014,114.791366358861,-30.8500001788139));
#5517=CARTESIAN_POINT('',(312.464300378014,114.791366358861,-26.6500001192093));
#5518=CARTESIAN_POINT('Origin',(312.464300378014,114.791366358861,-28.7500001490116));
#5519=CARTESIAN_POINT('',(312.464300378014,112.791366358861,-30.8500001788139));
#5520=CARTESIAN_POINT('',(312.464300378014,114.791366358861,-30.8500001788139));
#5521=CARTESIAN_POINT('',(312.464300378014,112.791366358861,-26.6500001192093));
#5522=CARTESIAN_POINT('Origin',(312.464300378014,112.791366358861,-28.7500001490116));
#5523=CARTESIAN_POINT('',(312.464300378014,114.791366358861,-26.6500001192093));
#5524=CARTESIAN_POINT('Origin',(312.464300378014,114.791366358861,-26.6500001192093));
#5525=CARTESIAN_POINT('',(307.464300303509,114.791366358861,-26.6500001192093));
#5526=CARTESIAN_POINT('',(298.221692817741,114.791366358861,-26.6500001192093));
#5527=CARTESIAN_POINT('',(307.464300303509,112.791366358861,-26.6500001192093));
#5528=CARTESIAN_POINT('',(298.221692817741,112.791366358861,-26.6500001192093));
#5529=CARTESIAN_POINT('',(307.464300303509,114.791366358861,-26.6500001192093));
#5530=CARTESIAN_POINT('Origin',(307.464300303509,114.791366358861,-28.7500001490116));
#5531=CARTESIAN_POINT('',(307.464300303509,114.791366358861,-30.8500001788139));
#5532=CARTESIAN_POINT('Origin',(307.464300303509,114.791366358861,-28.7500001490116));
#5533=CARTESIAN_POINT('',(307.464300303509,112.791366358861,-30.8500001788139));
#5534=CARTESIAN_POINT('Origin',(307.464300303509,112.791366358861,-28.7500001490116));
#5535=CARTESIAN_POINT('',(307.464300303509,114.791366358861,-30.8500001788139));
#5536=CARTESIAN_POINT('Origin',(307.464300303509,114.791366358861,-30.8500001788139));
#5537=CARTESIAN_POINT('',(295.721692780488,114.791366358861,-30.8500001788139));
#5538=CARTESIAN_POINT('',(295.721692780488,112.791366358861,-30.8500001788139));
#5539=CARTESIAN_POINT('Origin',(366.979085257467,84.7913663588612,0.));
#5540=CARTESIAN_POINT('',(366.979085257467,58.5413663588612,-6.5));
#5541=CARTESIAN_POINT('Origin',(311.479085257467,57.2913663588612,-37.));
#5542=CARTESIAN_POINT('',(253.979085257467,84.7913663588612,-37.));
#5543=CARTESIAN_POINT('',(283.979085257467,114.791366358861,-37.));
#5544=CARTESIAN_POINT('Origin',(283.979085257467,84.7913663588612,-37.));
#5545=CARTESIAN_POINT('',(338.979085257467,114.791366358861,-37.));
#5546=CARTESIAN_POINT('',(338.979085257467,114.791366358861,-37.));
#5547=CARTESIAN_POINT('Origin',(338.979085257467,84.7913663588612,-37.));
#5548=CARTESIAN_POINT('',(283.979085257467,-0.208633641138771,-37.));
#5549=CARTESIAN_POINT('',(283.979085257467,-0.208633641138771,-37.));
#5550=CARTESIAN_POINT('',(253.979085257467,29.7913663588612,-37.));
#5551=CARTESIAN_POINT('Origin',(283.979085257467,29.7913663588612,-37.));
#5552=CARTESIAN_POINT('',(253.979085257467,84.7913663588612,-37.));
#5553=CARTESIAN_POINT('',(297.729085257467,112.791366358861,-37.));
#5554=CARTESIAN_POINT('Origin',(366.979085257467,92.7913663588612,-17.5));
#5555=CARTESIAN_POINT('',(367.892749847069,92.7913663588612,-6.5));
#5556=CARTESIAN_POINT('',(367.892749847069,92.7913663588612,0.));
#5557=CARTESIAN_POINT('',(367.979085257467,92.7913663588612,-6.5));
#5558=CARTESIAN_POINT('Origin',(368.979085257467,32.2913663588612,-6.5));
#5559=CARTESIAN_POINT('',(368.979085257467,84.7913663588612,-6.5));
#5560=CARTESIAN_POINT('',(368.979085257467,58.5413663588612,-6.5));
#5561=CARTESIAN_POINT('Origin',(338.979085257467,84.7913663588612,-6.5));
#5562=CARTESIAN_POINT('Origin',(309.500004611909,108.791366358861,-23.5000003501773));
#5563=CARTESIAN_POINT('',(321.000004783273,108.791366358861,-23.0000003427267));
#5564=CARTESIAN_POINT('',(298.000004440546,108.791366358861,-23.0000003427267));
#5565=CARTESIAN_POINT('',(298.000004440546,108.791366358861,-23.0000003427267));
#5566=CARTESIAN_POINT('',(298.000004440546,108.791366358861,-24.7500003576279));
#5567=CARTESIAN_POINT('',(298.000004440546,108.791366358861,-24.0000003576279));
#5568=CARTESIAN_POINT('',(321.000004783273,108.791366358861,-24.7500003576279));
#5569=CARTESIAN_POINT('',(321.000004783273,108.791366358861,-24.7500003576279));
#5570=CARTESIAN_POINT('',(321.000004783273,108.791366358861,-24.0000003576279));
#5571=CARTESIAN_POINT('Origin',(321.000004783273,112.791366358861,-23.0000003427267));
#5572=CARTESIAN_POINT('',(298.000004440546,112.791366358861,-23.0000003427267));
#5573=CARTESIAN_POINT('',(321.000004783273,112.791366358861,-23.0000003427267));
#5574=CARTESIAN_POINT('',(302.48954502037,112.791366358861,-23.0000003427267));
#5575=CARTESIAN_POINT('',(298.000004440546,112.791366358861,-23.0000003427267));
#5576=CARTESIAN_POINT('',(321.000004783273,112.791366358861,-23.0000003427267));
#5577=CARTESIAN_POINT('Origin',(298.000004440546,112.791366358861,-23.0000003427267));
#5578=CARTESIAN_POINT('',(298.000004440546,112.791366358861,-24.7500003576279));
#5579=CARTESIAN_POINT('',(298.000004440546,112.791366358861,-12.0000001788139));
#5580=CARTESIAN_POINT('',(298.000004440546,112.791366358861,-24.7500003576279));
#5581=CARTESIAN_POINT('Origin',(321.000004783273,112.791366358861,-24.0000003576279));
#5582=CARTESIAN_POINT('',(321.000004783273,112.791366358861,-24.7500003576279));
#5583=CARTESIAN_POINT('',(321.000004783273,112.791366358861,-12.0000001788139));
#5584=CARTESIAN_POINT('',(321.000004783273,112.791366358861,-24.7500003576279));
#5585=CARTESIAN_POINT('Origin',(298.000004440546,112.791366358861,-24.7500003576279));
#5586=CARTESIAN_POINT('',(290.989544849007,112.791366358861,-24.7500003576279));
#5587=CARTESIAN_POINT('Origin',(275.,95.,-39.));
#5588=CARTESIAN_POINT('',(271.9,95.,-39.));
#5589=CARTESIAN_POINT('Origin',(275.,95.,-39.));
#5590=CARTESIAN_POINT('Origin',(275.,95.,-2.));
#5591=CARTESIAN_POINT('',(271.9,95.,-2.));
#5592=CARTESIAN_POINT('Origin',(350.,20.,-39.));
#5593=CARTESIAN_POINT('',(346.9,20.,-39.));
#5594=CARTESIAN_POINT('Origin',(350.,20.,-39.));
#5595=CARTESIAN_POINT('Origin',(350.,20.,-2.));
#5596=CARTESIAN_POINT('',(346.9,20.,-2.));
#5597=CARTESIAN_POINT('Origin',(350.,95.,-39.));
#5598=CARTESIAN_POINT('',(346.9,95.,-39.));
#5599=CARTESIAN_POINT('Origin',(350.,95.,-39.));
#5600=CARTESIAN_POINT('Origin',(350.,95.,-2.));
#5601=CARTESIAN_POINT('',(346.9,95.,-2.));
#5602=CARTESIAN_POINT('Origin',(275.,20.,-39.));
#5603=CARTESIAN_POINT('',(271.9,20.,-39.));
#5604=CARTESIAN_POINT('Origin',(275.,20.,-39.));
#5605=CARTESIAN_POINT('Origin',(275.,20.,-2.));
#5606=CARTESIAN_POINT('',(271.9,20.,-2.));
#5607=CARTESIAN_POINT('Origin',(301.491235763425,114.791366358861,-17.5000001192093));
#5608=CARTESIAN_POINT('',(316.091235763425,112.791366358861,-17.5000001192093));
#5609=CARTESIAN_POINT('',(303.891235763425,112.791366358861,-17.5000001192093));
#5610=CARTESIAN_POINT('',(293.985160510446,112.791366358861,-17.5000001192093));
#5611=CARTESIAN_POINT('',(316.091235763425,114.791366358861,-17.5000001192093));
#5612=CARTESIAN_POINT('',(316.091235763425,114.791366358861,-17.5000001192093));
#5613=CARTESIAN_POINT('',(303.891235763425,114.791366358861,-17.5000001192093));
#5614=CARTESIAN_POINT('',(299.985160510446,114.791366358861,-17.5000001192093));
#5615=CARTESIAN_POINT('',(303.891235763425,114.791366358861,-17.5000001192093));
#5616=CARTESIAN_POINT('Origin',(309.991235763425,113.791366358861,-9.3));
#5617=CARTESIAN_POINT('',(316.091235763425,114.791366358861,-9.3));
#5618=CARTESIAN_POINT('',(303.891235763425,114.791366358861,-9.3));
#5619=CARTESIAN_POINT('',(299.985160510446,114.791366358861,-9.3));
#5620=CARTESIAN_POINT('',(316.091235763425,112.791366358861,-9.3));
#5621=CARTESIAN_POINT('',(316.091235763425,114.291366358861,-9.3));
#5622=CARTESIAN_POINT('',(303.891235763425,112.791366358861,-9.3));
#5623=CARTESIAN_POINT('',(299.985160510446,112.791366358861,-9.3));
#5624=CARTESIAN_POINT('',(303.891235763425,114.291366358861,-9.3));
#5625=CARTESIAN_POINT('Origin',(303.891235763425,114.791366358861,-2.00000011920929));
#5626=CARTESIAN_POINT('',(303.891235763425,112.791366358861,-1.00000005960464));
#5627=CARTESIAN_POINT('',(303.891235763425,114.791366358861,-1.00000005960464));
#5628=CARTESIAN_POINT('Origin',(283.979085257467,112.791366358861,0.));
#5629=CARTESIAN_POINT('',(316.091235763425,112.791366358861,-7.00000005960464));
#5630=CARTESIAN_POINT('Origin',(316.091235763425,114.791366358861,-14.0000001192093));
#5631=CARTESIAN_POINT('',(316.091235763425,114.791366358861,-7.00000005960464));
#5632=CARTESIAN_POINT('Origin',(311.500004641712,72.0000010058284,0.));
#5633=CARTESIAN_POINT('',(316.000004641712,72.0000010058284,0.));
#5634=CARTESIAN_POINT('Origin',(311.500004641712,72.0000010058284,0.));
#5635=CARTESIAN_POINT('',(316.000004641712,72.0000010058284,0.));
#5636=CARTESIAN_POINT('Origin',(253.979085257467,29.7913663588612,0.));
#5637=CARTESIAN_POINT('',(253.979085257467,29.7913663588612,0.));
#5638=CARTESIAN_POINT('',(253.979085257467,84.7913663588612,0.));
#5639=CARTESIAN_POINT('',(253.979085257467,43.3199662330608,0.));
#5640=CARTESIAN_POINT('',(253.979085257467,84.7913663588612,0.));
#5641=CARTESIAN_POINT('',(253.979085257467,29.7913663588612,0.));
#5642=CARTESIAN_POINT('Origin',(283.979085257467,29.7913663588612,0.));
#5643=CARTESIAN_POINT('',(283.979085257467,-0.208633641138771,0.));
#5644=CARTESIAN_POINT('Origin',(283.979085257467,29.7913663588612,0.));
#5645=CARTESIAN_POINT('',(283.979085257467,-0.208633641138771,0.));
#5646=CARTESIAN_POINT('Origin',(283.979085257467,84.7913663588612,0.));
#5647=CARTESIAN_POINT('',(283.979085257467,114.791366358861,0.));
#5648=CARTESIAN_POINT('Origin',(283.979085257467,84.7913663588612,0.));
#5649=CARTESIAN_POINT('',(283.979085257467,114.791366358861,0.));
#5650=CARTESIAN_POINT('Origin',(338.979085257467,-0.208633641138771,0.));
#5651=CARTESIAN_POINT('',(327.418900193258,-0.208633641138771,0.));
#5652=CARTESIAN_POINT('Origin',(283.979085257467,114.791366358861,0.));
#5653=CARTESIAN_POINT('',(338.979085257467,114.791366358861,0.));
#5654=CARTESIAN_POINT('',(299.918900193258,114.791366358861,0.));
#5655=CARTESIAN_POINT('',(338.979085257467,114.791366358861,0.));
#5656=CARTESIAN_POINT('Origin',(368.979085257467,84.7913663588612,0.));
#5657=CARTESIAN_POINT('',(368.979085257467,84.7913663588612,0.));
#5658=CARTESIAN_POINT('',(368.979085257467,70.8199662330607,0.));
#5659=CARTESIAN_POINT('',(368.979085257467,84.7913663588612,0.));
#5660=CARTESIAN_POINT('Origin',(338.979085257467,84.7913663588612,0.));
#5661=CARTESIAN_POINT('Origin',(338.979085257467,84.7913663588612,0.));
#5662=CARTESIAN_POINT('Origin',(318.,51.5000002011644,0.));
#5663=CARTESIAN_POINT('',(304.,51.5000007748604,0.));
#5664=CARTESIAN_POINT('',(319.,51.5,0.));
#5665=CARTESIAN_POINT('',(316.929357564524,51.5000002011644,0.));
#5666=CARTESIAN_POINT('',(319.,51.5,0.));
#5667=CARTESIAN_POINT('',(304.,51.5000007748604,-2.));
#5668=CARTESIAN_POINT('Origin',(304.,52.,0.));
#5669=CARTESIAN_POINT('',(304.,61.5,0.));
#5670=CARTESIAN_POINT('',(304.,54.4242830536301,0.));
#5671=CARTESIAN_POINT('',(304.,61.5,0.));
#5672=CARTESIAN_POINT('Origin',(305.,61.4999999999988,0.));
#5673=CARTESIAN_POINT('',(319.,61.5,0.));
#5674=CARTESIAN_POINT('',(310.429357564524,61.4999999999988,0.));
#5675=CARTESIAN_POINT('',(319.,61.5,-2.));
#5676=CARTESIAN_POINT('Origin',(319.,61.,0.));
#5677=CARTESIAN_POINT('',(319.,58.9242830536301,0.));
#5678=CARTESIAN_POINT('Origin',(315.858715129049,56.8485661072603,0.));
#5679=CARTESIAN_POINT('Origin',(185.70000037998,197.999999970198,-14.0000000596046));
#5680=CARTESIAN_POINT('',(185.70000037998,197.999999970198,-14.0000000596046));
#5681=CARTESIAN_POINT('',(185.70000037998,197.999999970198,-10.));
#5682=CARTESIAN_POINT('',(185.70000037998,197.999999970198,-13.0000000447035));
#5683=CARTESIAN_POINT('',(185.70000037998,187.999999970198,-14.0000000596046));
#5684=CARTESIAN_POINT('',(185.70000037998,197.999999970198,-14.0000000596046));
#5685=CARTESIAN_POINT('',(185.70000037998,187.999999970198,-10.));
#5686=CARTESIAN_POINT('',(185.70000037998,187.999999970198,-14.0000000596046));
#5687=CARTESIAN_POINT('',(185.70000037998,197.999999970198,-10.));
#5688=CARTESIAN_POINT('Origin',(184.300000365078,197.999999970198,-10.));
#5689=CARTESIAN_POINT('',(184.300000365078,197.999999970198,-10.));
#5690=CARTESIAN_POINT('',(184.300000365078,197.999999970198,-14.0000000596046));
#5691=CARTESIAN_POINT('',(184.300000365078,197.999999970198,-11.0000000149012));
#5692=CARTESIAN_POINT('',(184.300000365078,187.999999970198,-10.));
#5693=CARTESIAN_POINT('',(184.300000365078,197.999999970198,-10.));
#5694=CARTESIAN_POINT('',(184.300000365078,187.999999970198,-14.0000000596046));
#5695=CARTESIAN_POINT('',(184.300000365078,187.999999970198,-10.));
#5696=CARTESIAN_POINT('',(184.300000365078,197.999999970198,-14.0000000596046));
#5697=CARTESIAN_POINT('Origin',(184.500000365078,197.999999970198,-14.0000000596046));
#5698=CARTESIAN_POINT('',(185.25000018999,197.999999970198,-14.0000000596046));
#5699=CARTESIAN_POINT('',(185.50000037998,187.999999970198,-14.0000000596046));
#5700=CARTESIAN_POINT('Origin',(185.50000037998,197.999999970198,-10.));
#5701=CARTESIAN_POINT('',(185.25000018999,197.999999970198,-10.));
#5702=CARTESIAN_POINT('',(184.500000365078,187.999999970198,-10.));
#5703=CARTESIAN_POINT('Origin',(185.000000372529,187.999999970198,-12.0000000298023));
#5704=CARTESIAN_POINT('Origin',(195.,176.999999970198,-12.0000000298023));
#5705=CARTESIAN_POINT('',(179.,180.999999970198,-12.0000000298023));
#5706=CARTESIAN_POINT('',(179.,176.999999970198,-16.0000000298023));
#5707=CARTESIAN_POINT('Origin',(179.,176.999999970198,-12.0000000298023));
#5708=CARTESIAN_POINT('',(181.,180.999999970198,-12.0000000298023));
#5709=CARTESIAN_POINT('',(195.,180.999999970198,-12.0000000298023));
#5710=CARTESIAN_POINT('',(184.,177.999999970198,-15.8729833760097));
#5711=CARTESIAN_POINT('Origin',(185.,176.999999970198,-12.0000000298023));
#5712=CARTESIAN_POINT('',(186.,177.999999970198,-15.8729833760097));
#5713=CARTESIAN_POINT('',(195.,177.999999970198,-15.8729833760097));
#5714=CARTESIAN_POINT('',(189.,180.999999970198,-12.0000000298023));
#5715=CARTESIAN_POINT('Origin',(185.,176.999999970198,-12.0000000298023));
#5716=CARTESIAN_POINT('',(191.,180.999999970198,-12.0000000298023));
#5717=CARTESIAN_POINT('',(195.,180.999999970198,-12.0000000298023));
#5718=CARTESIAN_POINT('',(191.,176.999999970198,-16.0000000298023));
#5719=CARTESIAN_POINT('Origin',(191.,176.999999970198,-12.0000000298023));
#5720=CARTESIAN_POINT('Origin',(191.,176.999999970198,-12.0000000298023));
#5721=CARTESIAN_POINT('',(186.,177.999999970198,-8.12701668359491));
#5722=CARTESIAN_POINT('Origin',(185.,176.999999970198,-12.0000000298023));
#5723=CARTESIAN_POINT('',(184.,177.999999970198,-8.12701668359491));
#5724=CARTESIAN_POINT('',(195.,177.999999970198,-8.12701668359491));
#5725=CARTESIAN_POINT('Origin',(185.,176.999999970198,-12.0000000298023));
#5726=CARTESIAN_POINT('Origin',(179.,176.999999970198,-12.0000000298023));
#5727=CARTESIAN_POINT('Origin',(191.,176.999999970198,-12.0000000298023));
#5728=CARTESIAN_POINT('',(195.,176.999999970198,-12.0000000298023));
#5729=CARTESIAN_POINT('Origin',(191.,176.999999970198,-12.0000000298023));
#5730=CARTESIAN_POINT('Origin',(179.,176.999999970198,-12.0000000298023));
#5731=CARTESIAN_POINT('',(175.,176.999999970198,-12.0000000298023));
#5732=CARTESIAN_POINT('Origin',(179.,176.999999970198,-12.0000000298023));
#5733=CARTESIAN_POINT('Origin',(185.,177.999999970198,-12.0000000298023));
#5734=CARTESIAN_POINT('Origin',(185.,177.999999970198,-12.0000000298023));
#5735=CARTESIAN_POINT('Origin',(185.,197.999999970198,-12.0000000298023));
#5736=CARTESIAN_POINT('',(181.,197.999999970198,-12.0000000298023));
#5737=CARTESIAN_POINT('',(181.,197.999999970198,-12.0000000298023));
#5738=CARTESIAN_POINT('Origin',(185.,197.999999970198,-12.0000000298023));
#5739=CARTESIAN_POINT('Origin',(185.,177.999999970198,-12.0000000298023));
#5740=CARTESIAN_POINT('Origin',(185.,197.999999970198,-12.0000000298023));
#5741=CARTESIAN_POINT('Origin',(185.,177.999999970198,-12.0000000298023));
#5742=UNCERTAINTY_MEASURE_WITH_UNIT(LENGTH_MEASURE(0.01),#5746,
'DISTANCE_ACCURACY_VALUE',
'Maximum model space distance between geometric entities at asserted c
onnectivities');
#5743=UNCERTAINTY_MEASURE_WITH_UNIT(LENGTH_MEASURE(0.01),#5746,
'DISTANCE_ACCURACY_VALUE',
'Maximum model space distance between geometric entities at asserted c
onnectivities');
#5744=(
GEOMETRIC_REPRESENTATION_CONTEXT(3)
GLOBAL_UNCERTAINTY_ASSIGNED_CONTEXT((#5742))
GLOBAL_UNIT_ASSIGNED_CONTEXT((#5746,#5748,#5749))
REPRESENTATION_CONTEXT('','3D')
);
#5745=(
GEOMETRIC_REPRESENTATION_CONTEXT(3)
GLOBAL_UNCERTAINTY_ASSIGNED_CONTEXT((#5743))
GLOBAL_UNIT_ASSIGNED_CONTEXT((#5746,#5748,#5749))
REPRESENTATION_CONTEXT('','3D')
);
#5746=(
LENGTH_UNIT()
NAMED_UNIT(*)
SI_UNIT(.MILLI.,.METRE.)
);
#5747=(
LENGTH_UNIT()
NAMED_UNIT(*)
SI_UNIT($,.METRE.)
);
#5748=(
NAMED_UNIT(*)
PLANE_ANGLE_UNIT()
SI_UNIT($,.RADIAN.)
);
#5749=(
NAMED_UNIT(*)
SI_UNIT($,.STERADIAN.)
SOLID_ANGLE_UNIT()
);
#5750=SHAPE_DEFINITION_REPRESENTATION(#5751,#5752);
#5751=PRODUCT_DEFINITION_SHAPE('',$,#5754);
#5752=SHAPE_REPRESENTATION('',(#2486),#5744);
#5753=PRODUCT_DEFINITION_CONTEXT('part definition',#5758,'design');
#5754=PRODUCT_DEFINITION('projejjt avion complet',
'projejjt avion complet v13',#5755,#5753);
#5755=PRODUCT_DEFINITION_FORMATION('',$,#5760);
#5756=PRODUCT_RELATED_PRODUCT_CATEGORY('projejjt avion complet v13',
'projejjt avion complet v13',(#5760));
#5757=APPLICATION_PROTOCOL_DEFINITION('international standard',
'automotive_design',2009,#5758);
#5758=APPLICATION_CONTEXT(
'Core Data for Automotive Mechanical Design Process');
#5759=PRODUCT_CONTEXT('part definition',#5758,'mechanical');
#5760=PRODUCT('projejjt avion complet','projejjt avion complet v13',$,(#5759));
#5761=PRESENTATION_STYLE_ASSIGNMENT((#5762));
#5762=SURFACE_STYLE_USAGE(.BOTH.,#5763);
#5763=SURFACE_SIDE_STYLE('',(#5764));
#5764=SURFACE_STYLE_FILL_AREA(#5765);
#5765=FILL_AREA_STYLE('Acier - Satin\X\E9',(#5766));
#5766=FILL_AREA_STYLE_COLOUR('Acier - Satin\X\E9',#5767);
#5767=COLOUR_RGB('Acier - Satin\X\E9',0.627450980392157,0.627450980392157,
0.627450980392157);
ENDSEC;
END-ISO-10303-21;
